<DATE>	<TIME>	<OPEN>	<HIGH>	<LOW>	<CLOSE>	<TICKVOL>	<VOL>	<SPREAD>
2025-10-01	01:00:00	3858.58	3861.25	3856.77	3859.74	835	0	14
2025-10-01	01:15:00	3859.72	3860.62	3854.67	3854.69	737	0	9
2025-10-01	01:30:00	3854.7	3859.29	3854.7	3859.19	751	0	15
2025-10-01	01:45:00	3859.24	3861.06	3858.83	3860.07	671	0	14
2025-10-01	02:00:00	3860.31	3862.21	3860.26	3861.82	778	0	15
2025-10-01	02:15:00	3861.8	3862.26	3860.49	3861.63	592	0	15
2025-10-01	02:30:00	3861.61	3861.92	3860.15	3861.61	609	0	15
2025-10-01	02:45:00	3861.6	3863.01	3861.13	3862.76	716	0	15
2025-10-01	03:00:00	3862.87	3865.21	3862.4	3865.15	960	0	11
2025-10-01	03:15:00	3865.13	3865.33	3861.33	3861.33	857	0	5
2025-10-01	03:30:00	3861.13	3864.87	3858.62	3863.62	991	0	10
2025-10-01	03:45:00	3863.64	3864.13	3860.62	3860.94	901	0	14
2025-10-01	04:00:00	3860.38	3863.11	3858.97	3862.33	975	0	12
2025-10-01	04:15:00	3862.4	3865.19	3861.51	3864.94	1049	0	10
2025-10-01	04:30:00	3865.01	3866.23	3863.83	3865.99	908	0	14
2025-10-01	04:45:00	3866.0	3868.95	3865.62	3868.88	975	0	12
2025-10-01	05:00:00	3869.0	3875.58	3867.33	3867.59	1225	0	6
2025-10-01	05:15:00	3867.85	3870.62	3864.75	3866.23	1102	0	14
2025-10-01	05:30:00	3866.17	3867.37	3864.42	3865.82	989	0	14
2025-10-01	05:45:00	3865.81	3866.94	3857.92	3863.34	1007	0	12
2025-10-01	06:00:00	3863.24	3866.34	3859.15	3862.07	1088	0	5
2025-10-01	06:15:00	3862.1	3864.0	3861.41	3863.55	850	0	9
2025-10-01	06:30:00	3863.6	3864.26	3855.55	3863.93	1119	0	5
2025-10-01	06:45:00	3863.89	3864.8	3860.71	3861.97	910	0	5
2025-10-01	07:00:00	3861.99	3864.59	3858.42	3860.84	911	0	6
2025-10-01	07:15:00	3860.76	3862.64	3860.08	3860.99	849	0	14
2025-10-01	07:30:00	3861.0	3861.42	3857.46	3858.85	898	0	11
2025-10-01	07:45:00	3858.83	3865.04	3858.83	3864.87	894	0	12
2025-10-01	08:00:00	3864.93	3869.9	3863.34	3864.28	1112	0	10
2025-10-01	08:15:00	3864.26	3868.48	3864.26	3865.81	898	0	10
2025-10-01	08:30:00	3865.79	3866.56	3862.7	3862.78	835	0	13
2025-10-01	08:45:00	3862.8	3864.23	3862.1	3863.45	876	0	5
2025-10-01	09:00:00	3863.3	3864.39	3858.59	3858.66	1030	0	9
2025-10-01	09:15:00	3858.58	3861.84	3853.35	3861.84	1127	0	5
2025-10-01	09:30:00	3862.04	3864.84	3859.3	3863.83	1029	0	5
2025-10-01	09:45:00	3863.9	3864.77	3857.96	3859.21	1060	0	7
2025-10-01	10:00:00	3859.19	3867.16	3859.03	3866.69	1116	0	12
2025-10-01	10:15:00	3866.63	3871.54	3866.16	3870.9	1136	0	7
2025-10-01	10:30:00	3870.89	3874.13	3868.19	3868.96	1169	0	10
2025-10-01	10:45:00	3869.1	3879.88	3869.09	3879.2	1165	0	11
2025-10-01	11:00:00	3879.23	3889.06	3879.09	3888.23	1244	0	9
2025-10-01	11:15:00	3888.06	3895.34	3887.92	3891.82	1226	0	5
2025-10-01	11:30:00	3891.81	3893.78	3887.98	3891.82	1163	0	7
2025-10-01	11:45:00	3891.88	3893.72	3890.48	3893.0	925	0	11
2025-10-01	12:00:00	3893.03	3895.23	3891.89	3893.88	978	0	11
2025-10-01	12:15:00	3893.7	3893.92	3884.34	3886.14	1127	0	10
2025-10-01	12:30:00	3886.33	3891.08	3883.65	3888.83	1156	0	5
2025-10-01	12:45:00	3888.7	3891.64	3885.41	3889.03	1032	0	11
2025-10-01	13:00:00	3889.08	3889.56	3885.62	3888.9	975	0	6
2025-10-01	13:15:00	3888.89	3889.54	3886.32	3886.47	988	0	8
2025-10-01	13:30:00	3886.3	3887.82	3885.23	3887.39	904	0	12
2025-10-01	13:45:00	3887.33	3889.55	3886.18	3887.51	873	0	13
2025-10-01	14:00:00	3887.44	3888.45	3881.27	3883.17	917	0	15
2025-10-01	14:15:00	3883.11	3885.38	3881.92	3881.97	934	0	12
2025-10-01	14:30:00	3881.96	3882.62	3878.14	3881.91	1027	0	15
2025-10-01	14:45:00	3881.83	3884.39	3881.18	3883.59	984	0	11
2025-10-01	15:00:00	3884.07	3885.44	3881.4	3884.35	1087	0	13
2025-10-01	15:15:00	3884.13	3891.19	3875.4	3877.72	1379	0	8
2025-10-01	15:30:00	3878.02	3880.69	3871.77	3875.44	1317	0	5
2025-10-01	15:45:00	3875.04	3877.24	3864.65	3870.41	1281	0	5
2025-10-01	16:00:00	3870.2	3874.29	3865.31	3865.64	1270	0	10
2025-10-01	16:15:00	3865.47	3870.21	3863.8	3869.9	1223	0	5
2025-10-01	16:30:00	3869.98	3877.19	3868.98	3872.47	1328	0	5
2025-10-01	16:45:00	3872.56	3874.6	3867.69	3872.8	1235	0	8
2025-10-01	17:00:00	3872.71	3875.99	3867.72	3870.27	1289	0	11
2025-10-01	17:15:00	3869.71	3875.79	3869.14	3875.26	1241	0	14
2025-10-01	17:30:00	3875.42	3878.68	3874.61	3877.09	1229	0	11
2025-10-01	17:45:00	3876.95	3878.17	3856.21	3872.98	1406	0	7
2025-10-01	18:00:00	3872.81	3876.84	3866.56	3869.41	1343	0	5
2025-10-01	18:15:00	3869.14	3869.77	3859.57	3859.71	1316	0	6
2025-10-01	18:30:00	3859.42	3866.21	3858.03	3864.63	1243	0	6
2025-10-01	18:45:00	3864.93	3869.62	3863.37	3868.55	1168	0	5
2025-10-01	19:00:00	3868.36	3869.37	3860.84	3867.21	1170	0	10
2025-10-01	19:15:00	3867.17	3870.71	3866.72	3870.4	1093	0	13
2025-10-01	19:30:00	3870.41	3871.5	3869.48	3870.66	1030	0	12
2025-10-01	19:45:00	3870.64	3871.62	3869.51	3870.88	984	0	12
2025-10-01	20:00:00	3870.91	3871.4	3868.6	3869.88	900	0	10
2025-10-01	20:15:00	3869.92	3871.87	3868.92	3870.79	954	0	10
2025-10-01	20:30:00	3871.06	3871.38	3863.94	3864.19	1016	0	6
2025-10-01	20:45:00	3864.2	3865.01	3860.73	3860.82	1119	0	5
2025-10-01	21:00:00	3860.48	3860.92	3854.85	3859.79	1187	0	5
2025-10-01	21:15:00	3859.9	3864.92	3859.52	3862.98	1070	0	5
2025-10-01	21:30:00	3862.98	3866.28	3858.08	3859.46	1068	0	8
2025-10-01	21:45:00	3859.47	3863.88	3859.26	3862.14	1056	0	5
2025-10-01	22:00:00	3862.35	3865.95	3861.39	3865.8	999	0	11
2025-10-01	22:15:00	3865.82	3866.6	3863.59	3864.71	978	0	5
2025-10-01	22:30:00	3864.72	3869.17	3864.1	3869.16	978	0	6
2025-10-01	22:45:00	3869.18	3870.86	3866.27	3867.77	1095	0	7
2025-10-01	23:00:00	3867.81	3867.82	3860.35	3862.26	881	0	10
2025-10-01	23:15:00	3862.35	3863.8	3860.88	3863.44	710	0	7
2025-10-01	23:30:00	3863.46	3865.14	3862.9	3863.59	646	0	13
2025-10-01	23:45:00	3863.76	3865.75	3863.21	3865.49	677	0	11
2025-10-02	01:00:00	3867.81	3870.33	3860.95	3863.03	877	0	14
2025-10-02	01:15:00	3863.08	3863.56	3858.75	3860.09	615	0	10
2025-10-02	01:30:00	3860.67	3862.83	3859.26	3862.74	671	0	14
2025-10-02	01:45:00	3862.72	3864.1	3861.7	3862.15	495	0	14
2025-10-02	02:00:00	3862.16	3864.46	3861.58	3862.47	698	0	14
2025-10-02	02:15:00	3862.43	3866.61	3861.82	3865.68	651	0	15
2025-10-02	02:30:00	3865.69	3866.05	3857.48	3860.91	907	0	5
2025-10-02	02:45:00	3860.7	3865.21	3860.7	3863.45	876	0	5
2025-10-02	03:00:00	3862.95	3863.76	3857.61	3858.43	1093	0	7
2025-10-02	03:15:00	3858.39	3860.78	3856.37	3857.94	1010	0	14
2025-10-02	03:30:00	3858.04	3859.86	3857.08	3858.3	832	0	15
2025-10-02	03:45:00	3858.3	3861.24	3855.81	3856.04	968	0	6
2025-10-02	04:00:00	3856.0	3860.28	3852.86	3859.72	1153	0	8
2025-10-02	04:15:00	3859.68	3864.89	3858.09	3863.81	999	0	13
2025-10-02	04:30:00	3863.84	3865.08	3862.98	3863.2	973	0	13
2025-10-02	04:45:00	3863.21	3865.07	3862.54	3865.01	802	0	7
2025-10-02	05:00:00	3865.04	3869.96	3861.68	3869.86	977	0	14
2025-10-02	05:15:00	3869.63	3869.97	3862.4	3864.04	911	0	14
2025-10-02	05:30:00	3863.87	3865.35	3863.16	3864.99	803	0	9
2025-10-02	05:45:00	3864.92	3867.49	3864.27	3866.23	720	0	5
2025-10-02	06:00:00	3866.12	3869.04	3865.11	3868.98	792	0	12
2025-10-02	06:15:00	3869.06	3869.4	3866.92	3867.2	753	0	15
2025-10-02	06:30:00	3867.14	3867.21	3863.9	3864.68	754	0	12
2025-10-02	06:45:00	3864.65	3867.03	3864.28	3866.54	720	0	14
2025-10-02	07:00:00	3866.56	3867.67	3865.18	3865.74	640	0	14
2025-10-02	07:15:00	3865.72	3866.61	3865.09	3866.06	432	0	14
2025-10-02	07:30:00	3866.07	3866.46	3863.81	3864.81	589	0	13
2025-10-02	07:45:00	3864.79	3864.79	3861.95	3864.24	580	0	13
2025-10-02	08:00:00	3864.23	3868.79	3864.22	3868.1	821	0	7
2025-10-02	08:15:00	3868.12	3871.44	3867.59	3869.47	815	0	9
2025-10-02	08:30:00	3869.44	3869.57	3866.22	3868.07	774	0	14
2025-10-02	08:45:00	3868.08	3868.98	3866.66	3867.84	746	0	10
2025-10-02	09:00:00	3867.92	3871.9	3866.67	3871.82	931	0	6
2025-10-02	09:15:00	3871.79	3874.33	3871.63	3871.72	892	0	10
2025-10-02	09:30:00	3871.8	3874.26	3870.48	3870.62	957	0	9
2025-10-02	09:45:00	3870.62	3870.62	3862.16	3864.19	1101	0	12
2025-10-02	10:00:00	3863.91	3873.3	3863.76	3873.15	1127	0	11
2025-10-02	10:15:00	3873.21	3874.68	3863.37	3864.78	1133	0	13
2025-10-02	10:30:00	3864.73	3866.68	3861.7	3865.88	1111	0	11
2025-10-02	10:45:00	3865.81	3869.46	3864.43	3868.55	1095	0	12
2025-10-02	11:00:00	3868.74	3868.95	3864.64	3867.05	1073	0	12
2025-10-02	11:15:00	3867.03	3870.55	3866.24	3869.63	896	0	11
2025-10-02	11:30:00	3869.65	3875.42	3869.04	3875.29	1031	0	10
2025-10-02	11:45:00	3875.56	3878.68	3873.68	3874.61	993	0	11
2025-10-02	12:00:00	3874.6	3878.35	3873.38	3875.59	974	0	7
2025-10-02	12:15:00	3875.58	3878.06	3874.43	3875.55	911	0	12
2025-10-02	12:30:00	3875.35	3879.13	3875.29	3877.76	963	0	12
2025-10-02	12:45:00	3877.76	3879.59	3875.6	3879.06	933	0	15
2025-10-02	13:00:00	3879.09	3880.39	3875.79	3876.08	899	0	14
2025-10-02	13:15:00	3876.14	3883.77	3876.06	3882.34	970	0	7
2025-10-02	13:30:00	3882.45	3883.15	3878.85	3881.17	944	0	6
2025-10-02	13:45:00	3881.02	3882.38	3879.16	3881.83	838	0	15
2025-10-02	14:00:00	3881.94	3883.59	3879.74	3883.32	824	0	13
2025-10-02	14:15:00	3883.31	3885.39	3882.83	3883.53	897	0	15
2025-10-02	14:30:00	3883.49	3885.74	3882.04	3884.94	994	0	11
2025-10-02	14:45:00	3884.88	3886.66	3883.02	3886.34	954	0	7
2025-10-02	15:00:00	3886.31	3891.97	3885.03	3886.42	1174	0	5
2025-10-02	15:15:00	3886.51	3886.65	3880.12	3882.68	1204	0	5
2025-10-02	15:30:00	3882.73	3888.52	3881.43	3882.56	1196	0	5
2025-10-02	15:45:00	3882.68	3884.92	3880.78	3884.37	1149	0	9
2025-10-02	16:00:00	3884.5	3891.98	3884.5	3890.89	1244	0	12
2025-10-02	16:15:00	3890.95	3893.79	3887.2	3893.72	1187	0	8
2025-10-02	16:30:00	3894.09	3896.82	3880.87	3883.12	1357	0	6
2025-10-02	16:45:00	3883.04	3887.33	3873.45	3875.41	1336	0	5
2025-10-02	17:00:00	3875.29	3876.64	3869.81	3871.19	1362	0	7
2025-10-02	17:15:00	3871.36	3871.83	3858.01	3864.04	1353	0	11
2025-10-02	17:30:00	3863.93	3866.02	3836.49	3838.15	1438	0	5
2025-10-02	17:45:00	3838.35	3841.03	3825.53	3839.91	1423	0	6
2025-10-02	18:00:00	3839.81	3844.87	3830.76	3836.28	1395	0	5
2025-10-02	18:15:00	3836.55	3839.31	3829.82	3836.0	1332	0	6
2025-10-02	18:30:00	3835.76	3835.76	3819.28	3834.89	1339	0	6
2025-10-02	18:45:00	3835.02	3835.98	3826.98	3828.25	1314	0	5
2025-10-02	19:00:00	3828.27	3840.27	3827.29	3838.22	1269	0	10
2025-10-02	19:15:00	3838.11	3844.79	3835.54	3838.13	1285	0	5
2025-10-02	19:30:00	3837.64	3843.4	3835.46	3843.08	1206	0	6
2025-10-02	19:45:00	3843.13	3845.31	3840.57	3844.93	1181	0	5
2025-10-02	20:00:00	3844.78	3847.47	3843.04	3845.69	1140	0	6
2025-10-02	20:15:00	3846.03	3847.97	3842.63	3844.77	1159	0	5
2025-10-02	20:30:00	3845.35	3846.79	3841.43	3842.49	1070	0	7
2025-10-02	20:45:00	3842.52	3846.12	3840.79	3844.28	1062	0	7
2025-10-02	21:00:00	3844.3	3847.15	3843.62	3846.02	997	0	12
2025-10-02	21:15:00	3845.94	3847.53	3845.36	3847.23	849	0	14
2025-10-02	21:30:00	3847.22	3848.51	3846.35	3848.19	859	0	5
2025-10-02	21:45:00	3848.17	3851.44	3847.92	3850.91	898	0	15
2025-10-02	22:00:00	3850.88	3858.65	3850.52	3854.39	1118	0	14
2025-10-02	22:15:00	3854.43	3858.96	3854.43	3857.06	1051	0	6
2025-10-02	22:30:00	3857.1	3857.98	3855.52	3856.27	983	0	8
2025-10-02	22:45:00	3856.31	3856.98	3853.05	3855.68	1025	0	13
2025-10-02	23:00:00	3855.71	3859.29	3854.53	3857.28	761	0	5
2025-10-02	23:15:00	3857.16	3857.59	3856.0	3856.12	494	0	12
2025-10-02	23:30:00	3856.23	3856.84	3854.86	3855.2	537	0	10
2025-10-02	23:45:00	3855.18	3856.25	3853.54	3856.19	483	0	13
2025-10-03	01:00:00	3855.72	3858.61	3853.01	3853.33	690	0	7
2025-10-03	01:15:00	3853.32	3855.62	3852.21	3854.45	597	0	12
2025-10-03	01:30:00	3854.47	3858.04	3854.2	3857.6	586	0	7
2025-10-03	01:45:00	3857.77	3858.51	3856.48	3857.17	476	0	15
2025-10-03	02:00:00	3857.09	3858.63	3857.05	3857.62	569	0	15
2025-10-03	02:15:00	3857.64	3858.85	3856.85	3858.48	529	0	14
2025-10-03	02:30:00	3858.42	3862.82	3858.14	3862.04	853	0	5
2025-10-03	02:45:00	3862.05	3863.82	3861.45	3862.46	850	0	8
2025-10-03	03:00:00	3862.53	3862.73	3857.41	3861.25	930	0	10
2025-10-03	03:15:00	3861.12	3862.06	3857.75	3858.66	899	0	12
2025-10-03	03:30:00	3858.64	3859.2	3856.45	3858.44	841	0	14
2025-10-03	03:45:00	3858.48	3859.19	3856.43	3856.91	840	0	13
2025-10-03	04:00:00	3856.79	3862.57	3853.41	3856.65	1129	0	9
2025-10-03	04:15:00	3856.65	3857.39	3850.45	3851.57	1109	0	13
2025-10-03	04:30:00	3851.6	3856.28	3847.42	3856.11	1119	0	5
2025-10-03	04:45:00	3856.15	3859.89	3854.75	3858.33	1060	0	10
2025-10-03	05:00:00	3858.22	3859.06	3855.41	3856.03	861	0	17
2025-10-03	05:15:00	3855.85	3857.78	3854.12	3855.08	850	0	15
2025-10-03	05:30:00	3855.09	3855.35	3849.35	3849.47	977	0	15
2025-10-03	05:45:00	3849.45	3852.34	3847.78	3848.17	922	0	11
2025-10-03	06:00:00	3848.19	3850.94	3845.06	3847.65	901	0	13
2025-10-03	06:15:00	3847.74	3848.74	3839.76	3839.91	1041	0	12
2025-10-03	06:30:00	3839.93	3842.31	3838.11	3840.75	1037	0	5
2025-10-03	06:45:00	3840.68	3843.78	3839.29	3842.69	936	0	14
2025-10-03	07:00:00	3842.59	3845.74	3841.57	3845.32	848	0	14
2025-10-03	07:15:00	3845.26	3848.25	3843.27	3844.93	848	0	14
2025-10-03	07:30:00	3844.92	3845.95	3843.15	3845.19	793	0	15
2025-10-03	07:45:00	3845.22	3845.26	3843.49	3843.98	713	0	9
2025-10-03	08:00:00	3844.03	3850.72	3843.93	3850.72	931	0	11
2025-10-03	08:15:00	3850.71	3855.26	3850.45	3853.95	1007	0	6
2025-10-03	08:30:00	3854.25	3857.78	3854.06	3855.63	922	0	15
2025-10-03	08:45:00	3855.61	3859.14	3853.4	3855.12	904	0	13
2025-10-03	09:00:00	3854.75	3859.27	3851.08	3859.14	1079	0	7
2025-10-03	09:15:00	3859.28	3860.69	3858.32	3860.69	894	0	14
2025-10-03	09:30:00	3860.65	3861.09	3857.77	3858.06	912	0	7
2025-10-03	09:45:00	3858.12	3859.29	3855.31	3859.18	865	0	5
2025-10-03	10:00:00	3859.3	3860.92	3857.15	3858.74	962	0	14
2025-10-03	10:15:00	3858.58	3863.01	3857.76	3862.78	967	0	15
2025-10-03	10:30:00	3862.92	3865.23	3861.41	3864.42	987	0	15
2025-10-03	10:45:00	3864.41	3865.15	3862.69	3864.19	843	0	7
2025-10-03	11:00:00	3864.31	3865.57	3861.37	3861.7	929	0	5
2025-10-03	11:15:00	3861.85	3863.46	3860.37	3862.84	910	0	5
2025-10-03	11:30:00	3862.54	3863.64	3861.44	3862.97	829	0	5
2025-10-03	11:45:00	3863.16	3865.38	3860.69	3864.78	868	0	7
2025-10-03	12:00:00	3864.66	3864.88	3859.86	3860.71	907	0	11
2025-10-03	12:15:00	3860.82	3861.02	3856.8	3859.24	962	0	8
2025-10-03	12:30:00	3859.38	3860.79	3858.09	3859.86	838	0	15
2025-10-03	12:45:00	3859.8	3864.71	3858.68	3864.2	859	0	10
2025-10-03	13:00:00	3864.24	3865.7	3863.6	3865.36	908	0	6
2025-10-03	13:15:00	3865.37	3866.28	3862.46	3863.29	830	0	11
2025-10-03	13:30:00	3863.28	3867.49	3862.14	3865.5	944	0	13
2025-10-03	13:45:00	3865.86	3867.64	3863.61	3865.89	1001	0	14
2025-10-03	14:00:00	3865.84	3867.06	3862.19	3862.36	1050	0	12
2025-10-03	14:15:00	3862.31	3862.31	3857.54	3858.87	1083	0	11
2025-10-03	14:30:00	3858.83	3861.08	3854.83	3859.99	1082	0	11
2025-10-03	14:45:00	3860.08	3864.47	3859.21	3862.08	1027	0	15
2025-10-03	15:00:00	3862.13	3864.25	3860.86	3864.25	1031	0	15
2025-10-03	15:15:00	3864.26	3865.12	3860.55	3863.6	1025	0	8
2025-10-03	15:30:00	3863.61	3870.69	3862.92	3870.69	1223	0	8
2025-10-03	15:45:00	3870.43	3874.93	3869.34	3873.77	1161	0	5
2025-10-03	16:00:00	3874.08	3877.72	3870.08	3877.19	1254	0	5
2025-10-03	16:15:00	3877.18	3884.5	3875.9	3880.91	1245	0	5
2025-10-03	16:30:00	3881.6	3887.32	3872.72	3886.96	1345	0	7
2025-10-03	16:45:00	3886.99	3890.48	3880.27	3882.52	1328	0	5
2025-10-03	17:00:00	3885.89	3885.89	3866.38	3867.08	1396	0	5
2025-10-03	17:15:00	3867.05	3879.83	3867.05	3879.19	1360	0	5
2025-10-03	17:30:00	3878.47	3879.96	3872.62	3874.85	1328	0	5
2025-10-03	17:45:00	3874.88	3881.33	3874.3	3879.61	1272	0	5
2025-10-03	18:00:00	3880.02	3881.8	3873.99	3880.36	1241	0	5
2025-10-03	18:15:00	3880.49	3888.97	3878.2	3887.62	1236	0	7
2025-10-03	18:30:00	3888.06	3888.92	3883.98	3886.8	1252	0	10
2025-10-03	18:45:00	3886.97	3891.61	3885.33	3889.33	1170	0	15
2025-10-03	19:00:00	3889.41	3889.7	3884.2	3886.21	1189	0	7
2025-10-03	19:15:00	3886.48	3886.48	3880.6	3882.65	1188	0	5
2025-10-03	19:30:00	3882.58	3884.26	3880.95	3882.2	1101	0	7
2025-10-03	19:45:00	3882.26	3884.61	3880.6	3883.72	1060	0	13
2025-10-03	20:00:00	3883.67	3885.09	3880.86	3883.56	1150	0	15
2025-10-03	20:15:00	3883.69	3885.96	3883.39	3883.61	1122	0	8
2025-10-03	20:30:00	3883.92	3885.72	3881.44	3884.55	1071	0	13
2025-10-03	20:45:00	3884.63	3885.2	3877.05	3881.98	1186	0	5
2025-10-03	21:00:00	3882.2	3885.2	3880.1	3882.32	1139	0	6
2025-10-03	21:15:00	3882.28	3885.13	3881.71	3884.35	1039	0	10
2025-10-03	21:30:00	3884.48	3889.2	3884.31	3888.27	1053	0	7
2025-10-03	21:45:00	3888.43	3888.9	3884.62	3886.1	1036	0	15
2025-10-03	22:00:00	3886.14	3888.24	3883.63	3887.65	1094	0	5
2025-10-03	22:15:00	3887.59	3888.67	3885.83	3886.72	915	0	13
2025-10-03	22:30:00	3886.76	3888.94	3886.02	3886.81	923	0	9
2025-10-03	22:45:00	3886.78	3889.13	3884.61	3885.76	1133	0	5
2025-10-03	23:00:00	3885.57	3887.19	3884.78	3885.11	734	0	8
2025-10-03	23:15:00	3885.13	3885.2	3883.68	3884.43	480	0	11
2025-10-03	23:30:00	3884.29	3885.01	3882.88	3884.78	587	0	5
2025-10-03	23:45:00	3884.87	3886.99	3884.31	3886.38	506	0	13
2025-10-06	01:00:00	3888.47	3892.0	3884.26	3890.4	1278	0	13
2025-10-06	01:15:00	3890.58	3893.99	3888.12	3893.87	1098	0	5
2025-10-06	01:30:00	3893.11	3894.3	3890.2	3893.7	941	0	5
2025-10-06	01:45:00	3893.69	3903.98	3892.72	3899.95	928	0	6
2025-10-06	02:00:00	3899.98	3921.0	3898.58	3910.08	1411	0	5
2025-10-06	02:15:00	3909.53	3912.37	3907.5	3910.51	1133	0	5
2025-10-06	02:30:00	3910.68	3911.84	3907.9	3910.88	1000	0	5
2025-10-06	02:45:00	3910.91	3911.7	3907.89	3909.53	1116	0	13
2025-10-06	03:00:00	3909.57	3909.57	3900.33	3904.4	1319	0	5
2025-10-06	03:15:00	3904.24	3906.38	3899.05	3902.42	1255	0	14
2025-10-06	03:30:00	3902.52	3906.1	3900.57	3904.9	1214	0	5
2025-10-06	03:45:00	3904.89	3906.59	3899.91	3900.36	1125	0	5
2025-10-06	04:00:00	3900.51	3908.13	3899.79	3906.14	1132	0	13
2025-10-06	04:15:00	3906.2	3907.55	3901.27	3903.0	1143	0	5
2025-10-06	04:30:00	3902.98	3910.98	3902.38	3910.31	1109	0	5
2025-10-06	04:45:00	3910.28	3918.28	3909.23	3918.08	1168	0	5
2025-10-06	05:00:00	3918.01	3924.5	3917.6	3923.69	1229	0	5
2025-10-06	05:15:00	3923.76	3923.76	3920.43	3921.84	972	0	5
2025-10-06	05:30:00	3921.83	3923.27	3918.65	3922.9	957	0	12
2025-10-06	05:45:00	3923.08	3923.14	3919.65	3921.03	907	0	8
2025-10-06	06:00:00	3920.97	3926.62	3919.96	3921.78	970	0	8
2025-10-06	06:15:00	3921.95	3924.99	3920.31	3921.89	942	0	12
2025-10-06	06:30:00	3921.81	3929.28	3921.52	3928.51	1033	0	5
2025-10-06	06:45:00	3928.7	3932.0	3928.18	3929.62	1143	0	12
2025-10-06	07:00:00	3929.35	3933.13	3928.76	3929.37	1090	0	12
2025-10-06	07:15:00	3929.28	3934.51	3928.86	3933.65	1028	0	5
2025-10-06	07:30:00	3933.53	3939.95	3932.44	3939.95	1143	0	5
2025-10-06	07:45:00	3939.95	3940.28	3935.31	3938.67	1080	0	5
2025-10-06	08:00:00	3938.68	3945.24	3935.85	3940.25	1212	0	5
2025-10-06	08:15:00	3940.1	3940.56	3933.22	3937.03	1193	0	5
2025-10-06	08:30:00	3937.02	3937.19	3927.49	3930.29	1190	0	7
2025-10-06	08:45:00	3930.4	3933.39	3928.51	3932.74	1128	0	6
2025-10-06	09:00:00	3933.0	3933.0	3922.62	3925.8	1229	0	5
2025-10-06	09:15:00	3925.92	3929.82	3924.54	3928.4	1146	0	13
2025-10-06	09:30:00	3928.21	3928.36	3924.95	3927.1	1089	0	14
2025-10-06	09:45:00	3927.13	3934.77	3927.1	3934.32	1211	0	5
2025-10-06	10:00:00	3933.57	3936.4	3932.64	3934.78	1200	0	5
2025-10-06	10:15:00	3934.6	3936.44	3929.56	3932.46	1224	0	6
2025-10-06	10:30:00	3932.5	3936.56	3931.37	3932.94	1237	0	5
2025-10-06	10:45:00	3933.05	3943.89	3932.43	3941.62	1312	0	5
2025-10-06	11:00:00	3941.66	3949.61	3941.66	3947.14	1266	0	10
2025-10-06	11:15:00	3947.06	3949.22	3940.06	3943.78	1225	0	5
2025-10-06	11:30:00	3943.36	3943.93	3935.41	3938.42	1229	0	14
2025-10-06	11:45:00	3938.35	3947.26	3937.84	3942.44	1165	0	5
2025-10-06	12:00:00	3942.63	3944.96	3941.45	3942.83	1001	0	5
2025-10-06	12:15:00	3942.92	3944.11	3938.99	3943.65	1045	0	7
2025-10-06	12:30:00	3943.57	3944.48	3937.89	3938.73	1104	0	6
2025-10-06	12:45:00	3938.81	3942.49	3936.6	3942.33	1048	0	5
2025-10-06	13:00:00	3942.55	3942.75	3932.74	3938.47	1166	0	9
2025-10-06	13:15:00	3938.27	3941.69	3937.26	3939.79	1044	0	6
2025-10-06	13:30:00	3939.86	3946.89	3939.17	3946.81	1057	0	5
2025-10-06	13:45:00	3946.79	3946.8	3941.97	3942.17	946	0	5
2025-10-06	14:00:00	3942.23	3942.71	3934.79	3937.03	1141	0	6
2025-10-06	14:15:00	3937.01	3938.72	3933.67	3938.71	1197	0	13
2025-10-06	14:30:00	3938.7	3940.29	3934.49	3936.26	1167	0	9
2025-10-06	14:45:00	3936.06	3939.53	3931.11	3938.36	1194	0	5
2025-10-06	15:00:00	3937.93	3941.04	3933.69	3940.1	1300	0	5
2025-10-06	15:15:00	3940.06	3941.27	3929.01	3931.34	1313	0	5
2025-10-06	15:30:00	3931.44	3932.43	3926.8	3931.33	1290	0	5
2025-10-06	15:45:00	3931.48	3938.57	3931.23	3934.03	1219	0	12
2025-10-06	16:00:00	3934.31	3936.85	3930.94	3934.41	1310	0	7
2025-10-06	16:15:00	3934.4	3937.09	3932.02	3933.21	1241	0	5
2025-10-06	16:30:00	3933.74	3944.91	3927.2	3944.74	1383	0	5
2025-10-06	16:45:00	3944.79	3947.12	3940.85	3944.6	1343	0	11
2025-10-06	17:00:00	3944.15	3950.1	3940.3	3948.47	1366	0	11
2025-10-06	17:15:00	3948.58	3949.99	3944.48	3948.1	1299	0	5
2025-10-06	17:30:00	3947.93	3958.67	3946.9	3957.66	1328	0	5
2025-10-06	17:45:00	3957.69	3958.9	3953.82	3954.98	1264	0	11
2025-10-06	18:00:00	3955.05	3957.84	3949.74	3955.07	1305	0	8
2025-10-06	18:15:00	3955.11	3957.56	3948.49	3949.96	1242	0	12
2025-10-06	18:30:00	3950.02	3958.04	3948.17	3956.92	1158	0	13
2025-10-06	18:45:00	3956.99	3964.11	3954.69	3962.43	1227	0	5
2025-10-06	19:00:00	3962.69	3969.82	3947.36	3947.98	1346	0	5
2025-10-06	19:15:00	3947.97	3954.92	3946.03	3952.4	1313	0	5
2025-10-06	19:30:00	3952.71	3955.39	3950.97	3952.29	1150	0	5
2025-10-06	19:45:00	3952.27	3955.25	3951.07	3953.98	1097	0	5
2025-10-06	20:00:00	3954.06	3958.91	3954.06	3956.96	1171	0	5
2025-10-06	20:15:00	3956.94	3957.77	3951.83	3951.94	1169	0	5
2025-10-06	20:30:00	3951.49	3956.19	3951.22	3955.11	1122	0	5
2025-10-06	20:45:00	3955.25	3958.11	3953.4	3957.84	1077	0	10
2025-10-06	21:00:00	3958.32	3959.7	3955.94	3957.46	1049	0	7
2025-10-06	21:15:00	3957.5	3958.99	3957.3	3957.97	941	0	12
2025-10-06	21:30:00	3957.99	3958.13	3956.11	3957.62	930	0	11
2025-10-06	21:45:00	3957.66	3960.59	3957.15	3958.37	942	0	14
2025-10-06	22:00:00	3958.25	3964.93	3958.25	3962.29	1049	0	5
2025-10-06	22:15:00	3962.23	3964.11	3960.84	3963.94	945	0	10
2025-10-06	22:30:00	3964.05	3964.64	3961.48	3962.43	977	0	11
2025-10-06	22:45:00	3962.42	3963.87	3958.47	3959.43	1105	0	5
2025-10-06	23:00:00	3959.43	3961.45	3958.69	3960.02	719	0	12
2025-10-06	23:15:00	3960.03	3961.39	3959.02	3959.66	557	0	14
2025-10-06	23:30:00	3959.71	3959.86	3957.44	3958.74	585	0	14
2025-10-06	23:45:00	3958.77	3962.34	3958.26	3960.95	498	0	14
2025-10-07	01:00:00	3959.12	3972.6	3958.52	3970.73	845	0	10
2025-10-07	01:15:00	3970.79	3976.21	3969.33	3973.24	1064	0	5
2025-10-07	01:30:00	3973.2	3973.2	3959.51	3963.7	1088	0	5
2025-10-07	01:45:00	3963.72	3969.19	3958.88	3963.38	1059	0	8
2025-10-07	02:00:00	3963.37	3965.73	3961.64	3964.23	917	0	15
2025-10-07	02:15:00	3964.25	3969.82	3964.25	3969.33	916	0	7
2025-10-07	02:30:00	3969.59	3972.37	3968.11	3971.77	923	0	12
2025-10-07	02:45:00	3971.72	3972.55	3967.74	3969.57	977	0	13
2025-10-07	03:00:00	3969.63	3972.37	3966.67	3971.04	1092	0	9
2025-10-07	03:15:00	3971.08	3977.35	3969.74	3974.07	1160	0	12
2025-10-07	03:30:00	3974.08	3977.48	3965.46	3966.03	1162	0	8
2025-10-07	03:45:00	3966.04	3967.46	3961.52	3962.66	1199	0	11
2025-10-07	04:00:00	3962.76	3963.42	3955.9	3961.82	1243	0	9
2025-10-07	04:15:00	3961.71	3963.8	3958.95	3959.39	1106	0	12
2025-10-07	04:30:00	3959.62	3961.1	3956.03	3959.83	1072	0	12
2025-10-07	04:45:00	3959.79	3959.79	3957.41	3958.14	920	0	10
2025-10-07	05:00:00	3958.14	3962.04	3957.49	3961.4	948	0	10
2025-10-07	05:15:00	3961.37	3965.33	3960.92	3964.7	930	0	13
2025-10-07	05:30:00	3964.72	3966.98	3963.76	3966.32	845	0	11
2025-10-07	05:45:00	3966.33	3966.88	3964.51	3964.84	822	0	14
2025-10-07	06:00:00	3964.71	3967.68	3962.87	3967.68	841	0	11
2025-10-07	06:15:00	3967.67	3969.78	3960.75	3963.48	1029	0	10
2025-10-07	06:30:00	3963.37	3972.85	3962.97	3972.19	1047	0	7
2025-10-07	06:45:00	3972.53	3974.59	3971.4	3973.3	976	0	14
2025-10-07	07:00:00	3973.43	3975.48	3971.52	3973.94	866	0	15
2025-10-07	07:15:00	3973.79	3975.37	3972.46	3973.62	781	0	15
2025-10-07	07:30:00	3973.56	3975.69	3973.17	3973.57	845	0	15
2025-10-07	07:45:00	3973.57	3976.89	3973.53	3975.95	948	0	7
2025-10-07	08:00:00	3975.71	3976.82	3960.39	3965.3	1113	0	12
2025-10-07	08:15:00	3964.79	3967.07	3960.73	3963.49	1131	0	14
2025-10-07	08:30:00	3963.62	3966.59	3961.03	3961.36	1124	0	11
2025-10-07	08:45:00	3961.58	3965.66	3960.68	3964.65	1030	0	5
2025-10-07	09:00:00	3964.67	3965.04	3959.79	3964.5	1086	0	11
2025-10-07	09:15:00	3964.51	3966.34	3960.95	3964.18	1016	0	13
2025-10-07	09:30:00	3964.13	3964.43	3955.93	3958.42	1067	0	10
2025-10-07	09:45:00	3958.55	3960.75	3953.88	3955.17	1119	0	15
2025-10-07	10:00:00	3955.25	3956.08	3949.87	3950.13	1267	0	11
2025-10-07	10:15:00	3950.2	3951.84	3944.0	3951.33	1313	0	5
2025-10-07	10:30:00	3951.37	3955.82	3948.51	3949.85	1230	0	8
2025-10-07	10:45:00	3949.82	3951.58	3943.19	3945.96	1216	0	10
2025-10-07	11:00:00	3945.91	3948.08	3940.96	3946.41	1277	0	9
2025-10-07	11:15:00	3946.25	3953.67	3945.15	3950.64	1220	0	5
2025-10-07	11:30:00	3950.63	3953.54	3950.43	3952.68	1095	0	6
2025-10-07	11:45:00	3952.69	3954.04	3950.36	3951.31	1025	0	5
2025-10-07	12:00:00	3951.27	3959.34	3951.14	3958.78	1037	0	15
2025-10-07	12:15:00	3958.8	3963.32	3957.48	3957.62	1116	0	8
2025-10-07	12:30:00	3957.68	3962.72	3957.68	3961.12	1075	0	10
2025-10-07	12:45:00	3961.03	3961.65	3955.15	3955.15	1013	0	14
2025-10-07	13:00:00	3955.04	3958.74	3954.11	3956.9	980	0	7
2025-10-07	13:15:00	3956.92	3959.78	3956.36	3956.79	886	0	14
2025-10-07	13:30:00	3956.77	3961.64	3956.35	3958.93	913	0	5
2025-10-07	13:45:00	3958.83	3962.82	3957.84	3960.09	873	0	5
2025-10-07	14:00:00	3960.22	3961.69	3959.16	3961.67	838	0	8
2025-10-07	14:15:00	3961.68	3961.94	3956.52	3957.71	924	0	12
2025-10-07	14:30:00	3957.9	3966.49	3956.46	3966.04	1000	0	13
2025-10-07	14:45:00	3965.87	3969.17	3962.67	3966.96	1076	0	11
2025-10-07	15:00:00	3966.8	3971.66	3966.8	3970.54	1121	0	5
2025-10-07	15:15:00	3970.37	3972.21	3964.28	3965.78	1208	0	13
2025-10-07	15:30:00	3965.8	3973.99	3965.05	3973.49	1218	0	8
2025-10-07	15:45:00	3973.42	3980.02	3971.57	3979.46	1234	0	7
2025-10-07	16:00:00	3979.25	3985.12	3978.64	3983.23	1264	0	10
2025-10-07	16:15:00	3983.32	3985.62	3977.37	3982.65	1262	0	10
2025-10-07	16:30:00	3982.81	3982.81	3970.55	3972.66	1357	0	7
2025-10-07	16:45:00	3972.71	3980.99	3972.2	3979.26	1300	0	14
2025-10-07	17:00:00	3978.98	3980.25	3969.75	3971.65	1349	0	5
2025-10-07	17:15:00	3971.58	3978.24	3969.16	3978.02	1289	0	5
2025-10-07	17:30:00	3978.06	3986.6	3977.67	3979.32	1333	0	5
2025-10-07	17:45:00	3979.77	3986.52	3979.71	3985.6	1293	0	7
2025-10-07	18:00:00	3985.61	3987.62	3979.2	3986.63	1350	0	5
2025-10-07	18:15:00	3986.66	3990.99	3984.67	3984.92	1295	0	5
2025-10-07	18:30:00	3984.95	3985.48	3971.36	3972.08	1303	0	5
2025-10-07	18:45:00	3972.01	3973.05	3961.92	3966.11	1402	0	5
2025-10-07	19:00:00	3966.42	3975.86	3963.22	3964.93	1347	0	6
2025-10-07	19:15:00	3964.96	3973.82	3964.29	3969.36	1294	0	5
2025-10-07	19:30:00	3969.59	3979.38	3968.64	3977.19	1216	0	5
2025-10-07	19:45:00	3977.02	3977.8	3971.48	3976.57	1192	0	8
2025-10-07	20:00:00	3976.59	3985.09	3976.45	3981.77	1155	0	8
2025-10-07	20:15:00	3981.55	3984.43	3980.07	3980.69	1188	0	7
2025-10-07	20:30:00	3981.37	3986.83	3980.67	3986.26	1153	0	5
2025-10-07	20:45:00	3986.27	3987.68	3980.65	3980.89	1178	0	5
2025-10-07	21:00:00	3980.96	3982.39	3974.26	3982.34	1234	0	6
2025-10-07	21:15:00	3982.37	3983.83	3979.7	3980.07	1115	0	8
2025-10-07	21:30:00	3979.72	3982.92	3978.42	3982.52	1104	0	5
2025-10-07	21:45:00	3982.51	3983.08	3979.75	3981.05	1005	0	5
2025-10-07	22:00:00	3981.0	3983.34	3978.65	3979.35	1040	0	5
2025-10-07	22:15:00	3979.37	3982.11	3978.97	3980.07	1037	0	5
2025-10-07	22:30:00	3980.06	3982.65	3979.33	3980.84	1086	0	12
2025-10-07	22:45:00	3980.8	3982.36	3979.26	3980.17	1003	0	12
2025-10-07	23:00:00	3980.33	3982.02	3980.22	3981.85	667	0	6
2025-10-07	23:15:00	3981.89	3983.38	3980.36	3982.53	651	0	11
2025-10-07	23:30:00	3982.5	3984.1	3981.76	3984.03	690	0	6
2025-10-07	23:45:00	3983.98	3986.51	3983.81	3984.23	706	0	7
2025-10-08	01:00:00	3984.87	3988.98	3983.27	3988.55	767	0	8
2025-10-08	01:15:00	3988.56	3990.7	3988.32	3990.38	732	0	5
2025-10-08	01:30:00	3990.28	3990.5	3988.6	3990.2	588	0	5
2025-10-08	01:45:00	3990.18	3990.25	3987.34	3989.53	611	0	13
2025-10-08	02:00:00	3989.58	3992.24	3989.48	3990.09	903	0	13
2025-10-08	02:15:00	3990.07	3992.2	3988.59	3989.1	923	0	12
2025-10-08	02:30:00	3989.08	3990.85	3988.42	3990.28	648	0	12
2025-10-08	02:45:00	3990.14	3995.93	3990.14	3994.35	1193	0	7
2025-10-08	03:00:00	3994.34	3997.48	3994.21	3996.86	1115	0	7
2025-10-08	03:15:00	3996.84	3999.23	3996.36	3998.6	989	0	12
2025-10-08	03:30:00	3998.62	3998.62	3989.57	3995.02	1424	0	12
2025-10-08	03:45:00	3994.93	3997.68	3991.96	3992.23	1158	0	15
2025-10-08	04:00:00	3992.32	3992.73	3984.6	3988.46	1506	0	15
2025-10-08	04:15:00	3988.53	3995.78	3984.89	3994.02	1393	0	8
2025-10-08	04:30:00	3994.21	3996.03	3991.02	3993.73	1350	0	7
2025-10-08	04:45:00	3993.73	4000.77	3993.6	4000.77	1208	0	5
2025-10-08	05:00:00	4000.6	4004.68	3995.65	4004.65	1347	0	9
2025-10-08	05:15:00	4004.61	4006.12	4002.32	4003.63	1303	0	11
2025-10-08	05:30:00	4003.7	4007.17	4003.6	4006.47	1060	0	13
2025-10-08	05:45:00	4006.53	4011.58	4006.02	4011.58	1158	0	9
2025-10-08	06:00:00	4011.5	4014.51	4010.06	4013.44	1271	0	6
2025-10-08	06:15:00	4013.38	4013.63	4008.88	4011.29	1121	0	10
2025-10-08	06:30:00	4011.32	4013.15	4010.39	4013.15	1050	0	14
2025-10-08	06:45:00	4013.07	4016.55	4011.41	4014.74	1229	0	5
2025-10-08	07:00:00	4014.91	4021.63	4014.74	4019.71	1270	0	5
2025-10-08	07:15:00	4019.71	4020.18	4017.83	4018.62	1001	0	5
2025-10-08	07:30:00	4018.54	4020.12	4017.09	4019.6	1040	0	13
2025-10-08	07:45:00	4019.58	4026.98	4018.59	4026.72	1296	0	5
2025-10-08	08:00:00	4026.53	4029.77	4024.55	4029.61	1173	0	5
2025-10-08	08:15:00	4029.73	4034.6	4028.92	4033.46	1250	0	10
2025-10-08	08:30:00	4033.49	4037.02	4030.0	4030.49	1313	0	5
2025-10-08	08:45:00	4030.49	4032.91	4028.19	4029.18	1318	0	9
2025-10-08	09:00:00	4029.63	4032.83	4026.68	4027.42	1350	0	5
2025-10-08	09:15:00	4027.55	4028.11	4021.47	4026.44	1454	0	13
2025-10-08	09:30:00	4026.48	4031.84	4025.53	4030.85	1295	0	12
2025-10-08	09:45:00	4030.85	4033.13	4029.75	4031.56	1196	0	5
2025-10-08	10:00:00	4031.28	4039.04	4030.15	4036.91	1393	0	7
2025-10-08	10:15:00	4036.82	4037.97	4031.87	4036.22	1307	0	5
2025-10-08	10:30:00	4036.32	4038.75	4034.69	4036.05	1200	0	8
2025-10-08	10:45:00	4036.04	4037.72	4031.0	4034.16	1278	0	9
2025-10-08	11:00:00	4034.62	4039.71	4033.17	4036.75	1323	0	7
2025-10-08	11:15:00	4036.73	4040.42	4034.97	4038.05	1170	0	5
2025-10-08	11:30:00	4038.1	4040.13	4036.52	4038.55	1034	0	13
2025-10-08	11:45:00	4038.61	4040.3	4036.33	4036.33	1213	0	5
2025-10-08	12:00:00	4036.3	4040.05	4033.21	4037.1	1121	0	5
2025-10-08	12:15:00	4037.08	4037.38	4034.99	4035.43	946	0	5
2025-10-08	12:30:00	4035.45	4040.19	4030.86	4040.13	1299	0	5
2025-10-08	12:45:00	4040.25	4049.56	4039.82	4049.34	1347	0	5
2025-10-08	13:00:00	4049.23	4049.61	4045.28	4046.53	1209	0	5
2025-10-08	13:15:00	4046.56	4046.76	4037.91	4040.4	1226	0	5
2025-10-08	13:30:00	4040.53	4041.38	4033.64	4037.0	1428	0	5
2025-10-08	13:45:00	4037.02	4038.32	4035.33	4037.06	1168	0	12
2025-10-08	14:00:00	4037.12	4037.24	4032.93	4036.27	1223	0	5
2025-10-08	14:15:00	4036.24	4036.96	4033.25	4034.67	1162	0	10
2025-10-08	14:30:00	4034.65	4038.14	4032.08	4035.17	1233	0	7
2025-10-08	14:45:00	4035.1	4038.06	4033.77	4037.91	1142	0	15
2025-10-08	15:00:00	4037.66	4046.48	4036.7	4045.19	1414	0	8
2025-10-08	15:15:00	4045.19	4046.32	4035.48	4040.35	1427	0	6
2025-10-08	15:30:00	4040.35	4041.04	4031.04	4033.97	1488	0	7
2025-10-08	15:45:00	4033.85	4040.61	4033.64	4039.98	1382	0	8
2025-10-08	16:00:00	4039.96	4049.45	4039.2	4046.2	1429	0	5
2025-10-08	16:15:00	4046.0	4047.05	4038.31	4038.62	1448	0	6
2025-10-08	16:30:00	4038.89	4039.53	4026.73	4030.01	1666	0	5
2025-10-08	16:45:00	4030.03	4039.88	4027.63	4038.28	1601	0	6
2025-10-08	17:00:00	4037.87	4044.7	4035.7	4042.55	1623	0	5
2025-10-08	17:15:00	4042.62	4046.19	4037.67	4044.58	1580	0	6
2025-10-08	17:30:00	4044.78	4045.3	4039.44	4042.2	1445	0	7
2025-10-08	17:45:00	4042.16	4048.97	4041.11	4048.22	1393	0	5
2025-10-08	18:00:00	4048.14	4050.69	4038.21	4039.69	1556	0	5
2025-10-08	18:15:00	4039.47	4045.67	4037.43	4044.48	1481	0	6
2025-10-08	18:30:00	4044.69	4048.14	4042.72	4046.06	1375	0	13
2025-10-08	18:45:00	4046.21	4048.32	4044.87	4045.68	1306	0	9
2025-10-08	19:00:00	4045.77	4056.37	4044.32	4055.32	1393	0	5
2025-10-08	19:15:00	4055.29	4056.02	4052.13	4055.63	1414	0	6
2025-10-08	19:30:00	4055.47	4059.25	4055.19	4058.08	1382	0	5
2025-10-08	19:45:00	4058.15	4058.89	4052.51	4056.58	1376	0	5
2025-10-08	20:00:00	4056.65	4058.03	4054.39	4054.66	1226	0	5
2025-10-08	20:15:00	4054.64	4055.96	4048.29	4048.93	1343	0	7
2025-10-08	20:30:00	4049.05	4050.68	4042.91	4049.6	1410	0	5
2025-10-08	20:45:00	4049.63	4053.76	4049.63	4050.93	1242	0	8
2025-10-08	21:00:00	4050.98	4053.19	4040.97	4042.53	1458	0	5
2025-10-08	21:15:00	4042.52	4049.48	4038.62	4048.5	1485	0	6
2025-10-08	21:30:00	4048.49	4049.96	4046.05	4047.84	1322	0	5
2025-10-08	21:45:00	4047.81	4050.54	4047.66	4049.89	1157	0	5
2025-10-08	22:00:00	4049.99	4054.51	4032.09	4041.54	1582	0	5
2025-10-08	22:15:00	4041.51	4048.34	4035.89	4044.77	1500	0	5
2025-10-08	22:30:00	4044.51	4044.78	4034.31	4037.7	1523	0	6
2025-10-08	22:45:00	4037.71	4045.99	4037.71	4044.93	1478	0	5
2025-10-08	23:00:00	4044.73	4046.56	4039.62	4042.06	1067	0	15
2025-10-08	23:15:00	4042.02	4045.13	4040.88	4043.98	753	0	13
2025-10-08	23:30:00	4043.96	4043.96	4038.72	4042.07	734	0	15
2025-10-08	23:45:00	4042.09	4044.89	4040.35	4041.33	784	0	16
2025-10-09	01:00:00	4040.24	4045.07	4015.41	4025.73	1193	0	5
2025-10-09	01:15:00	4025.81	4027.75	4023.26	4025.92	984	0	14
2025-10-09	01:30:00	4026.03	4028.05	4020.49	4022.73	912	0	13
2025-10-09	01:45:00	4022.79	4023.37	4021.02	4021.19	788	0	8
2025-10-09	02:00:00	4021.41	4021.91	4012.2	4020.55	1197	0	5
2025-10-09	02:15:00	4020.54	4021.48	4012.47	4013.87	1062	0	14
2025-10-09	02:30:00	4014.05	4019.39	4010.14	4010.31	1170	0	5
2025-10-09	02:45:00	4010.41	4014.96	4001.38	4011.74	1290	0	10
2025-10-09	03:00:00	4011.59	4018.98	4008.82	4018.37	1259	0	8
2025-10-09	03:15:00	4018.44	4027.71	4017.52	4027.09	1247	0	12
2025-10-09	03:30:00	4027.18	4027.87	4023.63	4025.55	1123	0	12
2025-10-09	03:45:00	4025.5	4025.95	4019.79	4022.77	1181	0	7
2025-10-09	04:00:00	4022.93	4024.49	4008.31	4019.2	1437	0	5
2025-10-09	04:15:00	4019.58	4032.62	4019.51	4031.34	1385	0	12
2025-10-09	04:30:00	4031.18	4036.28	4028.81	4033.13	1298	0	5
2025-10-09	04:45:00	4033.13	4033.18	4017.07	4019.7	1329	0	12
2025-10-09	05:00:00	4019.71	4020.81	4010.66	4013.7	1293	0	9
2025-10-09	05:15:00	4013.58	4014.9	4002.38	4013.1	1195	0	8
2025-10-09	05:30:00	4013.07	4017.75	4006.1	4017.67	1210	0	8
2025-10-09	05:45:00	4017.64	4021.16	4015.65	4018.65	1101	0	12
2025-10-09	06:00:00	4018.61	4024.56	4017.31	4020.29	1156	0	7
2025-10-09	06:15:00	4020.31	4025.03	4020.03	4024.51	1101	0	7
2025-10-09	06:30:00	4024.44	4029.49	4023.89	4028.35	998	0	12
2025-10-09	06:45:00	4028.43	4029.06	4025.31	4026.76	934	0	14
2025-10-09	07:00:00	4026.77	4033.03	4026.76	4032.85	955	0	11
2025-10-09	07:15:00	4032.85	4038.56	4032.0	4038.28	1038	0	7
2025-10-09	07:30:00	4038.35	4040.59	4036.22	4038.74	963	0	6
2025-10-09	07:45:00	4038.75	4041.01	4038.29	4039.03	914	0	7
2025-10-09	08:00:00	4039.02	4039.55	4034.26	4038.59	1043	0	10
2025-10-09	08:15:00	4038.61	4040.3	4036.73	4038.94	921	0	9
2025-10-09	08:30:00	4038.84	4043.68	4035.1	4038.85	1219	0	9
2025-10-09	08:45:00	4038.81	4041.48	4036.27	4039.77	1061	0	12
2025-10-09	09:00:00	4040.13	4040.94	4036.29	4037.7	1101	0	6
2025-10-09	09:15:00	4037.66	4039.26	4031.27	4031.61	1131	0	5
2025-10-09	09:30:00	4031.68	4035.93	4028.37	4030.25	1203	0	5
2025-10-09	09:45:00	4030.25	4030.32	4022.77	4026.25	1268	0	7
2025-10-09	10:00:00	4026.71	4032.9	4025.58	4027.38	1226	0	5
2025-10-09	10:15:00	4027.41	4031.63	4024.88	4028.8	1140	0	11
2025-10-09	10:30:00	4028.71	4030.4	4026.7	4028.83	1097	0	5
2025-10-09	10:45:00	4028.82	4032.47	4028.6	4031.54	1064	0	11
2025-10-09	11:00:00	4031.51	4035.21	4030.28	4034.5	1098	0	5
2025-10-09	11:15:00	4034.54	4038.06	4033.66	4036.75	1061	0	6
2025-10-09	11:30:00	4036.75	4040.09	4035.26	4038.28	1012	0	5
2025-10-09	11:45:00	4038.46	4040.26	4037.93	4038.1	913	0	8
2025-10-09	12:00:00	4038.12	4042.03	4036.51	4040.22	1073	0	5
2025-10-09	12:15:00	4040.22	4040.63	4037.77	4038.49	1017	0	5
2025-10-09	12:30:00	4038.47	4040.11	4034.23	4036.41	998	0	7
2025-10-09	12:45:00	4036.48	4038.0	4035.04	4037.43	933	0	13
2025-10-09	13:00:00	4037.49	4039.35	4036.35	4037.81	894	0	9
2025-10-09	13:15:00	4037.81	4039.3	4036.75	4038.66	803	0	6
2025-10-09	13:30:00	4038.7	4039.93	4038.0	4038.79	845	0	13
2025-10-09	13:45:00	4038.77	4044.31	4038.77	4044.23	962	0	5
2025-10-09	14:00:00	4044.21	4046.73	4037.45	4038.18	1158	0	7
2025-10-09	14:15:00	4038.18	4039.14	4033.59	4035.88	1048	0	6
2025-10-09	14:30:00	4035.9	4044.51	4035.9	4044.28	1036	0	5
2025-10-09	14:45:00	4044.79	4046.37	4043.07	4044.48	1119	0	5
2025-10-09	15:00:00	4044.13	4044.8	4039.96	4040.88	1115	0	5
2025-10-09	15:15:00	4040.89	4043.17	4037.44	4040.88	1132	0	5
2025-10-09	15:30:00	4040.9	4045.7	4039.97	4045.53	1140	0	8
2025-10-09	15:45:00	4045.49	4053.73	4041.87	4053.47	1278	0	5
2025-10-09	16:00:00	4053.57	4057.79	4050.92	4055.89	1370	0	8
2025-10-09	16:15:00	4055.7	4057.93	4048.68	4055.61	1304	0	8
2025-10-09	16:30:00	4056.22	4056.51	4031.1	4031.21	1419	0	5
2025-10-09	16:45:00	4031.6	4034.79	4017.22	4017.22	1395	0	5
2025-10-09	17:00:00	4017.29	4028.95	4012.88	4023.54	1480	0	5
2025-10-09	17:15:00	4023.9	4028.98	4006.95	4006.99	1390	0	5
2025-10-09	17:30:00	4007.0	4015.39	4004.07	4011.85	1410	0	5
2025-10-09	17:45:00	4011.86	4028.93	4007.58	4024.31	1384	0	5
2025-10-09	18:00:00	4023.23	4027.19	4018.13	4025.21	1388	0	5
2025-10-09	18:15:00	4025.39	4028.41	4016.32	4016.67	1330	0	5
2025-10-09	18:30:00	4016.65	4018.58	4006.65	4008.24	1380	0	5
2025-10-09	18:45:00	4008.09	4017.47	4007.75	4014.64	1302	0	9
2025-10-09	19:00:00	4014.44	4021.7	4013.93	4016.63	1260	0	5
2025-10-09	19:15:00	4016.7	4017.83	4009.91	4012.39	1282	0	12
2025-10-09	19:30:00	4011.85	4012.65	3976.4	3986.64	1446	0	5
2025-10-09	19:45:00	3985.74	3986.76	3963.92	3968.38	1373	0	5
2025-10-09	20:00:00	3968.86	3974.19	3951.06	3951.92	1358	0	5
2025-10-09	20:15:00	3952.11	3967.4	3944.81	3958.9	1419	0	5
2025-10-09	20:30:00	3959.9	3963.49	3955.86	3957.02	1343	0	5
2025-10-09	20:45:00	3956.91	3959.94	3945.19	3950.18	1324	0	5
2025-10-09	21:00:00	3949.97	3965.24	3949.6	3961.7	1321	0	5
2025-10-09	21:15:00	3961.71	3968.86	3960.54	3963.16	1274	0	5
2025-10-09	21:30:00	3963.03	3963.66	3955.9	3957.66	1172	0	7
2025-10-09	21:45:00	3957.69	3961.48	3956.34	3957.22	1181	0	5
2025-10-09	22:00:00	3957.52	3974.38	3955.36	3971.98	1255	0	5
2025-10-09	22:15:00	3972.32	3978.14	3969.41	3978.04	1269	0	5
2025-10-09	22:30:00	3978.07	3982.32	3976.92	3979.25	1258	0	5
2025-10-09	22:45:00	3979.1	3981.7	3971.94	3973.01	1268	0	5
2025-10-09	23:00:00	3973.31	3978.95	3973.31	3978.5	970	0	5
2025-10-09	23:15:00	3978.54	3978.84	3973.85	3976.64	826	0	6
2025-10-09	23:30:00	3976.65	3977.51	3973.06	3974.67	759	0	6
2025-10-09	23:45:00	3974.7	3976.81	3973.14	3975.91	635	0	6
2025-10-10	01:00:00	3974.93	3981.35	3958.55	3968.68	1019	0	9
2025-10-10	01:15:00	3968.68	3980.85	3968.68	3972.23	812	0	5
2025-10-10	01:30:00	3972.2	3976.68	3971.29	3975.2	726	0	6
2025-10-10	01:45:00	3975.18	3977.36	3974.0	3975.39	648	0	5
2025-10-10	02:00:00	3975.4	3978.49	3974.51	3975.14	713	0	5
2025-10-10	02:15:00	3975.12	3985.92	3975.0	3983.15	854	0	5
2025-10-10	02:30:00	3983.16	3988.52	3979.2	3988.22	1030	0	7
2025-10-10	02:45:00	3988.17	3990.79	3985.19	3989.98	1135	0	5
2025-10-10	03:00:00	3989.61	3992.37	3985.56	3990.51	1168	0	5
2025-10-10	03:15:00	3990.52	3993.1	3989.0	3991.56	1069	0	12
2025-10-10	03:30:00	3991.54	3993.08	3988.06	3992.85	1006	0	7
2025-10-10	03:45:00	3992.91	3994.38	3989.81	3991.02	1064	0	8
2025-10-10	04:00:00	3990.93	3992.44	3983.73	3984.83	1348	0	8
2025-10-10	04:15:00	3984.87	3984.95	3975.39	3981.54	1338	0	8
2025-10-10	04:30:00	3981.73	3981.73	3969.89	3974.42	1312	0	13
2025-10-10	04:45:00	3974.42	3981.15	3972.48	3973.25	1279	0	8
2025-10-10	05:00:00	3973.28	3982.24	3973.28	3982.05	1210	0	13
2025-10-10	05:15:00	3982.02	3985.72	3981.68	3984.25	1030	0	9
2025-10-10	05:30:00	3984.21	3986.79	3981.87	3982.86	1048	0	12
2025-10-10	05:45:00	3982.87	3984.61	3976.75	3978.66	1078	0	12
2025-10-10	06:00:00	3978.6	3979.28	3970.98	3971.28	1184	0	7
2025-10-10	06:15:00	3971.26	3974.39	3961.95	3970.28	1216	0	5
2025-10-10	06:30:00	3970.42	3973.96	3963.64	3964.34	1192	0	12
2025-10-10	06:45:00	3964.68	3966.98	3960.92	3962.01	1114	0	5
2025-10-10	07:00:00	3961.98	3964.54	3946.85	3947.87	1203	0	8
2025-10-10	07:15:00	3948.42	3959.03	3948.32	3958.92	1170	0	5
2025-10-10	07:30:00	3958.97	3964.08	3957.78	3963.54	1097	0	12
2025-10-10	07:45:00	3963.58	3966.77	3962.61	3966.39	1074	0	12
2025-10-10	08:00:00	3966.45	3972.67	3966.45	3972.25	1217	0	8
2025-10-10	08:15:00	3972.23	3977.75	3972.2	3972.61	1205	0	5
2025-10-10	08:30:00	3972.65	3974.98	3965.64	3974.85	1269	0	5
2025-10-10	08:45:00	3974.5	3977.05	3971.52	3974.79	1207	0	5
2025-10-10	09:00:00	3974.63	3976.1	3967.8	3971.22	1205	0	9
2025-10-10	09:15:00	3971.21	3973.4	3968.19	3971.77	1134	0	5
2025-10-10	09:30:00	3971.76	3976.12	3968.4	3972.48	1250	0	6
2025-10-10	09:45:00	3972.81	3973.31	3962.75	3968.15	1282	0	5
2025-10-10	10:00:00	3968.14	3968.49	3952.62	3958.71	1346	0	5
2025-10-10	10:15:00	3958.73	3966.29	3957.65	3964.91	1318	0	5
2025-10-10	10:30:00	3965.05	3966.81	3962.41	3964.79	1209	0	9
2025-10-10	10:45:00	3964.81	3976.13	3964.27	3971.99	1279	0	5
2025-10-10	11:00:00	3971.93	3988.36	3970.07	3988.14	1337	0	5
2025-10-10	11:15:00	3987.95	3988.69	3985.6	3986.72	1277	0	5
2025-10-10	11:30:00	3986.72	3990.43	3985.59	3990.41	1121	0	5
2025-10-10	11:45:00	3990.5	3994.84	3990.02	3991.98	1224	0	10
2025-10-10	12:00:00	3992.07	4001.64	3990.13	4000.58	1232	0	5
2025-10-10	12:15:00	4000.54	4001.21	3990.63	3996.25	1295	0	8
2025-10-10	12:30:00	3996.33	4003.65	3994.5	4002.57	1226	0	7
2025-10-10	12:45:00	4002.55	4006.78	3995.59	3995.87	1320	0	5
2025-10-10	13:00:00	3995.47	3997.48	3991.4	3992.89	1283	0	5
2025-10-10	13:15:00	3992.86	3999.18	3990.67	3998.77	1160	0	5
2025-10-10	13:30:00	3998.68	4000.09	3996.85	3998.12	1131	0	12
2025-10-10	13:45:00	3997.79	3999.94	3993.05	3994.0	1170	0	15
2025-10-10	14:00:00	3993.87	3999.61	3993.43	3998.35	1121	0	8
2025-10-10	14:15:00	3998.35	3999.72	3994.25	3996.91	1142	0	12
2025-10-10	14:30:00	3996.95	3998.55	3991.3	3992.29	1240	0	9
2025-10-10	14:45:00	3992.19	3995.15	3983.19	3987.04	1185	0	10
2025-10-10	15:00:00	3987.31	3991.36	3985.07	3988.47	1261	0	5
2025-10-10	15:15:00	3988.35	3993.5	3986.87	3991.48	1218	0	5
2025-10-10	15:30:00	3991.54	3991.75	3984.67	3986.2	1221	0	5
2025-10-10	15:45:00	3986.08	3989.72	3980.32	3987.56	894	0	5
2025-10-10	16:00:00	3986.46	3987.87	3986.24	3987.23	182	0	9
2025-10-10	16:15:00	3987.28	3994.41	3986.15	3992.78	1305	0	5
2025-10-10	16:30:00	3992.28	3998.2	3988.57	3993.38	1433	0	11
2025-10-10	16:45:00	3993.13	3993.27	3975.4	3980.61	1421	0	5
2025-10-10	17:00:00	3980.49	3982.73	3970.73	3980.58	1443	0	6
2025-10-10	17:15:00	3980.65	3987.2	3976.92	3983.25	1360	0	7
2025-10-10	17:30:00	3983.26	3988.4	3980.13	3982.44	1325	0	5
2025-10-10	17:45:00	3982.38	3994.13	3980.61	3989.49	1378	0	5
2025-10-10	18:00:00	3989.87	4012.15	3988.1	4009.18	1527	0	5
2025-10-10	18:15:00	4009.29	4019.78	4003.45	4016.65	1467	0	5
2025-10-10	18:30:00	4016.66	4022.28	4005.62	4007.43	1479	0	5
2025-10-10	18:45:00	4007.6	4007.8	3994.9	3997.91	1476	0	5
2025-10-10	19:00:00	3997.63	3998.58	3981.62	3990.48	1471	0	5
2025-10-10	19:15:00	3989.83	3992.04	3977.79	3987.86	1413	0	9
2025-10-10	19:30:00	3987.8	3994.77	3985.55	3986.44	1369	0	5
2025-10-10	19:45:00	3986.14	3987.77	3979.77	3983.54	1372	0	5
2025-10-10	20:00:00	3983.39	3983.6	3975.18	3982.1	1400	0	5
2025-10-10	20:15:00	3982.07	3986.92	3981.33	3984.68	1339	0	5
2025-10-10	20:30:00	3984.14	3992.03	3978.53	3989.11	1305	0	5
2025-10-10	20:45:00	3989.47	3990.99	3983.83	3989.76	1245	0	5
2025-10-10	21:00:00	3989.97	3996.72	3984.15	3995.7	1258	0	5
2025-10-10	21:15:00	3995.99	4008.98	3995.55	4003.95	1296	0	5
2025-10-10	21:30:00	4003.86	4005.2	3993.04	3995.52	1289	0	6
2025-10-10	21:45:00	3995.49	4003.68	3994.57	3999.04	1256	0	6
2025-10-10	22:00:00	3998.99	4005.11	3996.18	4005.11	1303	0	5
2025-10-10	22:15:00	4005.56	4008.45	4002.37	4005.44	1245	0	5
2025-10-10	22:30:00	4005.39	4017.85	4005.39	4017.85	1300	0	8
2025-10-10	22:45:00	4017.78	4021.3	4009.87	4011.45	1391	0	7
2025-10-10	23:00:00	4011.68	4015.58	4005.97	4005.97	1022	0	7
2025-10-10	23:15:00	4005.71	4012.94	4005.71	4012.35	883	0	15
2025-10-10	23:30:00	4012.32	4013.31	4007.74	4012.92	912	0	14
2025-10-10	23:45:00	4012.91	4020.61	4009.47	4012.37	1099	0	13
2025-10-13	01:00:00	4003.2	4030.79	4003.2	4022.02	1929	0	16
2025-10-13	01:15:00	4022.03	4045.19	4019.72	4040.51	1371	0	5
2025-10-13	01:30:00	4040.53	4041.02	4032.94	4036.74	1320	0	5
2025-10-13	01:45:00	4036.71	4043.06	4032.64	4042.39	1126	0	11
2025-10-13	02:00:00	4042.2	4060.29	4041.07	4048.25	1613	0	5
2025-10-13	02:15:00	4048.25	4054.49	4046.39	4049.14	1371	0	8
2025-10-13	02:30:00	4049.21	4049.9	4036.53	4038.89	1439	0	14
2025-10-13	02:45:00	4038.83	4045.4	4032.32	4035.1	1441	0	15
2025-10-13	03:00:00	4034.69	4036.05	4025.18	4031.96	1555	0	5
2025-10-13	03:15:00	4031.89	4041.55	4024.47	4040.47	1552	0	5
2025-10-13	03:30:00	4040.4	4057.45	4037.35	4057.03	1635	0	5
2025-10-13	03:45:00	4057.15	4060.03	4042.76	4043.85	1549	0	15
2025-10-13	04:00:00	4043.78	4053.42	4036.03	4044.24	1674	0	5
2025-10-13	04:15:00	4044.36	4046.94	4038.17	4042.06	1531	0	6
2025-10-13	04:30:00	4041.93	4052.77	4041.33	4049.83	1532	0	10
2025-10-13	04:45:00	4049.92	4054.9	4045.87	4053.06	1466	0	10
2025-10-13	05:00:00	4052.97	4055.81	4042.69	4049.74	1469	0	8
2025-10-13	05:15:00	4049.51	4050.9	4046.03	4046.24	1127	0	17
2025-10-13	05:30:00	4046.24	4050.69	4043.03	4047.56	1371	0	12
2025-10-13	05:45:00	4047.68	4048.74	4041.88	4047.96	1174	0	11
2025-10-13	06:00:00	4048.0	4050.12	4046.34	4049.93	1153	0	7
2025-10-13	06:15:00	4049.96	4052.59	4046.73	4051.98	1177	0	13
2025-10-13	06:30:00	4051.83	4055.66	4049.72	4054.71	1240	0	5
2025-10-13	06:45:00	4054.72	4056.47	4048.39	4051.9	1220	0	12
2025-10-13	07:00:00	4051.93	4054.58	4051.12	4052.84	974	0	5
2025-10-13	07:15:00	4052.86	4057.25	4052.86	4056.76	1113	0	11
2025-10-13	07:30:00	4056.81	4059.36	4055.73	4057.64	1091	0	16
2025-10-13	07:45:00	4057.18	4057.68	4055.64	4056.35	960	0	11
2025-10-13	08:00:00	4056.31	4065.97	4054.84	4063.02	1310	0	13
2025-10-13	08:15:00	4063.23	4073.91	4062.4	4071.55	1416	0	6
2025-10-13	08:30:00	4071.33	4078.14	4068.7	4075.37	1465	0	10
2025-10-13	08:45:00	4075.58	4076.36	4061.85	4063.67	1453	0	12
2025-10-13	09:00:00	4063.91	4067.31	4059.84	4065.56	1450	0	6
2025-10-13	09:15:00	4065.58	4071.51	4064.4	4068.62	1426	0	13
2025-10-13	09:30:00	4068.55	4073.61	4067.28	4070.14	1369	0	7
2025-10-13	09:45:00	4069.57	4070.75	4066.83	4069.35	1327	0	7
2025-10-13	10:00:00	4068.77	4073.0	4066.42	4071.63	1347	0	9
2025-10-13	10:15:00	4071.51	4076.13	4068.25	4074.55	1367	0	15
2025-10-13	10:30:00	4074.46	4075.52	4068.24	4075.23	1275	0	5
2025-10-13	10:45:00	4075.25	4077.35	4069.43	4071.16	1349	0	11
2025-10-13	11:00:00	4071.13	4076.22	4069.98	4075.23	1364	0	5
2025-10-13	11:15:00	4075.34	4075.91	4070.43	4073.43	1367	0	9
2025-10-13	11:30:00	4073.37	4074.07	4069.11	4074.0	1269	0	7
2025-10-13	11:45:00	4074.07	4079.19	4073.04	4077.77	1361	0	11
2025-10-13	12:00:00	4077.78	4079.8	4075.08	4076.21	1268	0	5
2025-10-13	12:15:00	4076.22	4076.77	4071.27	4071.66	1195	0	13
2025-10-13	12:30:00	4071.7	4074.48	4070.42	4073.45	1270	0	7
2025-10-13	12:45:00	4073.33	4079.44	4073.11	4077.34	1294	0	5
2025-10-13	13:00:00	4077.3	4077.39	4071.47	4071.47	1384	0	5
2025-10-13	13:15:00	4071.44	4076.31	4071.44	4076.26	1199	0	16
2025-10-13	13:30:00	4076.32	4079.95	4073.57	4077.79	1133	0	16
2025-10-13	13:45:00	4077.8	4085.26	4077.77	4080.95	1232	0	6
2025-10-13	14:00:00	4080.7	4084.46	4077.22	4081.97	1339	0	7
2025-10-13	14:15:00	4082.04	4084.61	4080.22	4081.23	1133	0	13
2025-10-13	14:30:00	4081.36	4081.36	4076.45	4077.24	1197	0	13
2025-10-13	14:45:00	4077.1	4078.15	4073.7	4073.96	1224	0	11
2025-10-13	15:00:00	4074.02	4077.18	4073.18	4074.73	1308	0	16
2025-10-13	15:15:00	4075.08	4084.26	4073.69	4083.8	1443	0	5
2025-10-13	15:30:00	4083.94	4085.56	4077.19	4078.62	1466	0	12
2025-10-13	15:45:00	4078.44	4080.85	4075.45	4079.62	1343	0	8
2025-10-13	16:00:00	4079.88	4087.98	4078.22	4087.67	1511	0	5
2025-10-13	16:15:00	4087.68	4092.84	4083.98	4091.27	1485	0	5
2025-10-13	16:30:00	4092.35	4093.14	4081.76	4086.37	1643	0	5
2025-10-13	16:45:00	4086.49	4095.52	4086.49	4094.08	1526	0	5
2025-10-13	17:00:00	4093.78	4096.53	4091.11	4092.39	1572	0	5
2025-10-13	17:15:00	4092.48	4096.92	4090.72	4094.65	1502	0	7
2025-10-13	17:30:00	4095.41	4099.49	4095.09	4096.98	1509	0	9
2025-10-13	17:45:00	4097.32	4103.96	4097.32	4097.52	1525	0	9
2025-10-13	18:00:00	4097.4	4099.63	4091.86	4096.87	1561	0	5
2025-10-13	18:15:00	4096.95	4100.17	4093.09	4093.45	1443	0	5
2025-10-13	18:30:00	4093.29	4099.87	4092.7	4099.7	1356	0	5
2025-10-13	18:45:00	4099.78	4107.3	4097.63	4104.97	1362	0	5
2025-10-13	19:00:00	4104.88	4116.32	4104.87	4115.6	1473	0	5
2025-10-13	19:15:00	4115.54	4117.01	4109.25	4109.97	1452	0	5
2025-10-13	19:30:00	4109.74	4112.24	4105.6	4106.0	1387	0	10
2025-10-13	19:45:00	4105.94	4112.72	4103.99	4105.71	1405	0	5
2025-10-13	20:00:00	4105.74	4108.0	4101.91	4106.52	1404	0	8
2025-10-13	20:15:00	4106.77	4115.3	4104.41	4112.6	1403	0	11
2025-10-13	20:30:00	4112.75	4113.47	4107.15	4107.19	1296	0	5
2025-10-13	20:45:00	4107.27	4108.3	4100.34	4103.9	1287	0	6
2025-10-13	21:00:00	4103.86	4104.5	4099.56	4101.93	1280	0	11
2025-10-13	21:15:00	4101.87	4107.51	4101.87	4104.76	1134	0	6
2025-10-13	21:30:00	4104.62	4107.2	4101.53	4101.75	1264	0	6
2025-10-13	21:45:00	4102.03	4103.51	4100.13	4101.76	635	0	8
2025-10-13	22:00:00	4101.73	4102.87	4090.72	4097.98	1401	0	5
2025-10-13	22:15:00	4098.0	4106.62	4097.69	4104.7	1363	0	5
2025-10-13	22:30:00	4104.73	4106.76	4102.38	4104.93	1279	0	8
2025-10-13	22:45:00	4105.17	4110.86	4103.87	4108.5	1304	0	5
2025-10-13	23:00:00	4108.65	4110.25	4106.08	4108.73	767	0	8
2025-10-13	23:15:00	4108.86	4111.3	4108.04	4110.73	678	0	5
2025-10-13	23:30:00	4110.58	4110.72	4107.69	4110.24	591	0	5
2025-10-13	23:45:00	4110.12	4112.73	4109.91	4110.36	755	0	8
2025-10-14	01:00:00	4110.21	4113.73	4109.28	4112.99	877	0	7
2025-10-14	01:15:00	4112.91	4114.32	4108.91	4109.17	918	0	12
2025-10-14	01:30:00	4109.15	4110.12	4106.54	4108.18	906	0	6
2025-10-14	01:45:00	4108.16	4115.73	4108.14	4114.91	988	0	5
2025-10-14	02:00:00	4114.59	4116.78	4113.19	4114.89	1087	0	16
2025-10-14	02:15:00	4114.88	4116.84	4112.86	4115.28	982	0	9
2025-10-14	02:30:00	4115.27	4131.46	4115.07	4128.51	1389	0	5
2025-10-14	02:45:00	4128.46	4132.11	4125.67	4128.06	1395	0	5
2025-10-14	03:00:00	4127.78	4129.81	4120.02	4123.42	1487	0	5
2025-10-14	03:15:00	4123.4	4126.67	4119.79	4126.21	1339	0	7
2025-10-14	03:30:00	4126.25	4129.38	4124.95	4128.19	1340	0	15
2025-10-14	03:45:00	4128.22	4130.13	4124.49	4124.49	1276	0	9
2025-10-14	04:00:00	4124.33	4141.02	4123.12	4140.57	1646	0	5
2025-10-14	04:15:00	4140.56	4150.01	4139.31	4146.86	1590	0	5
2025-10-14	04:30:00	4147.02	4149.03	4134.97	4139.88	1631	0	7
2025-10-14	04:45:00	4139.84	4140.21	4132.15	4137.2	1590	0	5
2025-10-14	05:00:00	4137.19	4143.56	4137.03	4141.42	1446	0	15
2025-10-14	05:15:00	4141.38	4143.55	4138.32	4142.27	1185	0	14
2025-10-14	05:30:00	4142.29	4149.8	4141.79	4147.55	1424	0	5
2025-10-14	05:45:00	4147.29	4148.64	4142.5	4146.02	1430	0	6
2025-10-14	06:00:00	4145.88	4155.17	4145.16	4154.68	1372	0	7
2025-10-14	06:15:00	4154.69	4159.56	4154.69	4159.49	1484	0	7
2025-10-14	06:30:00	4159.33	4162.76	4158.22	4162.11	1439	0	5
2025-10-14	06:45:00	4162.1	4166.51	4160.58	4163.38	1352	0	7
2025-10-14	07:00:00	4163.36	4168.99	4160.4	4167.43	1260	0	10
2025-10-14	07:15:00	4167.38	4167.38	4157.7	4163.87	1424	0	12
2025-10-14	07:30:00	4163.88	4164.63	4155.79	4162.79	1315	0	14
2025-10-14	07:45:00	4162.54	4170.01	4162.18	4168.12	1302	0	8
2025-10-14	08:00:00	4167.79	4177.24	4165.68	4176.73	1419	0	9
2025-10-14	08:15:00	4176.78	4179.6	4174.59	4179.36	1449	0	5
2025-10-14	08:30:00	4179.2	4179.53	4119.1	4119.58	1787	0	5
2025-10-14	08:45:00	4119.54	4137.09	4111.14	4121.29	1777	0	5
2025-10-14	09:00:00	4121.3	4133.63	4106.6	4111.19	1724	0	5
2025-10-14	09:15:00	4111.59	4118.41	4090.64	4113.96	1746	0	5
2025-10-14	09:30:00	4113.53	4114.96	4098.76	4098.76	1689	0	5
2025-10-14	09:45:00	4099.07	4112.68	4090.97	4112.02	1642	0	5
2025-10-14	10:00:00	4111.0	4113.17	4102.51	4112.38	1591	0	6
2025-10-14	10:15:00	4112.24	4127.72	4110.35	4123.66	1583	0	5
2025-10-14	10:30:00	4124.52	4126.96	4117.0	4120.03	1578	0	6
2025-10-14	10:45:00	4119.76	4126.72	4119.55	4126.3	1488	0	9
2025-10-14	11:00:00	4125.08	4140.9	4124.77	4140.9	1569	0	5
2025-10-14	11:15:00	4140.98	4144.38	4138.16	4144.23	1465	0	8
2025-10-14	11:30:00	4144.29	4145.0	4130.46	4132.53	1550	0	5
2025-10-14	11:45:00	4132.78	4144.0	4132.13	4143.97	1381	0	5
2025-10-14	12:00:00	4143.98	4144.2	4134.06	4140.97	1448	0	5
2025-10-14	12:15:00	4140.93	4141.69	4137.9	4139.85	1321	0	5
2025-10-14	12:30:00	4140.01	4143.78	4135.51	4137.14	1462	0	8
2025-10-14	12:45:00	4137.23	4137.41	4122.0	4127.54	1589	0	5
2025-10-14	13:00:00	4127.71	4130.04	4125.12	4129.2	1473	0	6
2025-10-14	13:15:00	4129.18	4139.49	4127.29	4139.39	1441	0	15
2025-10-14	13:30:00	4139.43	4144.13	4136.51	4139.69	1480	0	5
2025-10-14	13:45:00	4139.67	4139.7	4128.79	4131.71	1452	0	5
2025-10-14	14:00:00	4131.86	4134.32	4129.33	4130.0	1442	0	9
2025-10-14	14:15:00	4130.0	4137.66	4128.52	4132.56	1406	0	5
2025-10-14	14:30:00	4132.38	4132.53	4126.29	4130.36	1321	0	7
2025-10-14	14:45:00	4130.36	4130.85	4125.8	4130.5	1378	0	5
2025-10-14	15:00:00	4130.57	4134.38	4126.46	4130.03	1392	0	6
2025-10-14	15:15:00	4130.05	4133.33	4116.35	4118.79	1516	0	5
2025-10-14	15:30:00	4118.23	4119.98	4106.84	4109.56	1638	0	5
2025-10-14	15:45:00	4108.92	4113.59	4103.71	4106.58	1564	0	8
2025-10-14	16:00:00	4106.7	4113.11	4097.72	4112.74	1676	0	5
2025-10-14	16:15:00	4112.71	4119.95	4105.02	4110.32	1645	0	5
2025-10-14	16:30:00	4109.17	4129.14	4106.29	4126.88	1699	0	6
2025-10-14	16:45:00	4127.29	4129.58	4113.91	4124.1	1695	0	5
2025-10-14	17:00:00	4123.96	4137.49	4121.36	4134.41	1666	0	10
2025-10-14	17:15:00	4134.32	4136.01	4126.8	4133.43	1610	0	5
2025-10-14	17:30:00	4132.94	4137.48	4127.88	4130.5	1566	0	9
2025-10-14	17:45:00	4130.47	4135.04	4126.46	4129.19	1521	0	6
2025-10-14	18:00:00	4129.27	4141.21	4126.3	4141.21	1523	0	5
2025-10-14	18:15:00	4141.25	4141.25	4135.98	4138.03	1507	0	5
2025-10-14	18:30:00	4138.28	4142.8	4136.96	4139.0	1524	0	14
2025-10-14	18:45:00	4138.94	4140.27	4132.05	4138.06	1436	0	16
2025-10-14	19:00:00	4138.05	4141.78	4128.72	4130.99	1493	0	10
2025-10-14	19:15:00	4131.01	4138.31	4128.02	4133.67	1568	0	5
2025-10-14	19:30:00	4133.51	4143.79	4128.78	4142.69	1553	0	5
2025-10-14	19:45:00	4142.73	4155.38	4139.55	4140.47	1611	0	5
2025-10-14	20:00:00	4139.82	4149.76	4137.23	4145.47	1557	0	7
2025-10-14	20:15:00	4145.47	4152.77	4141.88	4147.03	1517	0	17
2025-10-14	20:30:00	4146.79	4152.52	4146.57	4149.46	1404	0	15
2025-10-14	20:45:00	4149.35	4149.86	4143.53	4148.25	1341	0	5
2025-10-14	21:00:00	4148.09	4152.43	4147.16	4148.14	1325	0	5
2025-10-14	21:15:00	4148.16	4149.2	4143.21	4145.86	1421	0	7
2025-10-14	21:30:00	4145.76	4149.34	4145.47	4148.51	1288	0	8
2025-10-14	21:45:00	4148.53	4150.64	4148.16	4148.37	1337	0	5
2025-10-14	22:00:00	4148.27	4150.63	4146.55	4149.08	1273	0	16
2025-10-14	22:15:00	4149.09	4150.2	4147.39	4149.67	1199	0	16
2025-10-14	22:30:00	4149.61	4150.13	4134.4	4139.14	1567	0	6
2025-10-14	22:45:00	4139.43	4144.32	4135.38	4141.53	1579	0	7
2025-10-14	23:00:00	4140.95	4144.85	4139.25	4143.6	1095	0	9
2025-10-14	23:15:00	4143.62	4145.98	4143.0	4143.79	836	0	16
2025-10-14	23:30:00	4143.8	4143.94	4141.84	4142.04	741	0	17
2025-10-14	23:45:00	4142.07	4145.55	4141.97	4142.09	665	0	14
2025-10-15	01:00:00	4143.59	4160.95	4140.73	4160.95	997	0	16
2025-10-15	01:15:00	4160.81	4163.98	4151.35	4152.39	1200	0	8
2025-10-15	01:30:00	4151.9	4160.24	4150.18	4157.47	1048	0	9
2025-10-15	01:45:00	4157.52	4161.69	4157.2	4158.53	841	0	12
2025-10-15	02:00:00	4158.85	4161.91	4157.08	4160.37	973	0	16
2025-10-15	02:15:00	4160.35	4164.22	4159.26	4163.85	962	0	13
2025-10-15	02:30:00	4164.18	4166.31	4162.33	4165.56	1052	0	15
2025-10-15	02:45:00	4165.61	4167.03	4160.26	4161.61	1085	0	6
2025-10-15	03:00:00	4161.51	4169.65	4158.2	4168.56	1292	0	5
2025-10-15	03:15:00	4168.58	4169.37	4153.82	4156.01	1316	0	11
2025-10-15	03:30:00	4156.09	4168.64	4154.95	4167.25	1316	0	5
2025-10-15	03:45:00	4167.19	4168.08	4159.36	4162.54	1243	0	16
2025-10-15	04:00:00	4162.23	4185.07	4162.23	4179.59	1608	0	13
2025-10-15	04:15:00	4179.12	4186.78	4173.99	4185.6	1534	0	5
2025-10-15	04:30:00	4185.53	4186.48	4176.05	4178.0	1464	0	5
2025-10-15	04:45:00	4177.97	4182.81	4176.27	4181.68	1327	0	7
2025-10-15	05:00:00	4182.03	4184.69	4177.87	4179.53	1273	0	17
2025-10-15	05:15:00	4179.7	4183.91	4178.97	4179.42	1041	0	16
2025-10-15	05:30:00	4179.29	4180.16	4166.99	4171.51	1452	0	10
2025-10-15	05:45:00	4171.64	4176.94	4168.32	4176.26	1382	0	5
2025-10-15	06:00:00	4176.34	4184.54	4175.93	4183.62	1283	0	5
2025-10-15	06:15:00	4183.59	4185.87	4179.89	4183.72	1253	0	14
2025-10-15	06:30:00	4183.61	4185.41	4180.07	4184.97	1025	0	15
2025-10-15	06:45:00	4184.85	4190.49	4184.55	4187.02	1117	0	14
2025-10-15	07:00:00	4187.12	4187.52	4182.42	4185.11	881	0	15
2025-10-15	07:15:00	4185.08	4185.5	4173.37	4176.36	1055	0	8
2025-10-15	07:30:00	4176.37	4180.21	4174.3	4179.18	1164	0	11
2025-10-15	07:45:00	4179.23	4180.0	4177.86	4179.74	839	0	16
2025-10-15	08:00:00	4179.31	4190.84	4176.73	4189.65	1209	0	16
2025-10-15	08:15:00	4189.66	4193.19	4186.26	4192.64	1218	0	8
2025-10-15	08:30:00	4192.82	4193.71	4184.62	4188.64	1389	0	8
2025-10-15	08:45:00	4188.56	4191.95	4184.76	4185.98	1231	0	6
2025-10-15	09:00:00	4185.91	4193.3	4184.6	4192.0	1251	0	12
2025-10-15	09:15:00	4192.02	4192.65	4187.37	4189.84	1239	0	13
2025-10-15	09:30:00	4189.84	4194.26	4187.56	4193.93	1184	0	5
2025-10-15	09:45:00	4194.03	4200.34	4193.38	4199.39	1298	0	16
2025-10-15	10:00:00	4199.2	4200.59	4194.58	4199.56	1221	0	11
2025-10-15	10:15:00	4199.45	4200.61	4197.83	4199.59	1163	0	8
2025-10-15	10:30:00	4199.56	4207.77	4198.92	4204.78	1285	0	5
2025-10-15	10:45:00	4204.75	4209.78	4204.26	4207.74	1186	0	6
2025-10-15	11:00:00	4207.98	4216.28	4207.24	4213.01	1348	0	5
2025-10-15	11:15:00	4213.04	4218.12	4208.94	4210.77	1327	0	14
2025-10-15	11:30:00	4210.77	4216.97	4210.54	4215.38	1192	0	5
2025-10-15	11:45:00	4215.34	4216.85	4207.99	4208.11	1240	0	12
2025-10-15	12:00:00	4208.36	4211.97	4202.57	4202.57	1306	0	5
2025-10-15	12:15:00	4203.15	4203.58	4164.57	4189.98	1656	0	5
2025-10-15	12:30:00	4189.96	4196.76	4188.73	4192.8	1434	0	8
2025-10-15	12:45:00	4192.64	4195.68	4190.02	4192.5	1248	0	5
2025-10-15	13:00:00	4192.46	4200.57	4191.5	4199.12	1266	0	11
2025-10-15	13:15:00	4199.11	4206.33	4195.97	4201.34	1275	0	15
2025-10-15	13:30:00	4201.3	4202.23	4190.74	4192.3	1162	0	5
2025-10-15	13:45:00	4192.04	4202.92	4191.39	4202.61	1244	0	11
2025-10-15	14:00:00	4202.63	4203.45	4197.5	4202.32	1156	0	5
2025-10-15	14:15:00	4202.37	4203.15	4200.0	4202.17	977	0	16
2025-10-15	14:30:00	4202.08	4204.19	4197.47	4198.01	1197	0	5
2025-10-15	14:45:00	4198.09	4200.41	4193.53	4198.62	1205	0	12
2025-10-15	15:00:00	4198.65	4202.73	4192.92	4192.98	1290	0	5
2025-10-15	15:15:00	4192.88	4193.72	4180.13	4181.52	1580	0	5
2025-10-15	15:30:00	4181.27	4189.83	4176.61	4185.34	1469	0	5
2025-10-15	15:45:00	4185.36	4192.69	4181.23	4190.22	1417	0	5
2025-10-15	16:00:00	4190.37	4197.45	4182.83	4195.5	1503	0	5
2025-10-15	16:15:00	4195.45	4197.62	4188.81	4194.45	1400	0	5
2025-10-15	16:30:00	4194.98	4198.38	4183.5	4194.84	1549	0	5
2025-10-15	16:45:00	4194.91	4197.48	4187.35	4192.04	1534	0	5
2025-10-15	17:00:00	4192.65	4212.37	4192.16	4208.64	1526	0	7
2025-10-15	17:15:00	4208.59	4211.75	4204.09	4206.0	1465	0	7
2025-10-15	17:30:00	4206.13	4206.96	4194.36	4198.37	1484	0	5
2025-10-15	17:45:00	4198.15	4203.29	4191.53	4199.91	1466	0	5
2025-10-15	18:00:00	4199.8	4201.97	4193.43	4198.59	1498	0	13
2025-10-15	18:15:00	4198.6	4203.03	4196.75	4201.32	1442	0	6
2025-10-15	18:30:00	4201.2	4201.6	4184.85	4194.6	1496	0	5
2025-10-15	18:45:00	4194.93	4198.16	4179.8	4190.06	1527	0	5
2025-10-15	19:00:00	4190.22	4195.56	4186.4	4191.09	1410	0	7
2025-10-15	19:15:00	4191.07	4199.81	4191.07	4197.13	1305	0	7
2025-10-15	19:30:00	4197.08	4198.33	4190.06	4196.73	1356	0	5
2025-10-15	19:45:00	4196.75	4199.66	4193.0	4198.9	1261	0	5
2025-10-15	20:00:00	4198.91	4199.6	4183.33	4185.57	1395	0	16
2025-10-15	20:15:00	4185.64	4193.19	4182.59	4188.45	1510	0	5
2025-10-15	20:30:00	4188.6	4193.19	4186.32	4192.98	1346	0	5
2025-10-15	20:45:00	4192.92	4197.71	4192.2	4197.71	1255	0	5
2025-10-15	21:00:00	4197.77	4204.6	4196.39	4199.87	1403	0	5
2025-10-15	21:15:00	4200.13	4200.68	4195.24	4197.97	1316	0	5
2025-10-15	21:30:00	4197.75	4200.14	4196.58	4198.99	1111	0	5
2025-10-15	21:45:00	4199.12	4201.4	4195.58	4200.48	1206	0	5
2025-10-15	22:00:00	4200.5	4206.18	4200.16	4205.62	1303	0	9
2025-10-15	22:15:00	4205.58	4211.93	4205.1	4210.78	1348	0	5
2025-10-15	22:30:00	4210.81	4212.45	4205.63	4206.04	1346	0	6
2025-10-15	22:45:00	4206.12	4213.14	4205.97	4210.42	1363	0	5
2025-10-15	23:00:00	4210.0	4212.9	4208.61	4209.09	943	0	18
2025-10-15	23:15:00	4209.07	4209.96	4206.04	4207.62	873	0	9
2025-10-15	23:30:00	4207.63	4211.4	4207.1	4210.63	853	0	12
2025-10-15	23:45:00	4210.64	4210.71	4206.89	4208.06	840	0	5
2025-10-16	01:00:00	4208.26	4212.76	4203.37	4205.14	932	0	6
2025-10-16	01:15:00	4205.07	4212.84	4199.79	4211.58	1082	0	5
2025-10-16	01:30:00	4211.62	4215.35	4210.19	4215.35	983	0	5
2025-10-16	01:45:00	4215.35	4215.66	4212.16	4213.3	848	0	12
2025-10-16	02:00:00	4213.06	4215.85	4208.79	4210.83	1127	0	13
2025-10-16	02:15:00	4210.81	4212.93	4209.14	4212.23	1001	0	17
2025-10-16	02:30:00	4212.16	4213.13	4206.27	4208.17	1004	0	6
2025-10-16	02:45:00	4208.14	4211.56	4207.07	4209.46	1055	0	16
2025-10-16	03:00:00	4209.19	4215.4	4205.29	4214.88	1298	0	5
2025-10-16	03:15:00	4214.93	4225.19	4214.93	4223.16	1342	0	8
2025-10-16	03:30:00	4223.13	4227.21	4220.51	4223.07	1363	0	13
2025-10-16	03:45:00	4223.19	4223.32	4210.56	4210.64	1387	0	5
2025-10-16	04:00:00	4210.98	4222.7	4210.83	4220.39	1533	0	5
2025-10-16	04:15:00	4220.56	4228.05	4218.45	4224.69	1436	0	14
2025-10-16	04:30:00	4224.69	4232.77	4223.68	4230.85	1472	0	11
2025-10-16	04:45:00	4230.86	4231.33	4222.82	4230.17	1425	0	16
2025-10-16	05:00:00	4230.14	4234.62	4229.41	4234.5	1308	0	16
2025-10-16	05:15:00	4234.51	4234.52	4231.53	4231.65	1127	0	9
2025-10-16	05:30:00	4231.57	4236.25	4225.9	4236.09	1361	0	5
2025-10-16	05:45:00	4236.14	4239.53	4234.04	4239.48	1219	0	10
2025-10-16	06:00:00	4239.27	4242.14	4235.43	4238.1	1249	0	5
2025-10-16	06:15:00	4238.49	4241.11	4234.25	4235.57	1307	0	5
2025-10-16	06:30:00	4235.71	4236.81	4229.08	4233.4	1228	0	10
2025-10-16	06:45:00	4233.42	4235.75	4231.96	4233.82	1013	0	16
2025-10-16	07:00:00	4233.56	4236.02	4230.45	4235.06	1042	0	11
2025-10-16	07:15:00	4235.07	4239.11	4234.37	4238.07	1022	0	12
2025-10-16	07:30:00	4238.17	4239.37	4232.91	4234.23	1048	0	9
2025-10-16	07:45:00	4234.4	4234.95	4227.82	4233.33	1241	0	5
2025-10-16	08:00:00	4233.48	4234.56	4224.81	4227.17	1206	0	15
2025-10-16	08:15:00	4227.29	4230.63	4221.34	4224.07	1349	0	16
2025-10-16	08:30:00	4223.88	4224.01	4204.74	4211.79	1609	0	5
2025-10-16	08:45:00	4211.3	4211.48	4203.8	4204.87	1452	0	5
2025-10-16	09:00:00	4204.48	4222.86	4203.65	4221.73	1506	0	5
2025-10-16	09:15:00	4221.69	4226.96	4221.69	4224.37	1379	0	5
2025-10-16	09:30:00	4224.35	4226.16	4218.45	4218.45	1296	0	16
2025-10-16	09:45:00	4218.38	4222.75	4215.59	4222.75	1326	0	5
2025-10-16	10:00:00	4222.6	4231.59	4222.17	4231.42	1312	0	5
2025-10-16	10:15:00	4231.44	4233.98	4229.08	4233.56	1254	0	5
2025-10-16	10:30:00	4233.61	4233.61	4226.9	4230.44	1208	0	5
2025-10-16	10:45:00	4230.45	4231.76	4226.02	4230.5	1231	0	5
2025-10-16	11:00:00	4230.51	4235.75	4230.08	4231.97	1246	0	5
2025-10-16	11:15:00	4232.0	4235.61	4230.87	4231.51	1089	0	6
2025-10-16	11:30:00	4232.01	4233.26	4228.39	4232.29	1168	0	9
2025-10-16	11:45:00	4232.42	4234.1	4229.32	4232.86	1027	0	11
2025-10-16	12:00:00	4233.01	4234.99	4229.61	4230.06	1106	0	5
2025-10-16	12:15:00	4230.01	4231.45	4222.85	4223.49	1213	0	5
2025-10-16	12:30:00	4223.79	4227.83	4222.36	4227.29	1242	0	15
2025-10-16	12:45:00	4227.3	4241.51	4227.22	4239.53	1265	0	7
2025-10-16	13:00:00	4239.29	4242.96	4235.05	4238.95	1386	0	6
2025-10-16	13:15:00	4238.93	4242.2	4236.42	4237.7	1195	0	11
2025-10-16	13:30:00	4237.77	4240.22	4234.45	4239.22	1115	0	5
2025-10-16	13:45:00	4239.26	4246.26	4237.77	4242.85	1189	0	5
2025-10-16	14:00:00	4243.0	4244.75	4239.73	4242.95	1201	0	5
2025-10-16	14:15:00	4242.99	4246.55	4242.07	4244.52	1096	0	5
2025-10-16	14:30:00	4244.52	4247.25	4242.56	4246.6	1221	0	6
2025-10-16	14:45:00	4246.65	4247.45	4240.08	4240.73	1274	0	5
2025-10-16	15:00:00	4240.73	4244.98	4240.07	4244.72	1273	0	5
2025-10-16	15:15:00	4245.01	4245.23	4236.7	4239.16	1271	0	5
2025-10-16	15:30:00	4239.36	4251.08	4227.49	4237.44	1524	0	5
2025-10-16	15:45:00	4236.83	4240.33	4233.5	4235.96	1469	0	8
2025-10-16	16:00:00	4236.28	4247.21	4234.76	4245.93	1507	0	5
2025-10-16	16:15:00	4245.83	4254.76	4244.49	4251.41	1462	0	5
2025-10-16	16:30:00	4251.92	4258.8	4245.62	4255.45	1572	0	5
2025-10-16	16:45:00	4255.52	4256.73	4243.89	4246.46	1489	0	5
2025-10-16	17:00:00	4245.86	4265.52	4245.26	4265.22	1532	0	5
2025-10-16	17:15:00	4265.12	4265.12	4256.02	4262.81	1500	0	5
2025-10-16	17:30:00	4262.48	4267.43	4258.65	4259.64	1518	0	5
2025-10-16	17:45:00	4259.69	4264.93	4254.38	4263.18	1449	0	5
2025-10-16	18:00:00	4263.49	4271.68	4261.0	4269.37	1429	0	7
2025-10-16	18:15:00	4269.65	4273.44	4269.13	4272.16	1380	0	7
2025-10-16	18:30:00	4272.26	4273.08	4267.41	4270.48	1419	0	5
2025-10-16	18:45:00	4270.45	4276.12	4268.79	4273.35	1297	0	5
2025-10-16	19:00:00	4273.73	4280.35	4269.7	4278.96	1418	0	5
2025-10-16	19:15:00	4278.96	4291.74	4278.14	4289.3	1425	0	5
2025-10-16	19:30:00	4289.65	4291.92	4261.43	4271.65	1698	0	5
2025-10-16	19:45:00	4271.23	4284.42	4268.9	4282.61	1567	0	5
2025-10-16	20:00:00	4282.79	4291.23	4280.07	4289.48	1504	0	5
2025-10-16	20:15:00	4289.49	4295.11	4287.46	4289.72	1475	0	5
2025-10-16	20:30:00	4289.51	4298.65	4288.8	4291.01	1451	0	5
2025-10-16	20:45:00	4291.0	4295.36	4287.45	4293.88	1375	0	5
2025-10-16	21:00:00	4293.63	4294.91	4283.98	4284.55	1394	0	5
2025-10-16	21:15:00	4284.34	4291.67	4273.66	4285.4	1563	0	5
2025-10-16	21:30:00	4285.42	4293.28	4283.1	4292.89	1414	0	13
2025-10-16	21:45:00	4292.92	4293.88	4287.57	4291.12	1350	0	5
2025-10-16	22:00:00	4290.95	4296.08	4288.25	4293.17	1362	0	7
2025-10-16	22:15:00	4293.26	4297.16	4287.9	4295.15	1415	0	17
2025-10-16	22:30:00	4295.02	4296.82	4290.95	4296.52	1392	0	7
2025-10-16	22:45:00	4296.14	4312.84	4294.45	4307.63	1508	0	5
2025-10-16	23:00:00	4307.4	4320.31	4307.4	4316.67	1402	0	6
2025-10-16	23:15:00	4316.67	4317.98	4313.34	4315.67	1067	0	8
2025-10-16	23:30:00	4315.68	4318.53	4311.81	4318.08	1000	0	6
2025-10-16	23:45:00	4318.05	4330.39	4317.79	4325.87	1298	0	5
2025-10-17	01:00:00	4329.76	4360.27	4327.02	4349.72	2187	0	10
2025-10-17	01:15:00	4350.05	4379.18	4349.18	4367.79	1568	0	5
2025-10-17	01:30:00	4367.78	4367.78	4342.96	4360.77	1481	0	12
2025-10-17	01:45:00	4360.83	4364.57	4344.13	4346.73	1538	0	5
2025-10-17	02:00:00	4346.79	4363.31	4342.04	4355.63	1586	0	10
2025-10-17	02:15:00	4355.53	4363.74	4353.36	4363.74	1331	0	9
2025-10-17	02:30:00	4363.75	4369.43	4350.28	4368.45	1516	0	5
2025-10-17	02:45:00	4368.5	4379.1	4360.5	4365.74	1616	0	5
2025-10-17	03:00:00	4365.41	4366.79	4354.98	4356.65	1584	0	8
2025-10-17	03:15:00	4356.64	4363.67	4355.95	4357.88	1542	0	7
2025-10-17	03:30:00	4358.04	4367.94	4353.53	4366.93	1517	0	6
2025-10-17	03:45:00	4367.03	4371.43	4356.49	4358.29	1535	0	8
2025-10-17	04:00:00	4357.86	4362.09	4343.65	4347.6	1786	0	5
2025-10-17	04:15:00	4347.79	4348.44	4323.82	4334.02	1777	0	5
2025-10-17	04:30:00	4333.91	4337.69	4278.66	4290.57	1869	0	5
2025-10-17	04:45:00	4290.92	4314.19	4279.63	4314.04	1869	0	5
2025-10-17	05:00:00	4313.95	4335.71	4312.43	4328.0	1693	0	6
2025-10-17	05:15:00	4327.82	4333.31	4323.19	4332.35	1556	0	5
2025-10-17	05:30:00	4332.48	4344.13	4331.61	4339.85	1490	0	5
2025-10-17	05:45:00	4339.69	4348.37	4336.76	4342.46	1493	0	6
2025-10-17	06:00:00	4342.5	4359.89	4338.75	4359.22	1520	0	5
2025-10-17	06:15:00	4358.8	4360.89	4355.04	4356.97	1489	0	6
2025-10-17	06:30:00	4357.16	4360.4	4354.36	4356.8	1337	0	5
2025-10-17	06:45:00	4356.72	4366.62	4355.5	4366.62	1387	0	13
2025-10-17	07:00:00	4366.69	4376.33	4366.68	4370.92	1399	0	5
2025-10-17	07:15:00	4371.02	4371.23	4355.21	4358.59	1476	0	5
2025-10-17	07:30:00	4358.74	4365.23	4358.29	4360.61	1268	0	5
2025-10-17	07:45:00	4360.73	4377.1	4359.9	4376.23	1382	0	11
2025-10-17	08:00:00	4375.53	4378.51	4365.99	4367.76	1466	0	11
2025-10-17	08:15:00	4367.77	4368.38	4357.97	4359.38	1411	0	12
2025-10-17	08:30:00	4360.12	4363.08	4342.13	4359.77	1613	0	8
2025-10-17	08:45:00	4359.88	4369.42	4357.0	4365.35	1530	0	7
2025-10-17	09:00:00	4365.85	4369.56	4354.62	4358.69	1565	0	9
2025-10-17	09:15:00	4358.97	4364.68	4356.1	4361.54	1575	0	7
2025-10-17	09:30:00	4361.63	4365.11	4347.04	4364.06	1640	0	10
2025-10-17	09:45:00	4364.11	4367.4	4357.0	4360.12	1504	0	15
2025-10-17	10:00:00	4359.44	4361.6	4352.36	4355.59	1619	0	7
2025-10-17	10:15:00	4355.62	4357.34	4309.58	4339.0	1754	0	5
2025-10-17	10:30:00	4339.6	4349.27	4330.77	4345.56	1666	0	5
2025-10-17	10:45:00	4345.87	4349.0	4330.11	4341.78	1630	0	5
2025-10-17	11:00:00	4342.59	4347.31	4321.1	4334.26	1603	0	5
2025-10-17	11:15:00	4334.28	4349.47	4334.28	4341.25	1589	0	5
2025-10-17	11:30:00	4341.13	4346.71	4332.98	4346.33	1574	0	7
2025-10-17	11:45:00	4346.49	4349.46	4340.15	4347.74	1492	0	5
2025-10-17	12:00:00	4347.3	4348.48	4341.17	4341.9	1401	0	5
2025-10-17	12:15:00	4341.94	4342.64	4332.43	4335.3	1508	0	5
2025-10-17	12:30:00	4335.33	4345.16	4333.62	4338.07	1465	0	6
2025-10-17	12:45:00	4338.07	4341.97	4335.35	4340.14	1348	0	11
2025-10-17	13:00:00	4340.12	4342.01	4338.1	4338.18	1373	0	9
2025-10-17	13:15:00	4338.16	4341.37	4336.38	4341.11	1343	0	5
2025-10-17	13:30:00	4341.39	4341.62	4319.71	4331.21	1611	0	8
2025-10-17	13:45:00	4331.01	4337.29	4326.84	4327.63	1549	0	5
2025-10-17	14:00:00	4328.39	4335.91	4316.76	4319.71	1600	0	5
2025-10-17	14:15:00	4319.98	4332.59	4319.12	4322.17	1531	0	5
2025-10-17	14:30:00	4321.85	4322.85	4303.9	4307.78	1689	0	5
2025-10-17	14:45:00	4308.39	4314.21	4286.68	4287.12	1670	0	5
2025-10-17	15:00:00	4287.81	4316.14	4283.64	4315.31	1720	0	5
2025-10-17	15:15:00	4315.43	4315.74	4291.7	4293.2	1700	0	5
2025-10-17	15:30:00	4293.05	4315.54	4291.31	4314.44	1644	0	5
2025-10-17	15:45:00	4314.33	4320.24	4311.05	4314.31	1573	0	5
2025-10-17	16:00:00	4314.45	4316.33	4301.35	4313.66	1700	0	5
2025-10-17	16:15:00	4313.9	4317.61	4303.97	4316.22	1626	0	5
2025-10-17	16:30:00	4315.46	4317.26	4258.66	4285.93	2011	0	5
2025-10-17	16:45:00	4286.2	4293.56	4273.11	4274.18	1725	0	5
2025-10-17	17:00:00	4273.58	4274.58	4217.19	4217.96	2051	0	5
2025-10-17	17:15:00	4217.99	4244.76	4216.88	4241.47	1911	0	5
2025-10-17	17:30:00	4241.91	4266.31	4230.97	4258.99	1828	0	5
2025-10-17	17:45:00	4259.23	4260.31	4243.94	4248.95	1720	0	5
2025-10-17	18:00:00	4249.79	4259.42	4240.29	4242.55	1690	0	5
2025-10-17	18:15:00	4242.86	4248.96	4231.33	4248.12	1637	0	14
2025-10-17	18:30:00	4248.2	4259.16	4245.44	4255.64	1561	0	15
2025-10-17	18:45:00	4255.53	4256.52	4236.5	4237.72	1582	0	13
2025-10-17	19:00:00	4237.68	4244.9	4225.25	4233.89	1647	0	5
2025-10-17	19:15:00	4233.83	4239.23	4214.39	4214.72	1620	0	10
2025-10-17	19:30:00	4214.62	4221.34	4206.08	4208.27	1701	0	13
2025-10-17	19:45:00	4208.86	4220.39	4201.02	4204.49	1701	0	5
2025-10-17	20:00:00	4204.97	4209.04	4186.45	4206.59	1723	0	5
2025-10-17	20:15:00	4206.4	4214.23	4199.45	4201.12	1611	0	16
2025-10-17	20:30:00	4201.9	4228.17	4196.67	4222.7	1592	0	5
2025-10-17	20:45:00	4222.53	4226.42	4217.36	4221.07	1560	0	11
2025-10-17	21:00:00	4221.74	4241.63	4218.1	4233.82	1620	0	5
2025-10-17	21:15:00	4233.62	4244.5	4231.43	4244.5	1391	0	5
2025-10-17	21:30:00	4244.63	4244.63	4234.33	4234.43	1419	0	5
2025-10-17	21:45:00	4234.56	4242.04	4232.06	4235.64	1254	0	8
2025-10-17	22:00:00	4236.3	4237.76	4222.62	4223.44	1488	0	13
2025-10-17	22:15:00	4223.78	4224.95	4212.87	4216.37	1580	0	6
2025-10-17	22:30:00	4216.44	4228.86	4216.44	4221.62	1451	0	8
2025-10-17	22:45:00	4221.66	4231.4	4218.5	4225.83	1546	0	14
2025-10-17	23:00:00	4227.28	4234.06	4220.18	4232.05	1331	0	9
2025-10-17	23:15:00	4232.08	4246.25	4231.18	4245.71	1283	0	5
2025-10-17	23:30:00	4245.71	4248.1	4242.57	4247.24	1224	0	5
2025-10-17	23:45:00	4247.2	4252.75	4243.92	4252.63	931	0	7
2025-10-20	01:00:00	4247.6	4274.11	4239.03	4259.15	1950	0	5
2025-10-20	01:15:00	4259.34	4268.36	4254.74	4259.8	1171	0	16
2025-10-20	01:30:00	4259.46	4259.79	4246.13	4256.99	1229	0	5
2025-10-20	01:45:00	4256.91	4262.06	4253.69	4255.68	1077	0	16
2025-10-20	02:00:00	4255.97	4256.27	4242.91	4244.01	1188	0	7
2025-10-20	02:15:00	4243.99	4249.5	4239.22	4247.51	1192	0	17
2025-10-20	02:30:00	4247.66	4247.98	4243.39	4245.71	890	0	16
2025-10-20	02:45:00	4245.55	4246.25	4233.66	4237.94	1250	0	5
2025-10-20	03:00:00	4238.09	4242.54	4224.5	4225.16	1358	0	5
2025-10-20	03:15:00	4225.21	4235.8	4219.03	4221.79	1391	0	5
2025-10-20	03:30:00	4222.11	4244.03	4220.28	4240.73	1349	0	5
2025-10-20	03:45:00	4240.87	4250.69	4239.47	4249.5	1342	0	16
2025-10-20	04:00:00	4249.51	4255.71	4229.92	4255.31	1496	0	7
2025-10-20	04:15:00	4254.98	4264.53	4248.61	4262.77	1384	0	6
2025-10-20	04:30:00	4262.86	4266.31	4256.11	4266.13	1385	0	12
2025-10-20	04:45:00	4265.92	4268.92	4258.81	4262.52	1338	0	9
2025-10-20	05:00:00	4263.07	4265.27	4258.83	4262.79	1221	0	14
2025-10-20	05:15:00	4262.77	4267.36	4260.24	4267.32	1061	0	16
2025-10-20	05:30:00	4266.98	4271.04	4260.93	4261.16	1271	0	16
2025-10-20	05:45:00	4260.94	4262.41	4253.44	4255.73	1243	0	10
2025-10-20	06:00:00	4255.8	4259.63	4252.21	4253.84	1187	0	12
2025-10-20	06:15:00	4253.87	4262.51	4252.33	4254.98	1111	0	10
2025-10-20	06:30:00	4255.09	4256.95	4249.01	4255.07	1109	0	16
2025-10-20	06:45:00	4254.93	4265.29	4254.31	4264.69	1074	0	10
2025-10-20	07:00:00	4264.66	4267.25	4260.48	4261.74	1022	0	16
2025-10-20	07:15:00	4261.77	4264.77	4260.4	4264.4	896	0	16
2025-10-20	07:30:00	4264.42	4268.2	4262.41	4266.75	971	0	8
2025-10-20	07:45:00	4266.64	4267.82	4264.88	4266.39	821	0	7
2025-10-20	08:00:00	4265.91	4266.65	4258.52	4261.46	1031	0	10
2025-10-20	08:15:00	4261.47	4263.26	4247.13	4257.03	1185	0	16
2025-10-20	08:30:00	4257.03	4260.35	4250.3	4254.98	1264	0	15
2025-10-20	08:45:00	4255.06	4255.68	4239.93	4239.98	1241	0	7
2025-10-20	09:00:00	4239.99	4245.04	4231.16	4244.05	1364	0	9
2025-10-20	09:15:00	4243.94	4245.47	4226.5	4226.84	1294	0	8
2025-10-20	09:30:00	4226.85	4240.77	4221.7	4234.54	1306	0	9
2025-10-20	09:45:00	4234.03	4237.66	4230.74	4236.37	1287	0	16
2025-10-20	10:00:00	4236.08	4257.3	4235.0	4254.68	1313	0	7
2025-10-20	10:15:00	4254.66	4260.19	4253.61	4253.8	1233	0	5
2025-10-20	10:30:00	4253.95	4260.89	4251.52	4259.06	1194	0	6
2025-10-20	10:45:00	4259.05	4260.85	4254.21	4255.15	1186	0	16
2025-10-20	11:00:00	4255.26	4262.81	4254.11	4260.74	1234	0	6
2025-10-20	11:15:00	4260.75	4261.58	4256.81	4260.6	1093	0	5
2025-10-20	11:30:00	4260.58	4266.11	4257.01	4259.14	1166	0	7
2025-10-20	11:45:00	4259.38	4259.81	4252.33	4258.67	1169	0	5
2025-10-20	12:00:00	4258.74	4260.13	4252.33	4252.69	1163	0	5
2025-10-20	12:15:00	4252.69	4255.09	4250.4	4252.51	1080	0	17
2025-10-20	12:30:00	4251.99	4258.4	4251.97	4258.22	1171	0	6
2025-10-20	12:45:00	4258.33	4263.64	4257.48	4260.73	1148	0	8
2025-10-20	13:00:00	4260.62	4260.83	4245.68	4253.71	1232	0	6
2025-10-20	13:15:00	4253.55	4258.63	4252.55	4255.99	1223	0	5
2025-10-20	13:30:00	4255.98	4259.01	4251.65	4257.75	1144	0	10
2025-10-20	13:45:00	4257.56	4260.18	4254.83	4255.01	1164	0	16
2025-10-20	14:00:00	4254.81	4257.77	4250.85	4255.05	1197	0	5
2025-10-20	14:15:00	4254.82	4263.74	4254.82	4262.75	1091	0	5
2025-10-20	14:30:00	4262.73	4265.12	4259.79	4263.88	1137	0	6
2025-10-20	14:45:00	4263.73	4279.63	4263.49	4279.56	1147	0	9
2025-10-20	15:00:00	4279.87	4283.53	4272.86	4281.41	1306	0	5
2025-10-20	15:15:00	4280.82	4299.78	4278.56	4293.87	1385	0	5
2025-10-20	15:30:00	4292.95	4323.62	4292.49	4320.13	1411	0	8
2025-10-20	15:45:00	4320.01	4327.04	4312.48	4323.65	1398	0	5
2025-10-20	16:00:00	4324.04	4325.3	4313.7	4319.09	1399	0	12
2025-10-20	16:15:00	4319.71	4322.4	4315.46	4320.24	1353	0	5
2025-10-20	16:30:00	4320.1	4320.1	4302.83	4308.1	1456	0	5
2025-10-20	16:45:00	4308.35	4317.14	4299.41	4300.81	1413	0	5
2025-10-20	17:00:00	4300.65	4316.79	4292.69	4316.21	1421	0	5
2025-10-20	17:15:00	4316.21	4334.14	4316.21	4326.33	1394	0	5
2025-10-20	17:30:00	4326.36	4329.8	4317.16	4325.32	1369	0	5
2025-10-20	17:45:00	4325.05	4334.56	4324.23	4332.25	1350	0	5
2025-10-20	18:00:00	4332.71	4347.49	4332.56	4346.49	1353	0	5
2025-10-20	18:15:00	4346.3	4355.82	4341.55	4345.2	1369	0	5
2025-10-20	18:30:00	4345.14	4350.72	4343.89	4350.0	1313	0	5
2025-10-20	18:45:00	4349.83	4351.24	4346.89	4349.2	1300	0	11
2025-10-20	19:00:00	4349.39	4350.77	4342.8	4346.37	1279	0	5
2025-10-20	19:15:00	4346.54	4350.26	4344.17	4345.11	1186	0	5
2025-10-20	19:30:00	4345.16	4348.61	4343.35	4346.25	1153	0	12
2025-10-20	19:45:00	4346.46	4349.74	4344.02	4347.85	1147	0	5
2025-10-20	20:00:00	4347.98	4351.06	4346.15	4346.58	1156	0	10
2025-10-20	20:15:00	4346.92	4350.51	4340.73	4342.17	1262	0	5
2025-10-20	20:30:00	4342.15	4346.95	4337.5	4345.43	1193	0	5
2025-10-20	20:45:00	4345.53	4349.06	4345.53	4347.37	1177	0	5
2025-10-20	21:00:00	4347.93	4348.92	4344.63	4346.98	1031	0	5
2025-10-20	21:15:00	4346.98	4358.13	4345.59	4357.68	1056	0	5
2025-10-20	21:30:00	4357.8	4364.54	4355.21	4359.47	1251	0	6
2025-10-20	21:45:00	4359.28	4362.07	4357.51	4359.32	1168	0	5
2025-10-20	22:00:00	4359.43	4366.97	4359.28	4366.3	1214	0	8
2025-10-20	22:15:00	4366.28	4367.22	4364.53	4366.83	1187	0	5
2025-10-20	22:30:00	4367.05	4369.79	4364.85	4369.64	1267	0	5
2025-10-20	22:45:00	4369.65	4381.53	4369.33	4378.13	1330	0	5
2025-10-20	23:00:00	4378.76	4380.12	4355.67	4360.3	1325	0	6
2025-10-20	23:15:00	4360.32	4361.08	4346.83	4354.3	1240	0	5
2025-10-20	23:30:00	4354.39	4358.91	4346.79	4357.24	1156	0	11
2025-10-20	23:45:00	4357.19	4359.03	4354.0	4356.25	891	0	14
2025-10-21	01:00:00	4353.87	4371.03	4352.78	4361.68	1506	0	12
2025-10-21	01:15:00	4362.24	4375.4	4362.08	4371.75	1030	0	5
2025-10-21	01:30:00	4371.8	4371.85	4357.72	4358.87	1057	0	9
2025-10-21	01:45:00	4359.16	4370.19	4357.67	4367.31	988	0	11
2025-10-21	02:00:00	4367.58	4371.59	4365.61	4367.56	1046	0	5
2025-10-21	02:15:00	4367.6	4368.21	4360.02	4362.09	1006	0	16
2025-10-21	02:30:00	4362.11	4362.79	4357.76	4361.15	956	0	16
2025-10-21	02:45:00	4361.22	4362.5	4356.77	4360.41	1121	0	16
2025-10-21	03:00:00	4360.36	4363.87	4356.55	4359.17	1208	0	9
2025-10-21	03:15:00	4359.33	4370.21	4355.92	4368.51	1284	0	5
2025-10-21	03:30:00	4368.7	4371.09	4366.68	4369.94	1121	0	11
2025-10-21	03:45:00	4369.99	4370.99	4364.48	4368.89	1241	0	16
2025-10-21	04:00:00	4368.47	4372.15	4358.22	4359.11	1408	0	5
2025-10-21	04:15:00	4359.17	4361.09	4349.32	4350.14	1384	0	5
2025-10-21	04:30:00	4350.15	4350.15	4333.07	4346.27	1421	0	5
2025-10-21	04:45:00	4346.24	4350.9	4339.01	4350.57	1366	0	5
2025-10-21	05:00:00	4350.71	4350.97	4341.06	4345.67	1295	0	6
2025-10-21	05:15:00	4345.85	4355.3	4343.86	4350.5	1233	0	9
2025-10-21	05:30:00	4350.51	4351.23	4336.06	4340.01	1291	0	6
2025-10-21	05:45:00	4339.9	4344.66	4335.09	4338.96	1264	0	5
2025-10-21	06:00:00	4338.92	4346.85	4337.86	4342.21	1218	0	6
2025-10-21	06:15:00	4342.28	4349.44	4339.64	4348.82	1184	0	5
2025-10-21	06:30:00	4349.2	4350.57	4346.59	4347.52	988	0	5
2025-10-21	06:45:00	4347.72	4348.61	4343.23	4346.56	984	0	13
2025-10-21	07:00:00	4346.48	4346.88	4342.88	4343.87	906	0	5
2025-10-21	07:15:00	4343.85	4345.42	4342.35	4342.93	916	0	9
2025-10-21	07:30:00	4342.78	4343.38	4338.96	4339.61	963	0	13
2025-10-21	07:45:00	4339.6	4344.13	4337.44	4341.98	1015	0	5
2025-10-21	08:00:00	4341.86	4344.14	4331.54	4334.48	1239	0	11
2025-10-21	08:15:00	4334.6	4335.54	4329.67	4332.89	1172	0	5
2025-10-21	08:30:00	4332.85	4333.14	4317.01	4322.87	1360	0	5
2025-10-21	08:45:00	4323.03	4329.17	4322.04	4323.45	1248	0	10
2025-10-21	09:00:00	4323.07	4330.49	4317.38	4329.42	1291	0	5
2025-10-21	09:15:00	4329.52	4330.38	4323.13	4324.2	1246	0	5
2025-10-21	09:30:00	4324.09	4337.66	4322.2	4337.45	1225	0	10
2025-10-21	09:45:00	4337.45	4344.27	4335.08	4343.23	1250	0	7
2025-10-21	10:00:00	4342.53	4343.2	4330.27	4331.27	1287	0	5
2025-10-21	10:15:00	4331.28	4334.46	4322.64	4324.94	1208	0	5
2025-10-21	10:30:00	4324.99	4324.99	4293.69	4300.71	1496	0	5
2025-10-21	10:45:00	4300.51	4307.24	4297.44	4298.46	1420	0	5
2025-10-21	11:00:00	4298.35	4301.66	4244.59	4244.59	1577	0	5
2025-10-21	11:15:00	4245.2	4270.3	4245.2	4267.02	1510	0	5
2025-10-21	11:30:00	4266.66	4272.72	4263.22	4271.87	1386	0	5
2025-10-21	11:45:00	4271.97	4274.14	4267.79	4273.86	1271	0	12
2025-10-21	12:00:00	4273.53	4278.03	4254.73	4258.59	1368	0	6
2025-10-21	12:15:00	4258.42	4272.44	4257.76	4270.67	1309	0	5
2025-10-21	12:30:00	4270.83	4276.1	4265.68	4269.7	1268	0	5
2025-10-21	12:45:00	4269.61	4272.21	4262.88	4265.07	1258	0	5
2025-10-21	13:00:00	4265.58	4266.46	4255.47	4260.08	1272	0	5
2025-10-21	13:15:00	4260.05	4266.43	4249.22	4264.55	1322	0	5
2025-10-21	13:30:00	4264.75	4264.75	4255.91	4260.2	1183	0	16
2025-10-21	13:45:00	4260.18	4261.93	4253.72	4253.83	1257	0	5
2025-10-21	14:00:00	4253.8	4269.04	4252.29	4267.86	1209	0	5
2025-10-21	14:15:00	4267.96	4272.37	4257.13	4266.45	1244	0	5
2025-10-21	14:30:00	4266.7	4266.87	4254.7	4255.78	1240	0	5
2025-10-21	14:45:00	4255.52	4261.0	4245.75	4253.18	1243	0	7
2025-10-21	15:00:00	4253.28	4257.48	4215.36	4225.34	1459	0	5
2025-10-21	15:15:00	4224.59	4233.19	4219.48	4228.54	1442	0	9
2025-10-21	15:30:00	4226.33	4230.25	4216.24	4218.12	1432	0	7
2025-10-21	15:45:00	4217.52	4222.19	4206.18	4211.3	1450	0	5
2025-10-21	16:00:00	4210.7	4211.27	4189.83	4197.15	1503	0	5
2025-10-21	16:15:00	4197.25	4209.66	4195.55	4201.39	1418	0	9
2025-10-21	16:30:00	4199.84	4225.32	4191.56	4205.33	1566	0	5
2025-10-21	16:45:00	4205.63	4209.23	4167.69	4173.9	1652	0	5
2025-10-21	17:00:00	4173.86	4187.86	4165.44	4181.89	1571	0	5
2025-10-21	17:15:00	4181.47	4181.78	4130.58	4136.71	1572	0	5
2025-10-21	17:30:00	4137.4	4137.43	4097.51	4101.66	1680	0	5
2025-10-21	17:45:00	4101.52	4141.16	4080.66	4138.79	1646	0	5
2025-10-21	18:00:00	4138.23	4150.52	4122.97	4140.95	1529	0	5
2025-10-21	18:15:00	4141.46	4142.9	4120.57	4124.99	1465	0	9
2025-10-21	18:30:00	4124.88	4143.06	4123.25	4142.52	1423	0	5
2025-10-21	18:45:00	4142.54	4147.6	4134.57	4138.56	1425	0	5
2025-10-21	19:00:00	4138.73	4143.77	4125.17	4134.24	1404	0	11
2025-10-21	19:15:00	4134.23	4134.41	4114.83	4117.5	1388	0	6
2025-10-21	19:30:00	4118.0	4120.8	4102.1	4113.98	1408	0	8
2025-10-21	19:45:00	4113.77	4126.61	4108.65	4113.46	1402	0	8
2025-10-21	20:00:00	4113.89	4119.42	4101.29	4114.2	1425	0	9
2025-10-21	20:15:00	4113.74	4118.88	4093.54	4097.77	1404	0	5
2025-10-21	20:30:00	4098.54	4117.66	4096.2	4116.09	1377	0	16
2025-10-21	20:45:00	4116.17	4120.19	4108.57	4111.25	1331	0	9
2025-10-21	21:00:00	4111.18	4124.07	4111.07	4118.6	1285	0	6
2025-10-21	21:15:00	4118.65	4119.43	4111.82	4116.15	1254	0	8
2025-10-21	21:30:00	4116.29	4125.68	4113.66	4113.83	1235	0	9
2025-10-21	21:45:00	4113.91	4115.29	4106.33	4114.86	1309	0	7
2025-10-21	22:00:00	4115.11	4122.14	4106.48	4110.09	1323	0	9
2025-10-21	22:15:00	4109.99	4110.61	4100.4	4104.28	1359	0	7
2025-10-21	22:30:00	4104.02	4112.35	4101.28	4110.29	1325	0	16
2025-10-21	22:45:00	4110.45	4111.46	4101.53	4108.87	1312	0	13
2025-10-21	23:00:00	4109.63	4121.77	4106.14	4120.65	1191	0	5
2025-10-21	23:15:00	4120.83	4124.78	4118.61	4122.58	1018	0	15
2025-10-21	23:30:00	4122.62	4130.87	4120.87	4128.47	1017	0	7
2025-10-21	23:45:00	4128.83	4130.5	4124.22	4124.85	801	0	9
2025-10-22	01:00:00	4125.17	4132.26	4114.06	4118.41	1316	0	5
2025-10-22	01:15:00	4118.37	4126.69	4116.95	4124.76	1041	0	5
2025-10-22	01:30:00	4124.74	4129.02	4120.77	4124.94	1074	0	17
2025-10-22	01:45:00	4124.99	4128.11	4120.83	4123.15	994	0	5
2025-10-22	02:00:00	4123.27	4126.02	4116.33	4116.39	1138	0	14
2025-10-22	02:15:00	4116.99	4127.17	4114.29	4123.77	1107	0	16
2025-10-22	02:30:00	4124.0	4127.78	4123.56	4124.61	922	0	16
2025-10-22	02:45:00	4124.26	4124.26	4090.21	4093.08	1389	0	14
2025-10-22	03:00:00	4093.14	4094.06	4004.22	4036.52	1776	0	5
2025-10-22	03:15:00	4036.76	4059.12	4030.95	4048.82	1685	0	5
2025-10-22	03:30:00	4049.12	4082.97	4041.08	4075.42	1584	0	5
2025-10-22	03:45:00	4075.99	4090.65	4063.41	4075.12	1513	0	16
2025-10-22	04:00:00	4076.78	4118.57	4064.63	4117.05	1601	0	5
2025-10-22	04:15:00	4117.09	4120.63	4098.15	4104.35	1445	0	10
2025-10-22	04:30:00	4104.57	4110.24	4083.69	4098.57	1447	0	9
2025-10-22	04:45:00	4098.46	4106.27	4083.53	4087.16	1421	0	8
2025-10-22	05:00:00	4087.8	4117.78	4087.33	4115.34	1275	0	15
2025-10-22	05:15:00	4115.13	4115.5	4108.15	4110.51	1141	0	5
2025-10-22	05:30:00	4110.49	4114.59	4103.8	4112.43	1154	0	11
2025-10-22	05:45:00	4113.2	4116.29	4111.67	4114.95	985	0	13
2025-10-22	06:00:00	4114.88	4115.2	4107.33	4112.37	992	0	16
2025-10-22	06:15:00	4112.28	4121.11	4110.07	4116.83	923	0	8
2025-10-22	06:30:00	4117.16	4141.04	4116.42	4139.38	1249	0	5
2025-10-22	06:45:00	4139.1	4142.96	4128.39	4128.6	1149	0	5
2025-10-22	07:00:00	4128.7	4133.44	4107.58	4123.69	1195	0	9
2025-10-22	07:15:00	4123.69	4130.53	4122.46	4129.08	1050	0	14
2025-10-22	07:30:00	4128.92	4133.24	4126.69	4128.0	922	0	5
2025-10-22	07:45:00	4128.25	4131.87	4118.35	4128.2	921	0	5
2025-10-22	08:00:00	4128.4	4141.63	4126.45	4141.46	1040	0	5
2025-10-22	08:15:00	4141.77	4146.94	4138.53	4140.61	1142	0	10
2025-10-22	08:30:00	4140.88	4141.33	4132.43	4138.39	1204	0	16
2025-10-22	08:45:00	4138.3	4145.26	4132.03	4135.17	1195	0	8
2025-10-22	09:00:00	4135.16	4139.21	4127.92	4137.58	1310	0	13
2025-10-22	09:15:00	4137.14	4143.81	4136.04	4142.15	1197	0	15
2025-10-22	09:30:00	4141.98	4159.59	4141.91	4159.59	1211	0	5
2025-10-22	09:45:00	4159.72	4161.26	4152.28	4156.01	1214	0	8
2025-10-22	10:00:00	4155.59	4156.46	4129.21	4137.78	1451	0	6
2025-10-22	10:15:00	4137.79	4144.85	4136.72	4141.86	1329	0	6
2025-10-22	10:30:00	4141.84	4143.84	4135.76	4137.49	1222	0	16
2025-10-22	10:45:00	4137.18	4147.89	4130.78	4132.9	1263	0	16
2025-10-22	11:00:00	4132.52	4135.84	4085.64	4087.95	1510	0	5
2025-10-22	11:15:00	4087.87	4114.21	4059.97	4102.58	1561	0	5
2025-10-22	11:30:00	4102.36	4110.0	4084.79	4088.09	1391	0	6
2025-10-22	11:45:00	4088.01	4094.61	4069.5	4070.52	1457	0	7
2025-10-22	12:00:00	4070.69	4101.36	4070.6	4075.69	1438	0	16
2025-10-22	12:15:00	4075.74	4080.69	4064.42	4075.75	1386	0	16
2025-10-22	12:30:00	4075.72	4082.61	4062.74	4063.05	1364	0	5
2025-10-22	12:45:00	4062.93	4072.57	4061.54	4069.54	1262	0	5
2025-10-22	13:00:00	4069.46	4077.86	4063.28	4075.69	1301	0	5
2025-10-22	13:15:00	4075.78	4085.51	4070.82	4084.68	1261	0	7
2025-10-22	13:30:00	4084.66	4090.77	4045.5	4054.2	1378	0	5
2025-10-22	13:45:00	4054.0	4060.97	4024.11	4035.1	1419	0	10
2025-10-22	14:00:00	4032.43	4040.63	4015.31	4032.44	1508	0	5
2025-10-22	14:15:00	4032.08	4044.87	4019.42	4020.75	1399	0	5
2025-10-22	14:30:00	4020.89	4030.87	4015.11	4022.66	1425	0	5
2025-10-22	14:45:00	4022.82	4033.7	4015.8	4027.69	1384	0	5
2025-10-22	15:00:00	4027.26	4045.13	4026.19	4035.99	1427	0	5
2025-10-22	15:15:00	4036.13	4045.79	4027.94	4045.15	1446	0	5
2025-10-22	15:30:00	4045.2	4050.62	4041.65	4044.92	1395	0	5
2025-10-22	15:45:00	4045.42	4053.13	4022.96	4033.78	1463	0	7
2025-10-22	16:00:00	4035.45	4068.55	4035.45	4064.3	1527	0	5
2025-10-22	16:15:00	4064.98	4068.07	4051.25	4052.47	1413	0	5
2025-10-22	16:30:00	4050.59	4085.23	4047.32	4071.25	1552	0	5
2025-10-22	16:45:00	4071.55	4079.88	4063.75	4075.91	1476	0	5
2025-10-22	17:00:00	4076.37	4078.3	4056.12	4064.5	1486	0	8
2025-10-22	17:15:00	4064.41	4072.58	4047.59	4056.1	1447	0	8
2025-10-22	17:30:00	4056.19	4058.52	4024.31	4030.1	1516	0	5
2025-10-22	17:45:00	4030.0	4030.78	4011.33	4015.29	1504	0	14
2025-10-22	18:00:00	4014.98	4044.7	4014.8	4039.15	1433	0	5
2025-10-22	18:15:00	4039.08	4047.15	4028.11	4029.26	1433	0	9
2025-10-22	18:30:00	4029.49	4040.83	4023.11	4034.8	1405	0	6
2025-10-22	18:45:00	4034.89	4046.59	4034.28	4037.09	1365	0	11
2025-10-22	19:00:00	4037.04	4037.3	4023.24	4030.55	1364	0	6
2025-10-22	19:15:00	4030.27	4045.81	4029.1	4043.71	1348	0	5
2025-10-22	19:30:00	4044.17	4063.68	4037.84	4050.66	1522	0	14
2025-10-22	19:45:00	4050.83	4064.09	4044.9	4059.37	1404	0	6
2025-10-22	20:00:00	4059.11	4059.17	4044.0	4055.69	1398	0	5
2025-10-22	20:15:00	4055.61	4058.94	4047.04	4049.59	1382	0	5
2025-10-22	20:30:00	4050.39	4060.59	4045.01	4054.92	1350	0	5
2025-10-22	20:45:00	4054.95	4070.83	4054.71	4070.04	1334	0	5
2025-10-22	21:00:00	4070.03	4075.9	4066.54	4075.9	1254	0	6
2025-10-22	21:15:00	4075.93	4078.91	4069.08	4073.75	1251	0	5
2025-10-22	21:30:00	4073.82	4081.33	4073.82	4076.12	1195	0	5
2025-10-22	21:45:00	4076.24	4079.04	4074.28	4076.68	1127	0	5
2025-10-22	22:00:00	4077.03	4093.88	4076.59	4092.9	1338	0	7
2025-10-22	22:15:00	4092.93	4105.42	4088.92	4105.4	1357	0	7
2025-10-22	22:30:00	4105.5	4113.37	4102.19	4103.55	1411	0	5
2025-10-22	22:45:00	4103.21	4108.5	4099.9	4102.4	1366	0	5
2025-10-22	23:00:00	4102.16	4105.16	4098.48	4104.73	1030	0	7
2025-10-22	23:15:00	4104.78	4107.27	4088.56	4092.28	1108	0	5
2025-10-22	23:30:00	4092.28	4103.75	4092.11	4102.08	1003	0	5
2025-10-22	23:45:00	4102.34	4103.63	4097.49	4098.33	881	0	16
2025-10-23	01:00:00	4096.07	4116.35	4093.35	4098.77	1597	0	8
2025-10-23	01:15:00	4098.97	4110.5	4098.97	4103.14	1006	0	5
2025-10-23	01:30:00	4102.25	4103.03	4092.24	4098.37	1021	0	5
2025-10-23	01:45:00	4097.76	4103.62	4094.63	4102.04	989	0	16
2025-10-23	02:00:00	4102.04	4104.59	4084.59	4091.09	1198	0	16
2025-10-23	02:15:00	4090.79	4091.75	4080.77	4086.11	1190	0	13
2025-10-23	02:30:00	4086.11	4094.78	4083.82	4088.86	1174	0	16
2025-10-23	02:45:00	4088.89	4093.17	4085.74	4087.79	1270	0	14
2025-10-23	03:00:00	4087.63	4096.86	4083.53	4085.91	1329	0	16
2025-10-23	03:15:00	4085.77	4087.72	4066.19	4076.05	1442	0	5
2025-10-23	03:30:00	4076.2	4084.37	4071.84	4081.38	1345	0	16
2025-10-23	03:45:00	4081.35	4085.86	4079.62	4081.82	1298	0	16
2025-10-23	04:00:00	4081.01	4081.7	4072.04	4077.54	1434	0	5
2025-10-23	04:15:00	4077.66	4092.77	4073.69	4087.43	1408	0	15
2025-10-23	04:30:00	4087.41	4091.31	4081.15	4081.79	1356	0	5
2025-10-23	04:45:00	4081.82	4087.15	4072.84	4073.19	1316	0	16
2025-10-23	05:00:00	4073.38	4079.06	4072.47	4075.72	1168	0	17
2025-10-23	05:15:00	4075.85	4084.79	4072.2	4081.01	1133	0	9
2025-10-23	05:30:00	4081.55	4084.46	4076.42	4079.87	1225	0	17
2025-10-23	05:45:00	4079.71	4085.27	4078.7	4082.55	1116	0	16
2025-10-23	06:00:00	4082.65	4088.47	4077.6	4088.42	1105	0	5
2025-10-23	06:15:00	4089.21	4100.66	4088.36	4095.54	1241	0	5
2025-10-23	06:30:00	4095.54	4096.15	4089.74	4093.37	1148	0	5
2025-10-23	06:45:00	4093.21	4094.17	4089.72	4091.15	947	0	5
2025-10-23	07:00:00	4091.19	4091.73	4087.47	4091.34	927	0	5
2025-10-23	07:15:00	4091.32	4092.79	4079.68	4084.36	1062	0	5
2025-10-23	07:30:00	4084.38	4089.99	4082.42	4087.47	963	0	5
2025-10-23	07:45:00	4086.59	4091.47	4086.4	4089.87	1042	0	5
2025-10-23	08:00:00	4089.67	4093.93	4088.63	4091.15	1052	0	5
2025-10-23	08:15:00	4091.16	4091.85	4083.92	4089.5	1025	0	7
2025-10-23	08:30:00	4089.37	4098.17	4088.49	4096.62	1193	0	5
2025-10-23	08:45:00	4096.6	4110.41	4096.52	4110.29	1147	0	11
2025-10-23	09:00:00	4110.79	4137.53	4110.4	4130.03	1417	0	5
2025-10-23	09:15:00	4129.57	4132.58	4120.89	4125.27	1378	0	7
2025-10-23	09:30:00	4124.99	4127.23	4113.54	4122.35	1332	0	9
2025-10-23	09:45:00	4122.03	4123.84	4110.82	4113.68	1287	0	9
2025-10-23	10:00:00	4113.59	4121.26	4112.25	4114.5	1237	0	11
2025-10-23	10:15:00	4114.52	4120.15	4113.45	4115.52	1255	0	7
2025-10-23	10:30:00	4115.5	4115.56	4091.87	4102.87	1334	0	5
2025-10-23	10:45:00	4102.7	4104.83	4093.86	4094.17	1261	0	6
2025-10-23	11:00:00	4094.82	4114.94	4094.68	4111.24	1367	0	6
2025-10-23	11:15:00	4110.87	4118.72	4110.71	4114.23	1295	0	12
2025-10-23	11:30:00	4114.1	4115.51	4108.37	4111.33	1139	0	5
2025-10-23	11:45:00	4111.41	4118.35	4109.07	4116.04	1188	0	5
2025-10-23	12:00:00	4116.15	4121.04	4111.28	4118.43	1191	0	5
2025-10-23	12:15:00	4118.53	4123.78	4117.54	4122.1	1213	0	5
2025-10-23	12:30:00	4121.56	4125.48	4111.74	4114.3	1231	0	5
2025-10-23	12:45:00	4114.45	4124.91	4111.56	4124.53	1113	0	5
2025-10-23	13:00:00	4124.55	4124.96	4117.3	4121.13	1126	0	9
2025-10-23	13:15:00	4121.05	4121.67	4108.75	4110.09	1117	0	15
2025-10-23	13:30:00	4110.12	4119.3	4106.82	4110.43	1258	0	11
2025-10-23	13:45:00	4110.29	4113.11	4101.75	4108.75	1302	0	5
2025-10-23	14:00:00	4108.88	4120.41	4107.74	4116.39	1279	0	5
2025-10-23	14:15:00	4116.48	4118.09	4111.77	4113.44	1140	0	5
2025-10-23	14:30:00	4113.43	4116.79	4109.57	4113.95	1218	0	17
2025-10-23	14:45:00	4114.02	4117.62	4107.89	4109.64	1205	0	9
2025-10-23	15:00:00	4109.23	4115.92	4103.99	4104.94	1226	0	14
2025-10-23	15:15:00	4105.1	4109.95	4100.16	4108.89	1272	0	15
2025-10-23	15:30:00	4109.37	4127.76	4109.06	4118.85	1334	0	6
2025-10-23	15:45:00	4118.99	4129.41	4118.99	4127.27	1240	0	16
2025-10-23	16:00:00	4126.95	4136.36	4125.87	4135.04	1367	0	6
2025-10-23	16:15:00	4134.83	4149.79	4131.02	4146.93	1365	0	5
2025-10-23	16:30:00	4146.88	4149.42	4132.1	4149.42	1484	0	5
2025-10-23	16:45:00	4149.89	4151.15	4137.95	4144.75	1401	0	5
2025-10-23	17:00:00	4144.59	4154.66	4140.55	4142.05	1388	0	5
2025-10-23	17:15:00	4142.42	4147.5	4135.96	4147.38	1405	0	7
2025-10-23	17:30:00	4146.96	4147.61	4140.35	4144.29	1343	0	7
2025-10-23	17:45:00	4143.99	4151.99	4140.12	4148.21	1323	0	5
2025-10-23	18:00:00	4148.4	4151.76	4142.27	4144.38	1321	0	5
2025-10-23	18:15:00	4144.3	4147.86	4137.26	4144.87	1310	0	5
2025-10-23	18:30:00	4145.23	4146.82	4138.66	4142.92	1204	0	7
2025-10-23	18:45:00	4142.94	4145.09	4137.27	4141.87	1283	0	7
2025-10-23	19:00:00	4141.81	4148.66	4141.54	4143.7	1234	0	5
2025-10-23	19:15:00	4143.74	4143.86	4132.76	4140.52	1271	0	6
2025-10-23	19:30:00	4140.05	4143.67	4127.64	4128.49	1189	0	5
2025-10-23	19:45:00	4128.54	4134.58	4125.54	4132.99	1210	0	9
2025-10-23	20:00:00	4132.71	4138.27	4128.28	4134.1	731	0	7
2025-10-23	22:00:00	4134.57	4136.73	4134.01	4135.07	601	0	7
2025-10-23	22:15:00	4135.07	4135.42	4125.91	4128.45	1184	0	7
2025-10-23	22:30:00	4128.57	4128.64	4117.47	4119.76	1192	0	7
2025-10-23	22:45:00	4120.14	4121.77	4116.51	4118.26	1271	0	16
2025-10-23	23:00:00	4118.45	4119.35	4110.9	4113.33	1150	0	6
2025-10-23	23:15:00	4113.37	4115.78	4107.49	4108.45	983	0	8
2025-10-23	23:30:00	4108.57	4117.37	4107.47	4115.13	902	0	6
2025-10-23	23:45:00	4115.04	4125.93	4114.63	4125.93	864	0	6
2025-10-24	01:00:00	4129.66	4132.91	4120.51	4126.82	1082	0	5
2025-10-24	01:15:00	4126.79	4126.79	4117.55	4122.1	913	0	17
2025-10-24	01:30:00	4122.12	4122.57	4111.7	4111.7	841	0	5
2025-10-24	01:45:00	4111.56	4118.29	4111.56	4116.09	824	0	6
2025-10-24	02:00:00	4116.15	4119.59	4113.7	4115.82	867	0	16
2025-10-24	02:15:00	4115.81	4115.82	4110.77	4111.94	818	0	14
2025-10-24	02:30:00	4111.99	4117.32	4105.92	4117.32	981	0	17
2025-10-24	02:45:00	4117.51	4123.0	4114.88	4121.47	1155	0	17
2025-10-24	03:00:00	4119.34	4132.06	4117.99	4128.33	1212	0	16
2025-10-24	03:15:00	4128.33	4133.23	4125.36	4132.83	1023	0	5
2025-10-24	03:30:00	4132.86	4133.66	4126.11	4127.6	954	0	15
2025-10-24	03:45:00	4127.6	4133.02	4127.04	4132.59	998	0	16
2025-10-24	04:00:00	4132.57	4143.01	4127.58	4142.9	1299	0	16
2025-10-24	04:15:00	4143.03	4144.14	4131.21	4136.61	1185	0	6
2025-10-24	04:30:00	4136.6	4137.44	4121.95	4125.71	1258	0	8
2025-10-24	04:45:00	4125.71	4126.46	4112.23	4119.0	1298	0	12
2025-10-24	05:00:00	4118.82	4119.07	4111.59	4114.5	1163	0	14
2025-10-24	05:15:00	4114.54	4117.1	4109.57	4111.81	1143	0	14
2025-10-24	05:30:00	4111.72	4117.11	4110.97	4114.3	1114	0	6
2025-10-24	05:45:00	4114.03	4116.36	4109.53	4109.62	979	0	16
2025-10-24	06:00:00	4109.58	4117.85	4107.9	4117.85	1078	0	14
2025-10-24	06:15:00	4118.18	4119.66	4111.67	4117.15	1030	0	17
2025-10-24	06:30:00	4117.07	4117.86	4114.04	4117.09	822	0	17
2025-10-24	06:45:00	4117.06	4123.41	4116.33	4122.19	985	0	6
2025-10-24	07:00:00	4122.18	4123.15	4115.63	4116.41	840	0	16
2025-10-24	07:15:00	4116.39	4116.53	4104.96	4106.55	1114	0	15
2025-10-24	07:30:00	4107.07	4107.6	4102.89	4106.54	1102	0	9
2025-10-24	07:45:00	4106.52	4113.77	4106.49	4111.79	996	0	17
2025-10-24	08:00:00	4112.02	4118.04	4111.49	4115.09	990	0	16
2025-10-24	08:15:00	4115.01	4117.82	4110.62	4112.55	906	0	11
2025-10-24	08:30:00	4112.69	4113.51	4105.01	4108.44	1053	0	5
2025-10-24	08:45:00	4108.43	4113.48	4102.9	4104.5	1049	0	5
2025-10-24	09:00:00	4104.72	4104.79	4081.89	4083.28	1296	0	5
2025-10-24	09:15:00	4083.27	4091.21	4081.63	4089.76	1295	0	8
2025-10-24	09:30:00	4089.75	4096.22	4083.54	4093.28	1221	0	15
2025-10-24	09:45:00	4093.34	4097.34	4090.61	4092.19	1075	0	8
2025-10-24	10:00:00	4092.45	4096.02	4090.29	4094.91	1159	0	17
2025-10-24	10:15:00	4094.85	4095.45	4086.57	4088.38	1169	0	5
2025-10-24	10:30:00	4089.1	4091.32	4082.36	4087.01	1237	0	5
2025-10-24	10:45:00	4086.94	4087.98	4069.44	4074.27	1314	0	7
2025-10-24	11:00:00	4074.5	4077.89	4051.96	4054.07	1403	0	8
2025-10-24	11:15:00	4054.47	4057.86	4047.52	4053.69	1324	0	5
2025-10-24	11:30:00	4052.78	4064.16	4050.24	4056.47	1246	0	5
2025-10-24	11:45:00	4056.8	4069.18	4055.78	4065.24	1238	0	5
2025-10-24	12:00:00	4065.07	4072.49	4062.4	4071.55	1179	0	5
2025-10-24	12:15:00	4072.28	4073.26	4069.06	4069.9	1051	0	12
2025-10-24	12:30:00	4069.88	4073.5	4065.46	4069.45	1149	0	6
2025-10-24	12:45:00	4069.42	4071.99	4054.45	4060.82	1174	0	5
2025-10-24	13:00:00	4060.96	4070.72	4059.43	4066.86	1173	0	5
2025-10-24	13:15:00	4066.84	4067.5	4058.47	4059.15	941	0	5
2025-10-24	13:30:00	4058.92	4063.13	4054.75	4058.34	1115	0	5
2025-10-24	13:45:00	4058.36	4060.43	4053.69	4054.34	1048	0	6
2025-10-24	14:00:00	4054.69	4061.7	4044.04	4058.9	1318	0	7
2025-10-24	14:15:00	4058.75	4061.03	4054.81	4056.75	1160	0	5
2025-10-24	14:30:00	4056.5	4060.24	4054.8	4058.47	1119	0	8
2025-10-24	14:45:00	4058.47	4065.58	4057.91	4061.4	1231	0	5
2025-10-24	15:00:00	4061.53	4065.14	4060.08	4062.14	1235	0	5
2025-10-24	15:15:00	4062.18	4064.02	4059.94	4061.48	1142	0	5
2025-10-24	15:30:00	4061.48	4093.19	4061.31	4083.18	1538	0	5
2025-10-24	15:45:00	4083.66	4084.37	4074.36	4082.03	1391	0	9
2025-10-24	16:00:00	4082.32	4115.21	4079.39	4111.42	1450	0	5
2025-10-24	16:15:00	4111.92	4121.86	4109.69	4114.08	1409	0	5
2025-10-24	16:30:00	4113.8	4119.98	4098.57	4105.66	1448	0	6
2025-10-24	16:45:00	4103.99	4109.83	4097.83	4106.9	1409	0	5
2025-10-24	17:00:00	4106.88	4135.25	4102.23	4131.98	1442	0	5
2025-10-24	17:15:00	4130.86	4134.74	4120.02	4123.66	1389	0	5
2025-10-24	17:30:00	4123.9	4131.57	4121.17	4129.54	1327	0	8
2025-10-24	17:45:00	4129.93	4131.19	4112.2	4117.38	1349	0	5
2025-10-24	18:00:00	4117.32	4123.32	4115.23	4118.65	1253	0	16
2025-10-24	18:15:00	4119.18	4128.96	4113.24	4125.57	1272	0	5
2025-10-24	18:30:00	4125.82	4130.32	4123.44	4127.01	1207	0	12
2025-10-24	18:45:00	4127.02	4131.71	4120.98	4130.33	1288	0	7
2025-10-24	19:00:00	4130.68	4136.41	4127.47	4133.07	1257	0	6
2025-10-24	19:15:00	4132.86	4138.39	4130.07	4136.43	1228	0	6
2025-10-24	19:30:00	4136.37	4137.02	4121.65	4130.79	1171	0	5
2025-10-24	19:45:00	4130.44	4133.13	4126.21	4129.26	1180	0	12
2025-10-24	20:00:00	4129.65	4134.24	4125.74	4126.0	1156	0	5
2025-10-24	20:15:00	4125.97	4127.24	4120.44	4120.99	1240	0	8
2025-10-24	20:30:00	4120.96	4124.06	4111.47	4112.11	1229	0	7
2025-10-24	20:45:00	4111.87	4116.7	4105.9	4107.54	1216	0	13
2025-10-24	21:00:00	4107.6	4109.43	4101.89	4104.54	1231	0	12
2025-10-24	21:15:00	4104.7	4110.76	4102.22	4105.93	1191	0	5
2025-10-24	21:30:00	4105.99	4113.59	4104.1	4107.07	1139	0	16
2025-10-24	21:45:00	4107.17	4111.41	4105.56	4110.45	1106	0	12
2025-10-24	22:00:00	4110.33	4117.28	4109.94	4114.46	1146	0	5
2025-10-24	22:15:00	4114.67	4116.96	4110.73	4113.1	1127	0	16
2025-10-24	22:30:00	4113.05	4113.85	4108.71	4109.42	1127	0	16
2025-10-24	22:45:00	4109.38	4109.56	4102.21	4103.9	1266	0	13
2025-10-24	23:00:00	4103.97	4104.25	4096.44	4100.07	954	0	16
2025-10-24	23:15:00	4100.22	4102.09	4098.05	4099.96	729	0	16
2025-10-24	23:30:00	4099.79	4109.76	4099.6	4108.78	797	0	16
2025-10-24	23:45:00	4108.72	4113.96	4107.26	4112.21	533	0	7
2025-10-27	00:00:00	4079.8	4107.56	4063.71	4105.11	3331	0	17
2025-10-27	00:15:00	4105.26	4109.23	4091.36	4091.87	1294	0	5
2025-10-27	00:30:00	4091.72	4100.56	4080.33	4080.38	1278	0	8
2025-10-27	00:45:00	4080.48	4084.9	4071.74	4081.68	1305	0	5
2025-10-27	01:00:00	4081.93	4088.26	4079.07	4082.48	1286	0	5
2025-10-27	01:15:00	4082.63	4086.43	4073.57	4074.84	1191	0	16
2025-10-27	01:30:00	4074.89	4080.48	4064.22	4067.54	1356	0	12
2025-10-27	01:45:00	4067.57	4071.24	4062.06	4064.43	1392	0	14
2025-10-27	02:00:00	4065.35	4072.46	4058.57	4069.47	1405	0	16
2025-10-27	02:15:00	4069.46	4071.61	4062.38	4067.61	1292	0	5
2025-10-27	02:30:00	4067.3	4077.01	4067.3	4074.94	1284	0	5
2025-10-27	02:45:00	4074.89	4084.05	4074.23	4081.27	1274	0	10
2025-10-27	03:00:00	4080.96	4096.18	4074.94	4090.3	1530	0	5
2025-10-27	03:15:00	4090.32	4097.65	4088.99	4093.43	1363	0	17
2025-10-27	03:30:00	4093.45	4093.86	4081.34	4088.05	1438	0	7
2025-10-27	03:45:00	4087.23	4090.62	4081.4	4081.8	1377	0	5
2025-10-27	04:00:00	4081.6	4082.0	4071.32	4078.68	1333	0	17
2025-10-27	04:15:00	4078.61	4081.34	4071.18	4072.98	1157	0	12
2025-10-27	04:30:00	4073.21	4079.5	4071.97	4078.01	1208	0	5
2025-10-27	04:45:00	4077.92	4077.92	4069.87	4071.55	1219	0	17
2025-10-27	05:00:00	4071.74	4076.98	4065.2	4075.58	1258	0	17
2025-10-27	05:15:00	4075.55	4079.42	4070.19	4077.1	1242	0	17
2025-10-27	05:30:00	4077.27	4081.79	4075.28	4080.23	1090	0	14
2025-10-27	05:45:00	4080.2	4080.45	4068.69	4069.47	1118	0	17
2025-10-27	06:00:00	4069.46	4069.46	4053.9	4057.43	1359	0	5
2025-10-27	06:15:00	4057.46	4065.38	4054.55	4062.64	1259	0	6
2025-10-27	06:30:00	4063.11	4064.94	4058.27	4060.5	1214	0	13
2025-10-27	06:45:00	4060.75	4071.76	4060.26	4068.81	1214	0	5
2025-10-27	07:00:00	4068.84	4074.89	4068.64	4073.61	1064	0	5
2025-10-27	07:15:00	4073.44	4084.39	4073.12	4081.95	1111	0	5
2025-10-27	07:30:00	4081.92	4083.88	4077.92	4079.92	1306	0	6
2025-10-27	07:45:00	4080.06	4083.79	4076.65	4079.64	1256	0	5
2025-10-27	08:00:00	4079.61	4084.52	4077.46	4079.63	1292	0	5
2025-10-27	08:15:00	4079.6	4084.17	4078.38	4082.03	1181	0	7
2025-10-27	08:30:00	4082.09	4083.28	4078.91	4079.89	557	0	5
2025-10-27	08:45:00	4079.9	4082.69	4073.99	4078.29	1242	0	5
2025-10-27	09:00:00	4078.34	4079.91	4069.99	4071.59	1236	0	5
2025-10-27	09:15:00	4071.42	4074.22	4065.99	4068.37	1150	0	5
2025-10-27	09:30:00	4068.37	4071.62	4066.56	4070.55	1125	0	5
2025-10-27	09:45:00	4070.56	4070.85	4064.23	4068.6	1163	0	5
2025-10-27	10:00:00	4068.2	4068.43	4063.37	4066.65	1353	0	5
2025-10-27	10:15:00	4066.32	4070.67	4056.22	4058.55	1364	0	5
2025-10-27	10:30:00	4058.63	4062.24	4058.34	4058.95	1272	0	5
2025-10-27	10:45:00	4058.83	4061.57	4024.12	4043.49	1462	0	5
2025-10-27	11:00:00	4042.98	4050.39	4030.25	4036.47	1488	0	5
2025-10-27	11:15:00	4036.41	4043.0	4033.79	4037.58	1363	0	5
2025-10-27	11:30:00	4036.98	4049.74	4036.69	4042.97	1328	0	8
2025-10-27	11:45:00	4043.21	4047.94	4038.91	4039.7	1271	0	5
2025-10-27	12:00:00	4039.72	4047.76	4036.96	4043.56	1297	0	5
2025-10-27	12:15:00	4043.52	4045.24	4035.25	4036.01	1230	0	8
2025-10-27	12:30:00	4036.25	4045.62	4029.01	4041.53	1326	0	5
2025-10-27	12:45:00	4041.89	4042.59	4035.34	4037.43	1171	0	5
2025-10-27	13:00:00	4037.65	4041.28	4022.27	4030.43	1412	0	5
2025-10-27	13:15:00	4030.75	4032.59	4028.0	4030.43	1240	0	6
2025-10-27	13:30:00	4030.39	4031.15	4015.55	4020.68	1369	0	5
2025-10-27	13:45:00	4020.41	4031.97	4019.51	4023.98	1370	0	16
2025-10-27	14:00:00	4023.88	4038.37	4022.24	4032.5	1460	0	9
2025-10-27	14:15:00	4032.53	4041.72	4032.14	4034.58	1350	0	5
2025-10-27	14:30:00	4034.61	4037.78	4030.15	4034.86	1277	0	14
2025-10-27	14:45:00	4035.33	4046.6	4034.71	4045.29	1361	0	5
2025-10-27	15:00:00	4045.65	4049.97	4038.9	4039.66	1386	0	5
2025-10-27	15:15:00	4039.63	4043.7	4031.74	4034.02	1332	0	12
2025-10-27	15:30:00	4033.31	4039.02	4017.83	4025.38	1548	0	6
2025-10-27	15:45:00	4024.95	4027.1	4013.23	4021.86	1518	0	5
2025-10-27	16:00:00	4022.47	4023.15	4000.33	4004.9	1586	0	5
2025-10-27	16:15:00	4004.74	4007.14	3986.11	3998.32	1582	0	5
2025-10-27	16:30:00	3998.03	3999.54	3982.98	3994.39	1495	0	12
2025-10-27	16:45:00	3994.21	3999.23	3984.0	3987.91	1471	0	5
2025-10-27	17:00:00	3987.85	3987.99	3971.49	3978.81	1524	0	5
2025-10-27	17:15:00	3978.94	3987.99	3975.73	3986.49	1448	0	5
2025-10-27	17:30:00	3986.75	3993.6	3979.38	3981.52	1418	0	14
2025-10-27	17:45:00	3981.59	3990.44	3981.3	3989.99	1357	0	5
2025-10-27	18:00:00	3990.14	3994.92	3986.62	3993.56	1331	0	5
2025-10-27	18:15:00	3993.63	3998.09	3987.1	3987.1	1288	0	5
2025-10-27	18:30:00	3987.48	3995.18	3984.01	3993.45	1276	0	12
2025-10-27	18:45:00	3993.53	4000.06	3991.89	3998.98	1303	0	5
2025-10-27	19:00:00	3999.25	4004.07	3997.42	3998.65	1264	0	16
2025-10-27	19:15:00	3998.61	4006.1	3990.99	4005.21	1311	0	5
2025-10-27	19:30:00	4005.15	4007.0	3999.05	4002.6	1236	0	6
2025-10-27	19:45:00	4002.51	4008.75	4002.51	4006.45	1207	0	5
2025-10-27	20:00:00	4006.46	4010.16	4002.67	4009.59	1209	0	5
2025-10-27	20:15:00	4009.3	4010.04	4005.73	4008.3	1112	0	5
2025-10-27	20:30:00	4008.29	4009.55	4001.01	4003.52	1181	0	5
2025-10-27	20:45:00	4003.61	4008.25	3997.92	3999.05	1268	0	5
2025-10-27	21:00:00	3999.68	4005.66	3995.46	4001.22	1381	0	5
2025-10-27	21:15:00	4001.23	4003.06	3988.94	3989.15	1344	0	12
2025-10-27	21:30:00	3989.36	3992.34	3987.13	3987.97	1365	0	5
2025-10-27	21:45:00	3987.97	3991.83	3985.74	3990.09	1319	0	17
2025-10-27	22:00:00	3989.63	3993.71	3987.43	3992.69	1133	0	5
2025-10-27	22:15:00	3992.68	4000.25	3992.68	3999.91	993	0	5
2025-10-27	22:30:00	3999.95	4000.15	3987.73	3987.76	1049	0	5
2025-10-27	22:45:00	3987.74	3987.82	3979.13	3981.02	1076	0	5
2025-10-28	00:00:00	3985.95	3996.42	3980.0	3985.54	1418	0	9
2025-10-28	00:15:00	3985.69	3994.54	3984.27	3992.28	788	0	5
2025-10-28	00:30:00	3992.35	3994.04	3988.56	3992.16	724	0	16
2025-10-28	00:45:00	3992.13	3992.6	3988.34	3989.78	778	0	16
2025-10-28	01:00:00	3989.78	3991.61	3982.81	3982.92	1055	0	5
2025-10-28	01:15:00	3982.91	3995.25	3982.91	3995.25	1051	0	5
2025-10-28	01:30:00	3995.23	4004.47	3994.97	4000.54	1121	0	5
2025-10-28	01:45:00	4000.53	4001.2	3994.06	3998.46	1159	0	16
2025-10-28	02:00:00	3998.45	3998.84	3985.34	3986.38	1211	0	7
2025-10-28	02:15:00	3986.39	3988.71	3973.14	3984.49	1273	0	12
2025-10-28	02:30:00	3984.41	4001.04	3983.5	3999.72	1251	0	16
2025-10-28	02:45:00	3999.68	4009.67	3996.84	4006.88	1230	0	17
2025-10-28	03:00:00	4007.07	4019.23	4004.6	4017.86	1452	0	5
2025-10-28	03:15:00	4017.89	4019.75	4009.43	4009.92	1366	0	16
2025-10-28	03:30:00	4009.75	4012.62	4004.73	4010.38	1352	0	16
2025-10-28	03:45:00	4010.44	4015.49	4010.11	4011.03	1239	0	17
2025-10-28	04:00:00	4011.06	4014.01	4004.58	4005.4	1220	0	16
2025-10-28	04:15:00	4005.46	4005.92	3997.04	4000.61	1069	0	16
2025-10-28	04:30:00	4000.71	4001.93	3986.32	3994.36	1263	0	16
2025-10-28	04:45:00	3994.33	3994.36	3980.86	3983.68	1261	0	14
2025-10-28	05:00:00	3983.42	3989.48	3983.19	3989.28	1151	0	10
2025-10-28	05:15:00	3989.27	3994.37	3986.81	3990.39	1083	0	16
2025-10-28	05:30:00	3990.33	3990.92	3985.19	3986.86	872	0	13
2025-10-28	05:45:00	3987.03	3993.63	3986.85	3992.84	867	0	16
2025-10-28	06:00:00	3992.92	3994.14	3985.71	3987.65	1029	0	16
2025-10-28	06:15:00	3987.68	3988.34	3963.87	3971.29	1267	0	5
2025-10-28	06:30:00	3971.5	3980.3	3967.26	3976.91	1251	0	16
2025-10-28	06:45:00	3976.92	3978.32	3971.09	3973.72	1149	0	5
2025-10-28	07:00:00	3974.37	3979.33	3970.64	3977.0	1111	0	5
2025-10-28	07:15:00	3976.61	3980.18	3969.01	3975.39	1098	0	5
2025-10-28	07:30:00	3975.4	3975.82	3959.23	3960.54	1360	0	5
2025-10-28	07:45:00	3960.37	3968.05	3959.95	3966.53	1221	0	13
2025-10-28	08:00:00	3966.61	3968.43	3953.4	3955.71	1254	0	5
2025-10-28	08:15:00	3955.67	3959.46	3951.36	3952.85	1161	0	16
2025-10-28	08:30:00	3952.36	3957.3	3943.43	3943.63	1296	0	5
2025-10-28	08:45:00	3943.65	3946.84	3938.43	3942.72	1288	0	5
2025-10-28	09:00:00	3942.63	3948.41	3936.3	3946.69	1281	0	5
2025-10-28	09:15:00	3946.41	3947.28	3930.61	3931.23	1304	0	13
2025-10-28	09:30:00	3931.57	3934.03	3921.91	3930.95	1257	0	5
2025-10-28	09:45:00	3930.99	3936.24	3928.06	3932.37	1238	0	5
2025-10-28	10:00:00	3932.42	3935.85	3921.86	3921.86	1361	0	5
2025-10-28	10:15:00	3921.82	3924.44	3910.94	3914.71	1421	0	5
2025-10-28	10:30:00	3914.68	3916.8	3900.69	3905.5	1424	0	5
2025-10-28	10:45:00	3904.97	3910.06	3896.6	3897.88	1367	0	5
2025-10-28	11:00:00	3897.59	3904.16	3886.62	3897.11	1464	0	5
2025-10-28	11:15:00	3897.24	3907.92	3895.21	3904.27	1380	0	5
2025-10-28	11:30:00	3904.46	3910.8	3899.17	3909.74	1246	0	5
2025-10-28	11:45:00	3909.9	3910.59	3897.65	3904.78	1306	0	5
2025-10-28	12:00:00	3904.75	3909.17	3901.19	3902.06	1254	0	10
2025-10-28	12:15:00	3901.97	3908.88	3899.91	3905.41	1260	0	12
2025-10-28	12:30:00	3905.35	3922.7	3904.73	3915.7	1405	0	5
2025-10-28	12:45:00	3915.66	3930.6	3915.09	3926.45	1388	0	9
2025-10-28	13:00:00	3926.38	3926.91	3912.1	3916.28	1351	0	16
2025-10-28	13:15:00	3916.28	3920.55	3910.74	3918.02	1323	0	9
2025-10-28	13:30:00	3917.95	3928.55	3917.59	3927.62	1303	0	5
2025-10-28	13:45:00	3927.58	3929.92	3921.85	3923.17	1277	0	8
2025-10-28	14:00:00	3923.64	3928.99	3922.03	3926.28	1179	0	5
2025-10-28	14:15:00	3926.31	3930.18	3921.86	3921.99	1282	0	5
2025-10-28	14:30:00	3921.39	3926.14	3915.99	3916.38	1376	0	5
2025-10-28	14:45:00	3916.39	3916.71	3905.58	3913.1	1418	0	7
2025-10-28	15:00:00	3913.63	3929.25	3912.81	3922.8	1478	0	5
2025-10-28	15:15:00	3922.75	3933.67	3922.59	3932.73	1417	0	5
2025-10-28	15:30:00	3932.78	3932.9	3915.07	3922.84	1535	0	14
2025-10-28	15:45:00	3923.06	3940.46	3919.65	3938.73	1461	0	12
2025-10-28	16:00:00	3938.66	3944.82	3934.66	3939.14	1463	0	5
2025-10-28	16:15:00	3939.27	3950.18	3938.26	3949.87	1447	0	5
2025-10-28	16:30:00	3949.83	3950.36	3939.35	3945.9	1423	0	5
2025-10-28	16:45:00	3945.96	3953.92	3942.47	3949.85	1390	0	5
2025-10-28	17:00:00	3949.3	3960.11	3947.28	3959.05	1425	0	12
2025-10-28	17:15:00	3959.13	3960.52	3956.53	3958.55	1326	0	5
2025-10-28	17:30:00	3958.49	3964.58	3957.58	3963.4	1328	0	5
2025-10-28	17:45:00	3963.52	3969.62	3963.27	3964.83	1353	0	5
2025-10-28	18:00:00	3964.65	3965.14	3954.62	3963.57	1396	0	7
2025-10-28	18:15:00	3963.52	3964.97	3960.93	3963.17	1273	0	16
2025-10-28	18:30:00	3963.24	3964.76	3951.15	3955.53	1463	0	7
2025-10-28	18:45:00	3955.51	3959.49	3952.75	3958.46	1300	0	5
2025-10-28	19:00:00	3958.18	3970.03	3956.64	3969.48	1295	0	5
2025-10-28	19:15:00	3969.78	3970.26	3964.16	3967.41	1247	0	5
2025-10-28	19:30:00	3968.09	3969.08	3961.29	3963.96	1255	0	16
2025-10-28	19:45:00	3963.96	3965.27	3955.1	3962.44	1283	0	12
2025-10-28	20:00:00	3962.41	3964.02	3955.29	3959.61	1192	0	8
2025-10-28	20:15:00	3959.55	3960.67	3952.8	3954.69	1132	0	9
2025-10-28	20:30:00	3954.78	3955.25	3945.46	3951.68	1262	0	16
2025-10-28	20:45:00	3952.04	3957.35	3949.6	3956.28	1237	0	8
2025-10-28	21:00:00	3956.59	3958.63	3950.96	3953.43	1330	0	16
2025-10-28	21:15:00	3953.48	3958.62	3951.88	3955.78	1289	0	16
2025-10-28	21:30:00	3955.55	3957.5	3950.86	3956.32	1235	0	16
2025-10-28	21:45:00	3956.34	3962.79	3955.05	3960.28	1365	0	6
2025-10-28	22:00:00	3960.14	3960.95	3951.84	3954.12	959	0	16
2025-10-28	22:15:00	3954.19	3957.4	3949.43	3951.05	913	0	9
2025-10-28	22:30:00	3951.06	3956.2	3951.06	3955.11	900	0	16
2025-10-28	22:45:00	3955.12	3955.36	3950.02	3952.61	715	0	5
2025-10-29	00:00:00	3953.09	3960.71	3916.15	3937.2	1320	0	5
2025-10-29	00:15:00	3936.82	3950.12	3927.68	3946.21	1231	0	8
2025-10-29	00:30:00	3946.34	3947.65	3939.4	3943.42	921	0	15
2025-10-29	00:45:00	3943.42	3943.42	3934.0	3934.0	1260	0	15
2025-10-29	01:00:00	3934.05	3949.03	3934.03	3947.45	1166	0	16
2025-10-29	01:15:00	3947.42	3953.88	3946.92	3950.84	1019	0	16
2025-10-29	01:30:00	3950.88	3959.62	3947.29	3959.62	1032	0	13
2025-10-29	01:45:00	3960.84	3967.78	3954.88	3964.8	1292	0	6
2025-10-29	02:00:00	3964.52	3969.1	3958.95	3961.97	1397	0	15
2025-10-29	02:15:00	3961.97	3972.13	3959.64	3970.91	1234	0	16
2025-10-29	02:30:00	3970.83	3982.13	3966.68	3981.62	1349	0	17
2025-10-29	02:45:00	3981.56	3982.14	3972.61	3975.83	1386	0	6
2025-10-29	03:00:00	3975.35	3979.6	3968.88	3977.03	1422	0	15
2025-10-29	03:15:00	3977.17	3979.18	3972.41	3973.17	1358	0	16
2025-10-29	03:30:00	3973.12	3974.54	3966.18	3967.52	1382	0	5
2025-10-29	03:45:00	3967.4	3977.04	3967.17	3973.71	1278	0	14
2025-10-29	04:00:00	3973.64	3974.46	3965.2	3966.56	1181	0	16
2025-10-29	04:15:00	3966.59	3970.04	3962.32	3963.37	1144	0	16
2025-10-29	04:30:00	3963.39	3964.72	3944.58	3954.12	1374	0	17
2025-10-29	04:45:00	3954.14	3961.81	3951.51	3961.08	1221	0	16
2025-10-29	05:00:00	3961.22	3963.94	3958.81	3959.04	1172	0	16
2025-10-29	05:15:00	3959.06	3970.31	3958.37	3964.74	1246	0	6
2025-10-29	05:30:00	3964.72	3972.16	3962.63	3969.73	1093	0	10
2025-10-29	05:45:00	3969.8	3970.62	3962.43	3963.37	1029	0	6
2025-10-29	06:00:00	3963.38	3965.05	3955.86	3956.07	1137	0	10
2025-10-29	06:15:00	3956.06	3961.96	3951.36	3953.74	1187	0	17
2025-10-29	06:30:00	3953.68	3960.03	3952.44	3958.96	1170	0	14
2025-10-29	06:45:00	3958.93	3959.36	3951.82	3952.0	1037	0	16
2025-10-29	07:00:00	3951.07	3963.04	3950.76	3955.46	1299	0	10
2025-10-29	07:15:00	3955.77	3960.57	3953.38	3957.7	1120	0	6
2025-10-29	07:30:00	3957.75	3966.34	3954.19	3964.91	1267	0	5
2025-10-29	07:45:00	3964.89	3965.61	3957.9	3962.61	1224	0	5
2025-10-29	08:00:00	3962.52	3970.39	3959.89	3968.66	1304	0	6
2025-10-29	08:15:00	3968.67	3973.87	3965.95	3970.62	1187	0	6
2025-10-29	08:30:00	3970.76	3981.45	3970.36	3980.89	1256	0	5
2025-10-29	08:45:00	3981.01	3985.06	3974.43	3978.25	1272	0	10
2025-10-29	09:00:00	3977.27	3996.64	3975.05	3995.19	1349	0	10
2025-10-29	09:15:00	3995.0	3998.53	3993.51	3996.25	1288	0	9
2025-10-29	09:30:00	3996.93	3997.61	3989.93	3995.28	1304	0	5
2025-10-29	09:45:00	3995.04	4001.6	3991.41	4001.5	1215	0	5
2025-10-29	10:00:00	4001.66	4009.93	4000.57	4007.19	1414	0	5
2025-10-29	10:15:00	4007.16	4011.31	4003.72	4009.71	1320	0	5
2025-10-29	10:30:00	4010.34	4013.76	4007.08	4010.88	1295	0	6
2025-10-29	10:45:00	4010.87	4018.16	4009.62	4016.9	1306	0	5
2025-10-29	11:00:00	4016.42	4022.03	4014.95	4016.45	1329	0	11
2025-10-29	11:15:00	4016.48	4019.93	4013.42	4017.14	1244	0	5
2025-10-29	11:30:00	4017.12	4020.53	4015.67	4019.25	1255	0	5
2025-10-29	11:45:00	4019.46	4029.5	4019.3	4024.01	1378	0	7
2025-10-29	12:00:00	4024.18	4026.09	4017.46	4022.51	1356	0	6
2025-10-29	12:15:00	4022.48	4029.61	4021.44	4024.57	1271	0	6
2025-10-29	12:30:00	4024.46	4028.71	4020.98	4026.02	1278	0	15
2025-10-29	12:45:00	4026.05	4029.72	4022.56	4023.35	1187	0	8
2025-10-29	13:00:00	4023.44	4028.72	4022.08	4022.29	1186	0	5
2025-10-29	13:15:00	4022.07	4025.49	4017.99	4018.34	1323	0	7
2025-10-29	13:30:00	4018.41	4020.82	4014.8	4017.99	1273	0	5
2025-10-29	13:45:00	4018.02	4019.28	4013.5	4016.09	1308	0	5
2025-10-29	14:00:00	4016.68	4029.07	4014.03	4028.51	1343	0	16
2025-10-29	14:15:00	4028.39	4030.22	4022.81	4026.53	1409	0	16
2025-10-29	14:30:00	4026.29	4028.47	4021.56	4025.91	1312	0	5
2025-10-29	14:45:00	4025.96	4027.96	4023.02	4025.48	1283	0	6
2025-10-29	15:00:00	4025.36	4025.36	4009.64	4012.44	1433	0	11
2025-10-29	15:15:00	4012.47	4020.06	4012.47	4018.79	1327	0	7
2025-10-29	15:30:00	4019.5	4019.5	4002.8	4006.98	1476	0	6
2025-10-29	15:45:00	4006.65	4013.95	4002.58	4012.4	1469	0	5
2025-10-29	16:00:00	4012.14	4022.32	4011.62	4017.03	1441	0	11
2025-10-29	16:15:00	4017.2	4020.01	4014.11	4016.67	1387	0	16
2025-10-29	16:30:00	4016.63	4021.2	4009.34	4010.45	1399	0	16
2025-10-29	16:45:00	4010.47	4015.05	4007.75	4008.53	1382	0	10
2025-10-29	17:00:00	4008.65	4012.03	4004.58	4009.57	1400	0	13
2025-10-29	17:15:00	4009.54	4010.02	4001.86	4006.72	1390	0	8
2025-10-29	17:30:00	4006.53	4009.01	4002.97	4004.02	1323	0	16
2025-10-29	17:45:00	4004.14	4004.14	3989.12	3993.03	1433	0	5
2025-10-29	18:00:00	3993.06	3999.55	3991.52	3997.07	1276	0	5
2025-10-29	18:15:00	3997.13	4001.18	3995.87	3998.68	1293	0	8
2025-10-29	18:30:00	3998.53	3998.53	3993.01	3995.07	1108	0	5
2025-10-29	18:45:00	3994.94	3999.87	3992.43	3992.97	1159	0	16
2025-10-29	19:00:00	3992.86	3997.76	3989.22	3997.76	1178	0	6
2025-10-29	19:15:00	3997.63	3997.64	3985.52	3986.74	1245	0	11
2025-10-29	19:30:00	3986.95	3995.39	3986.24	3991.96	1223	0	16
2025-10-29	19:45:00	3992.09	3995.9	3991.49	3994.68	1091	0	16
2025-10-29	20:00:00	3994.59	4006.87	3979.12	3983.0	1656	0	11
2025-10-29	20:15:00	3983.33	3989.58	3976.62	3981.04	1457	0	5
2025-10-29	20:30:00	3981.05	3989.33	3943.03	3953.91	1835	0	5
2025-10-29	20:45:00	3954.64	3972.68	3948.27	3969.38	1645	0	5
2025-10-29	21:00:00	3969.5	3979.57	3953.62	3969.99	1615	0	5
2025-10-29	21:15:00	3970.56	3974.17	3951.29	3953.34	1560	0	6
2025-10-29	21:30:00	3953.48	3954.49	3928.04	3928.97	1602	0	5
2025-10-29	21:45:00	3929.09	3949.32	3929.09	3945.78	1544	0	13
2025-10-29	22:00:00	3945.54	3949.21	3932.63	3941.59	1409	0	5
2025-10-29	22:15:00	3941.28	3954.03	3937.1	3948.53	1258	0	16
2025-10-29	22:30:00	3948.7	3950.11	3935.26	3936.17	1163	0	13
2025-10-29	22:45:00	3936.54	3941.18	3927.89	3930.07	1180	0	6
2025-10-30	00:00:00	3927.13	3939.96	3916.16	3938.34	1595	0	5
2025-10-30	00:15:00	3937.9	3945.08	3925.21	3937.56	1190	0	8
2025-10-30	00:30:00	3937.57	3942.43	3931.39	3941.42	1148	0	6
2025-10-30	00:45:00	3941.42	3948.33	3940.57	3941.41	1118	0	16
2025-10-30	01:00:00	3941.3	3948.44	3939.56	3946.1	1136	0	16
2025-10-30	01:15:00	3946.09	3951.25	3943.92	3950.42	1032	0	12
2025-10-30	01:30:00	3950.4	3950.64	3944.3	3945.12	1052	0	5
2025-10-30	01:45:00	3945.14	3953.94	3941.2	3952.81	1124	0	16
2025-10-30	02:00:00	3952.81	3962.85	3952.04	3956.76	1230	0	10
2025-10-30	02:15:00	3956.76	3964.19	3955.3	3958.87	1166	0	14
2025-10-30	02:30:00	3959.5	3959.75	3941.52	3941.83	1196	0	16
2025-10-30	02:45:00	3941.79	3953.43	3938.13	3950.27	1307	0	16
2025-10-30	03:00:00	3951.01	3966.44	3945.4	3950.3	1426	0	5
2025-10-30	03:15:00	3950.02	3957.05	3945.17	3950.25	1359	0	9
2025-10-30	03:30:00	3950.26	3959.78	3947.59	3957.81	1341	0	16
2025-10-30	03:45:00	3957.75	3958.5	3945.88	3947.94	1279	0	16
2025-10-30	04:00:00	3947.9	3948.03	3926.45	3936.36	1347	0	6
2025-10-30	04:15:00	3936.19	3938.33	3932.52	3933.88	1124	0	17
2025-10-30	04:30:00	3933.84	3941.75	3931.01	3936.97	1233	0	16
2025-10-30	04:45:00	3937.2	3938.51	3921.43	3921.86	1256	0	8
2025-10-30	05:00:00	3921.84	3929.19	3915.08	3928.69	1244	0	5
2025-10-30	05:15:00	3928.78	3934.72	3925.93	3932.83	1116	0	17
2025-10-30	05:30:00	3933.01	3937.81	3931.58	3932.55	990	0	5
2025-10-30	05:45:00	3932.59	3938.21	3929.79	3938.01	944	0	5
2025-10-30	06:00:00	3938.1	3943.76	3935.02	3943.13	1203	0	16
2025-10-30	06:15:00	3943.04	3958.99	3941.62	3958.94	1275	0	10
2025-10-30	06:30:00	3959.31	3981.79	3958.62	3978.81	1400	0	5
2025-10-30	06:45:00	3978.81	3981.86	3971.43	3972.7	1242	0	5
2025-10-30	07:00:00	3972.69	3978.55	3960.9	3962.69	1275	0	7
2025-10-30	07:15:00	3963.3	3964.87	3948.99	3950.24	1294	0	5
2025-10-30	07:30:00	3950.36	3963.58	3947.18	3962.59	1326	0	17
2025-10-30	07:45:00	3962.57	3973.61	3961.01	3963.64	1265	0	5
2025-10-30	08:00:00	3963.69	3970.84	3956.5	3962.11	1262	0	5
2025-10-30	08:15:00	3961.99	3970.76	3958.78	3965.04	1259	0	15
2025-10-30	08:30:00	3965.66	3968.17	3956.66	3965.68	1241	0	17
2025-10-30	08:45:00	3965.7	3976.95	3962.06	3976.72	1171	0	13
2025-10-30	09:00:00	3975.72	3977.11	3969.3	3970.21	1232	0	13
2025-10-30	09:15:00	3970.21	3972.51	3959.99	3968.03	1183	0	5
2025-10-30	09:30:00	3968.23	3969.88	3958.76	3961.74	1164	0	16
2025-10-30	09:45:00	3961.79	3961.98	3955.94	3961.58	1104	0	17
2025-10-30	10:00:00	3961.53	3969.52	3960.08	3965.49	1306	0	16
2025-10-30	10:15:00	3965.6	3974.25	3964.28	3972.95	1170	0	9
2025-10-30	10:30:00	3972.94	3975.02	3968.41	3974.02	1178	0	6
2025-10-30	10:45:00	3974.18	3976.72	3971.55	3976.53	1193	0	17
2025-10-30	11:00:00	3976.42	4006.41	3976.0	4004.91	1389	0	8
2025-10-30	11:15:00	4004.86	4011.8	3999.86	4004.44	1277	0	5
2025-10-30	11:30:00	4004.39	4007.13	4000.23	4005.83	1266	0	16
2025-10-30	11:45:00	4005.67	4006.28	3992.66	3998.62	1220	0	6
2025-10-30	12:00:00	3998.16	4001.01	3996.18	3998.13	1130	0	5
2025-10-30	12:15:00	3998.14	3998.98	3982.72	3987.25	1214	0	7
2025-10-30	12:30:00	3986.33	3988.54	3973.77	3982.12	1329	0	5
2025-10-30	12:45:00	3982.26	3987.18	3979.67	3984.26	1209	0	14
2025-10-30	13:00:00	3984.31	3984.88	3976.88	3977.2	1236	0	5
2025-10-30	13:15:00	3977.1	3977.7	3963.78	3965.94	1311	0	6
2025-10-30	13:30:00	3965.64	3976.42	3965.22	3973.34	1230	0	16
2025-10-30	13:45:00	3973.31	3976.5	3971.0	3974.35	1093	0	5
2025-10-30	14:00:00	3974.45	3982.65	3973.6	3982.26	1236	0	10
2025-10-30	14:15:00	3982.28	3985.04	3970.93	3970.93	1282	0	7
2025-10-30	14:30:00	3970.86	3980.17	3966.88	3977.21	1328	0	12
2025-10-30	14:45:00	3976.4	3978.84	3960.84	3961.47	1338	0	5
2025-10-30	15:00:00	3961.64	3977.99	3959.93	3975.63	1332	0	8
2025-10-30	15:15:00	3975.69	3976.36	3969.44	3970.03	1293	0	5
2025-10-30	15:30:00	3969.65	3978.83	3963.25	3974.95	1443	0	5
2025-10-30	15:45:00	3974.63	3995.33	3974.26	3995.33	1412	0	6
2025-10-30	16:00:00	3995.28	4014.61	3991.81	4010.87	1452	0	5
2025-10-30	16:15:00	4011.07	4013.05	3995.91	3998.53	1439	0	5
2025-10-30	16:30:00	3998.48	4000.84	3986.58	3993.45	1384	0	16
2025-10-30	16:45:00	3993.48	4002.04	3989.0	3996.33	1399	0	5
2025-10-30	17:00:00	3996.73	4003.33	3988.44	4000.02	1397	0	5
2025-10-30	17:15:00	4000.02	4002.75	3995.17	3998.25	1310	0	5
2025-10-30	17:30:00	3998.43	4005.29	3997.75	4004.7	1312	0	6
2025-10-30	17:45:00	4004.82	4008.13	4001.36	4002.02	1294	0	5
2025-10-30	18:00:00	4001.76	4003.96	3993.91	3994.64	1265	0	8
2025-10-30	18:15:00	3994.81	3998.67	3991.65	3995.72	1274	0	7
2025-10-30	18:30:00	3995.62	4002.67	3995.03	4002.52	1231	0	17
2025-10-30	18:45:00	4002.62	4002.9	3996.94	4001.28	1124	0	5
2025-10-30	19:00:00	4001.32	4003.92	3995.52	3995.52	1132	0	5
2025-10-30	19:15:00	3995.35	4003.59	3994.39	4002.42	1107	0	10
2025-10-30	19:30:00	4002.32	4010.84	4001.94	4010.41	1182	0	6
2025-10-30	19:45:00	4010.36	4017.82	4003.48	4004.28	1229	0	5
2025-10-30	20:00:00	4004.88	4007.64	4000.3	4005.77	1196	0	5
2025-10-30	20:15:00	4005.87	4012.77	4003.51	4012.77	1134	0	6
2025-10-30	20:30:00	4012.8	4017.28	4008.04	4010.86	1230	0	5
2025-10-30	20:45:00	4011.08	4017.7	4009.71	4015.81	1146	0	16
2025-10-30	21:00:00	4016.27	4025.77	4015.35	4024.96	1292	0	5
2025-10-30	21:15:00	4024.98	4026.07	4018.97	4020.09	1274	0	16
2025-10-30	21:30:00	4020.08	4025.82	4020.08	4024.67	1267	0	5
2025-10-30	21:45:00	4024.71	4025.7	4020.22	4023.55	1316	0	5
2025-10-30	22:00:00	4023.44	4027.32	4021.79	4023.44	1044	0	5
2025-10-30	22:15:00	4023.42	4023.81	4017.88	4019.08	877	0	5
2025-10-30	22:30:00	4019.07	4020.17	4016.42	4020.11	857	0	5
2025-10-30	22:45:00	4020.24	4027.08	4020.0	4024.23	800	0	5
2025-10-31	00:00:00	4021.05	4024.37	4009.81	4022.28	1039	0	5
2025-10-31	00:15:00	4022.27	4022.27	4016.42	4020.64	792	0	17
2025-10-31	00:30:00	4020.76	4027.46	4020.76	4024.28	916	0	5
2025-10-31	00:45:00	4024.32	4046.34	4023.27	4037.9	1059	0	5
2025-10-31	01:00:00	4038.0	4038.75	4019.55	4027.36	1355	0	5
2025-10-31	01:15:00	4027.03	4031.99	4023.36	4028.03	1180	0	5
2025-10-31	01:30:00	4028.04	4035.07	4026.08	4032.13	1080	0	7
2025-10-31	01:45:00	4032.1	4043.09	4032.07	4036.73	1235	0	17
2025-10-31	02:00:00	4036.72	4036.99	4029.31	4031.86	1283	0	5
2025-10-31	02:15:00	4031.8	4033.85	4026.45	4027.56	1160	0	10
2025-10-31	02:30:00	4027.48	4031.03	4026.36	4027.8	1162	0	17
2025-10-31	02:45:00	4027.81	4031.37	4024.01	4025.0	1237	0	6
2025-10-31	03:00:00	4025.04	4038.98	4019.92	4032.27	1383	0	6
2025-10-31	03:15:00	4032.27	4035.73	4027.81	4030.46	1339	0	5
2025-10-31	03:30:00	4030.73	4030.95	4023.31	4024.11	1310	0	10
2025-10-31	03:45:00	4023.99	4025.38	4013.39	4018.9	1352	0	10
2025-10-31	04:00:00	4018.92	4019.13	4009.39	4009.74	1340	0	5
2025-10-31	04:15:00	4009.91	4017.83	4008.91	4013.23	1183	0	5
2025-10-31	04:30:00	4013.2	4014.8	4001.56	4003.37	1333	0	16
2025-10-31	04:45:00	4003.38	4017.27	4003.38	4011.12	1282	0	16
2025-10-31	05:00:00	4011.34	4013.83	3990.96	3994.11	1350	0	6
2025-10-31	05:15:00	3994.24	4001.45	3993.13	4000.16	1284	0	7
2025-10-31	05:30:00	4000.22	4003.65	3997.83	3998.15	1062	0	17
2025-10-31	05:45:00	3997.9	3998.62	3994.29	3996.41	1046	0	10
2025-10-31	06:00:00	3996.43	3997.57	3989.19	3992.08	1085	0	5
2025-10-31	06:15:00	3991.97	4000.96	3991.2	4000.83	1026	0	17
2025-10-31	06:30:00	4000.87	4005.9	3998.87	4000.24	1072	0	5
2025-10-31	06:45:00	4000.25	4010.53	3999.87	4005.79	1138	0	6
2025-10-31	07:00:00	4005.48	4006.2	3996.24	3996.81	1132	0	5
2025-10-31	07:15:00	3997.1	4002.93	3994.1	4001.41	1055	0	5
2025-10-31	07:30:00	4001.34	4006.69	3998.32	4006.62	1227	0	5
2025-10-31	07:45:00	4006.84	4011.41	4003.57	4005.08	1243	0	7
2025-10-31	08:00:00	4005.34	4013.03	4002.0	4009.7	1231	0	5
2025-10-31	08:15:00	4009.73	4014.94	4006.65	4009.07	1178	0	5
2025-10-31	08:30:00	4008.81	4011.81	4007.13	4010.1	1121	0	6
2025-10-31	08:45:00	4010.08	4014.47	4005.1	4013.14	1113	0	5
2025-10-31	09:00:00	4012.98	4016.71	4007.61	4015.53	1272	0	5
2025-10-31	09:15:00	4015.59	4023.7	4014.19	4023.46	1194	0	5
2025-10-31	09:30:00	4023.46	4025.3	4012.05	4012.33	1199	0	5
2025-10-31	09:45:00	4012.54	4023.89	4012.52	4021.03	1152	0	5
2025-10-31	10:00:00	4021.21	4026.76	4019.05	4023.35	1225	0	5
2025-10-31	10:15:00	4023.04	4024.12	4018.27	4020.91	1159	0	5
2025-10-31	10:30:00	4021.39	4025.96	4018.79	4019.93	1200	0	5
2025-10-31	10:45:00	4019.96	4021.05	4006.52	4010.4	1255	0	6
2025-10-31	11:00:00	4010.37	4013.89	4006.55	4006.67	1181	0	5
2025-10-31	11:15:00	4006.35	4008.2	3998.93	4002.44	1213	0	15
2025-10-31	11:30:00	4002.69	4007.02	4000.28	4004.04	1124	0	5
2025-10-31	11:45:00	4004.24	4009.68	4000.41	4008.5	1124	0	5
2025-10-31	12:00:00	4008.7	4016.72	4008.38	4015.95	1169	0	5
2025-10-31	12:15:00	4015.96	4016.3	4010.48	4013.33	1177	0	5
2025-10-31	12:30:00	4012.82	4014.12	4008.47	4010.26	963	0	5
2025-10-31	12:45:00	4010.13	4010.6	4003.64	4007.48	1084	0	16
2025-10-31	13:00:00	4007.46	4009.56	4004.06	4006.03	1080	0	7
2025-10-31	13:15:00	4006.02	4008.12	4001.7	4005.52	1084	0	14
2025-10-31	13:30:00	4005.51	4008.82	4001.95	4008.82	1099	0	7
2025-10-31	13:45:00	4008.84	4011.23	4006.24	4010.48	1122	0	16
2025-10-31	14:00:00	4010.39	4013.21	4009.26	4012.44	1169	0	16
2025-10-31	14:15:00	4012.47	4025.33	4011.9	4019.52	1276	0	9
2025-10-31	14:30:00	4019.18	4032.91	4016.68	4029.71	1353	0	11
2025-10-31	14:45:00	4029.45	4036.36	4020.85	4022.99	1316	0	16
2025-10-31	15:00:00	4022.98	4035.01	4020.62	4031.32	1383	0	5
2025-10-31	15:15:00	4031.21	4032.02	4025.7	4026.67	1285	0	5
2025-10-31	15:30:00	4027.53	4028.31	4013.18	4016.05	1405	0	5
2025-10-31	15:45:00	4016.09	4022.67	4010.25	4017.03	1412	0	6
2025-10-31	16:00:00	4016.64	4027.42	4016.64	4019.69	1398	0	15
2025-10-31	16:15:00	4019.73	4025.58	4014.95	4015.66	1361	0	5
2025-10-31	16:30:00	4015.14	4021.41	4013.03	4016.88	1327	0	5
2025-10-31	16:45:00	4017.06	4022.37	4010.7	4020.62	1313	0	7
2025-10-31	17:00:00	4020.61	4020.75	4009.42	4017.31	1354	0	5
2025-10-31	17:15:00	4017.32	4019.61	4014.71	4017.89	1269	0	5
2025-10-31	17:30:00	4017.83	4022.44	4015.99	4020.71	1298	0	5
2025-10-31	17:45:00	4020.74	4022.11	4011.64	4012.91	1324	0	7
2025-10-31	18:00:00	4012.88	4015.12	3978.53	3979.06	1441	0	5
2025-10-31	18:15:00	3978.63	3989.89	3972.58	3986.15	1512	0	5
2025-10-31	18:30:00	3985.53	3990.39	3981.64	3984.48	1377	0	5
2025-10-31	18:45:00	3984.47	3986.81	3978.88	3980.76	1286	0	5
2025-10-31	19:00:00	3980.95	3989.53	3980.95	3983.05	1330	0	5
2025-10-31	19:15:00	3982.84	3987.55	3981.56	3984.64	1242	0	5
2025-10-31	19:30:00	3984.34	3999.26	3980.75	3998.18	1324	0	5
2025-10-31	19:45:00	3998.59	4003.57	3996.38	3997.69	1239	0	5
2025-10-31	20:00:00	3997.7	4007.24	3995.81	4006.3	1267	0	5
2025-10-31	20:15:00	4006.27	4010.19	4005.19	4008.61	1205	0	5
2025-10-31	20:30:00	4008.62	4009.03	4002.79	4004.04	1147	0	5
2025-10-31	20:45:00	4004.03	4006.05	3999.44	4000.01	1115	0	5
2025-10-31	21:00:00	3999.97	4005.63	3999.16	3999.75	1194	0	5
2025-10-31	21:15:00	3999.86	4002.16	3991.31	4001.7	1324	0	5
2025-10-31	21:30:00	4001.68	4001.68	3994.79	3999.1	1250	0	5
2025-10-31	21:45:00	3999.13	4001.79	3996.16	4001.15	1282	0	5
2025-10-31	22:00:00	4000.92	4001.33	3996.19	3998.52	796	0	5
2025-10-31	22:15:00	3998.49	4002.45	3997.25	4002.2	753	0	5
2025-10-31	22:30:00	4002.14	4006.61	4001.85	4003.82	808	0	5
2025-10-31	22:45:00	4003.99	4004.67	4001.68	4002.14	704	0	6
