<DATE>	<TIME>	<OPEN>	<HIGH>	<LOW>	<CLOSE>	<TICKVOL>	<VOL>	<SPREAD>
2025-12-01	01:00:00	4222.86	4231.0	4206.13	4217.05	2016	0	5
2025-12-01	01:15:00	4217.12	4224.52	4214.19	4222.14	1458	0	5
2025-12-01	01:30:00	4222.19	4225.33	4219.96	4223.65	1335	0	10
2025-12-01	01:45:00	4223.57	4224.97	4221.93	4221.93	1204	0	5
2025-12-01	02:00:00	4221.65	4224.07	4219.19	4222.88	1339	0	7
2025-12-01	02:15:00	4222.92	4232.82	4218.16	4227.18	1301	0	5
2025-12-01	02:30:00	4227.13	4232.28	4226.49	4231.92	1485	0	7
2025-12-01	02:45:00	4231.96	4233.74	4226.05	4230.85	1490	0	5
2025-12-01	03:00:00	4230.76	4233.48	4219.94	4228.28	1702	0	5
2025-12-01	03:15:00	4228.19	4239.05	4224.45	4238.48	1623	0	12
2025-12-01	03:30:00	4238.55	4243.71	4234.81	4241.3	1557	0	14
2025-12-01	03:45:00	4241.53	4256.07	4236.98	4255.1	1586	0	6
2025-12-01	04:00:00	4255.05	4256.36	4245.4	4248.07	1601	0	13
2025-12-01	04:15:00	4248.36	4248.77	4240.63	4241.24	1437	0	5
2025-12-01	04:30:00	4241.23	4241.71	4234.15	4239.79	1632	0	5
2025-12-01	04:45:00	4239.79	4243.08	4237.74	4242.77	1448	0	5
2025-12-01	05:00:00	4242.71	4243.82	4232.67	4234.18	1495	0	9
2025-12-01	05:15:00	4234.12	4238.17	4232.78	4235.17	1440	0	17
2025-12-01	05:30:00	4235.2	4240.8	4234.86	4238.27	1333	0	17
2025-12-01	05:45:00	4238.27	4239.81	4234.99	4239.36	1344	0	13
2025-12-01	06:00:00	4239.41	4239.41	4236.35	4238.79	1161	0	17
2025-12-01	06:15:00	4238.51	4240.7	4237.72	4239.75	1088	0	11
2025-12-01	06:30:00	4239.79	4243.31	4239.19	4241.86	1176	0	16
2025-12-01	06:45:00	4241.81	4246.87	4241.8	4245.68	1250	0	17
2025-12-01	07:00:00	4245.62	4246.46	4229.22	4232.72	1449	0	14
2025-12-01	07:15:00	4232.73	4233.6	4215.71	4220.17	1666	0	5
2025-12-01	07:30:00	4219.9	4227.64	4217.77	4224.12	1487	0	5
2025-12-01	07:45:00	4223.84	4231.42	4223.37	4229.62	1409	0	6
2025-12-01	08:00:00	4229.65	4233.8	4228.43	4233.18	1422	0	17
2025-12-01	08:15:00	4233.15	4233.48	4226.18	4231.58	1302	0	13
2025-12-01	08:30:00	4231.73	4235.7	4229.93	4235.31	1428	0	5
2025-12-01	08:45:00	4235.43	4240.63	4235.43	4237.04	1481	0	15
2025-12-01	09:00:00	4237.02	4239.41	4233.67	4236.92	1391	0	5
2025-12-01	09:15:00	4237.03	4242.65	4231.81	4240.44	1368	0	5
2025-12-01	09:30:00	4240.71	4243.43	4240.32	4240.38	1214	0	11
2025-12-01	09:45:00	4240.19	4246.47	4238.13	4245.38	1380	0	6
2025-12-01	10:00:00	4246.54	4252.86	4244.65	4251.05	1540	0	17
2025-12-01	10:15:00	4251.05	4253.65	4249.26	4249.56	1450	0	17
2025-12-01	10:30:00	4249.44	4250.13	4241.08	4242.4	1484	0	5
2025-12-01	10:45:00	4242.59	4244.84	4238.37	4244.84	1456	0	14
2025-12-01	11:00:00	4244.89	4249.81	4244.89	4249.36	1431	0	5
2025-12-01	11:15:00	4249.37	4251.73	4246.59	4251.5	1279	0	10
2025-12-01	11:30:00	4251.28	4251.42	4246.65	4247.47	1292	0	5
2025-12-01	11:45:00	4247.5	4250.78	4243.69	4249.95	1349	0	5
2025-12-01	12:00:00	4250.01	4262.3	4249.11	4258.84	1479	0	5
2025-12-01	12:15:00	4259.11	4259.46	4252.59	4253.73	1428	0	17
2025-12-01	12:30:00	4253.65	4255.12	4251.38	4254.44	1378	0	13
2025-12-01	12:45:00	4254.35	4257.85	4252.98	4255.57	1431	0	5
2025-12-01	13:00:00	4255.27	4256.81	4250.73	4251.61	1344	0	5
2025-12-01	13:15:00	4251.56	4255.73	4248.28	4254.39	1419	0	5
2025-12-01	13:30:00	4254.32	4258.28	4251.72	4258.27	1402	0	9
2025-12-01	13:45:00	4258.44	4258.48	4253.18	4254.59	1350	0	5
2025-12-01	14:00:00	4254.62	4256.49	4247.39	4249.11	1473	0	5
2025-12-01	14:15:00	4248.93	4254.26	4247.81	4252.66	1450	0	16
2025-12-01	14:30:00	4252.63	4256.16	4250.47	4252.61	1402	0	7
2025-12-01	14:45:00	4252.58	4252.88	4244.21	4246.35	1527	0	5
2025-12-01	15:00:00	4246.35	4256.42	4245.51	4254.31	1591	0	6
2025-12-01	15:15:00	4254.28	4257.72	4249.95	4256.73	1537	0	17
2025-12-01	15:30:00	4256.73	4264.63	4256.73	4261.74	1521	0	6
2025-12-01	15:45:00	4261.95	4263.09	4247.12	4247.21	1571	0	5
2025-12-01	16:00:00	4246.99	4249.25	4238.43	4247.25	1600	0	9
2025-12-01	16:15:00	4247.11	4249.44	4242.32	4246.44	1539	0	17
2025-12-01	16:30:00	4246.56	4247.97	4219.75	4224.97	1772	0	7
2025-12-01	16:45:00	4224.13	4241.32	4223.09	4240.08	1669	0	5
2025-12-01	17:00:00	4240.35	4245.05	4230.5	4231.47	1680	0	13
2025-12-01	17:15:00	4231.37	4232.15	4219.32	4228.11	1718	0	5
2025-12-01	17:30:00	4228.4	4236.37	4222.02	4229.15	1671	0	7
2025-12-01	17:45:00	4229.01	4233.73	4221.84	4232.49	1627	0	5
2025-12-01	18:00:00	4232.76	4239.87	4231.57	4237.23	1616	0	5
2025-12-01	18:15:00	4237.24	4239.93	4227.03	4239.93	1633	0	6
2025-12-01	18:30:00	4239.95	4240.3	4230.64	4238.99	1621	0	12
2025-12-01	18:45:00	4239.01	4242.21	4224.93	4226.17	1679	0	6
2025-12-01	19:00:00	4226.36	4233.53	4223.17	4230.01	1628	0	9
2025-12-01	19:15:00	4230.66	4236.53	4227.2	4235.42	1524	0	8
2025-12-01	19:30:00	4235.59	4239.71	4235.38	4239.02	1454	0	7
2025-12-01	19:45:00	4239.45	4239.98	4230.14	4232.43	1523	0	14
2025-12-01	20:00:00	4232.66	4238.6	4232.49	4236.5	1440	0	5
2025-12-01	20:15:00	4236.48	4242.04	4235.43	4240.9	1476	0	5
2025-12-01	20:30:00	4241.53	4242.8	4236.27	4242.38	1374	0	17
2025-12-01	20:45:00	4242.41	4244.68	4237.38	4240.29	1348	0	16
2025-12-01	21:00:00	4240.31	4241.82	4236.1	4237.65	1340	0	16
2025-12-01	21:15:00	4237.69	4242.2	4236.6	4241.68	1413	0	16
2025-12-01	21:30:00	4241.09	4243.84	4233.95	4233.95	1389	0	6
2025-12-01	21:45:00	4233.7	4236.92	4229.37	4236.87	1466	0	5
2025-12-01	22:00:00	4237.01	4240.86	4235.11	4238.51	1365	0	12
2025-12-01	22:15:00	4238.2	4239.28	4235.32	4237.56	1222	0	9
2025-12-01	22:30:00	4237.62	4241.35	4235.43	4240.93	1275	0	8
2025-12-01	22:45:00	4240.93	4241.25	4234.42	4237.29	1423	0	8
2025-12-01	23:00:00	4237.11	4238.85	4235.35	4238.29	1001	0	17
2025-12-01	23:15:00	4238.27	4240.56	4237.9	4238.62	763	0	10
2025-12-01	23:30:00	4238.62	4238.62	4233.11	4233.33	763	0	5
2025-12-01	23:45:00	4233.39	4234.45	4230.49	4232.07	719	0	12
2025-12-02	01:00:00	4231.67	4233.72	4229.02	4233.04	939	0	15
2025-12-02	01:15:00	4233.09	4236.03	4231.56	4235.62	761	0	10
2025-12-02	01:30:00	4235.59	4235.82	4228.7	4230.66	1060	0	13
2025-12-02	01:45:00	4230.62	4230.62	4224.38	4227.6	1051	0	8
2025-12-02	02:00:00	4227.66	4227.91	4223.57	4227.06	1088	0	17
2025-12-02	02:15:00	4226.77	4227.6	4221.45	4225.11	1075	0	16
2025-12-02	02:30:00	4225.12	4228.56	4224.02	4228.37	1084	0	5
2025-12-02	02:45:00	4228.41	4229.67	4223.46	4226.92	1228	0	16
2025-12-02	03:00:00	4227.21	4227.21	4191.11	4204.87	1548	0	5
2025-12-02	03:15:00	4205.29	4216.08	4204.44	4213.92	1414	0	16
2025-12-02	03:30:00	4213.69	4218.26	4208.28	4210.85	1357	0	8
2025-12-02	03:45:00	4211.0	4220.99	4210.08	4219.67	1280	0	10
2025-12-02	04:00:00	4219.67	4221.43	4215.71	4219.15	1239	0	17
2025-12-02	04:15:00	4219.18	4223.36	4215.94	4217.15	1132	0	17
2025-12-02	04:30:00	4217.07	4221.86	4214.42	4221.54	1192	0	12
2025-12-02	04:45:00	4221.38	4224.75	4220.07	4221.47	1166	0	5
2025-12-02	05:00:00	4221.6	4225.48	4220.77	4223.94	1205	0	9
2025-12-02	05:15:00	4224.03	4226.13	4222.35	4222.81	1127	0	10
2025-12-02	05:30:00	4222.49	4225.41	4220.76	4221.31	1062	0	17
2025-12-02	05:45:00	4221.38	4221.67	4215.73	4216.8	1184	0	17
2025-12-02	06:00:00	4216.79	4220.55	4215.48	4216.62	1050	0	17
2025-12-02	06:15:00	4216.74	4219.03	4215.37	4216.43	1106	0	17
2025-12-02	06:30:00	4216.44	4218.03	4213.69	4217.83	1083	0	11
2025-12-02	06:45:00	4217.82	4218.8	4216.0	4218.77	937	0	5
2025-12-02	07:00:00	4218.72	4219.79	4215.21	4219.27	1086	0	5
2025-12-02	07:15:00	4219.17	4223.14	4219.13	4221.43	1056	0	15
2025-12-02	07:30:00	4221.46	4223.22	4219.08	4220.39	1188	0	16
2025-12-02	07:45:00	4220.27	4225.3	4220.09	4225.01	1180	0	12
2025-12-02	08:00:00	4225.02	4226.3	4223.77	4223.77	1096	0	7
2025-12-02	08:15:00	4223.8	4224.15	4204.33	4205.46	1390	0	16
2025-12-02	08:30:00	4205.61	4210.46	4203.38	4209.16	1343	0	5
2025-12-02	08:45:00	4209.22	4215.22	4207.81	4212.74	1279	0	5
2025-12-02	09:00:00	4212.9	4214.44	4210.35	4213.7	1052	0	11
2025-12-02	09:15:00	4213.77	4219.28	4213.19	4217.46	1130	0	5
2025-12-02	09:30:00	4217.67	4218.61	4211.36	4211.5	1146	0	5
2025-12-02	09:45:00	4211.58	4214.15	4209.68	4213.32	1149	0	5
2025-12-02	10:00:00	4213.54	4215.35	4207.24	4214.55	1233	0	17
2025-12-02	10:15:00	4214.46	4217.06	4212.13	4214.49	1143	0	12
2025-12-02	10:30:00	4214.43	4216.54	4211.5	4212.53	1140	0	15
2025-12-02	10:45:00	4212.47	4214.39	4210.18	4210.24	1111	0	7
2025-12-02	11:00:00	4210.02	4213.08	4205.03	4207.96	1144	0	17
2025-12-02	11:15:00	4207.94	4208.75	4192.2	4194.21	1237	0	17
2025-12-02	11:30:00	4194.68	4195.88	4180.91	4190.47	1384	0	5
2025-12-02	11:45:00	4190.48	4194.05	4187.79	4191.74	1230	0	9
2025-12-02	12:00:00	4191.7	4192.26	4186.38	4186.97	1177	0	5
2025-12-02	12:15:00	4186.83	4189.2	4182.26	4186.78	1241	0	6
2025-12-02	12:30:00	4186.56	4188.37	4184.43	4187.58	1085	0	5
2025-12-02	12:45:00	4187.59	4189.62	4181.91	4185.66	1182	0	5
2025-12-02	13:00:00	4185.7	4189.53	4184.88	4187.64	1049	0	5
2025-12-02	13:15:00	4187.65	4196.92	4186.91	4196.7	1106	0	5
2025-12-02	13:30:00	4196.86	4200.63	4194.41	4197.69	1209	0	5
2025-12-02	13:45:00	4197.74	4205.65	4196.27	4205.15	1201	0	5
2025-12-02	14:00:00	4205.15	4208.07	4203.89	4205.08	1161	0	13
2025-12-02	14:15:00	4205.07	4207.03	4201.04	4204.55	1192	0	16
2025-12-02	14:30:00	4204.52	4206.43	4202.39	4205.3	1039	0	17
2025-12-02	14:45:00	4205.33	4209.92	4203.93	4208.71	1039	0	17
2025-12-02	15:00:00	4209.01	4215.09	4202.3	4205.04	1402	0	16
2025-12-02	15:15:00	4205.32	4208.82	4202.25	4203.62	1349	0	17
2025-12-02	15:30:00	4203.78	4209.54	4203.03	4205.06	1293	0	13
2025-12-02	15:45:00	4205.2	4212.67	4202.87	4212.29	1303	0	6
2025-12-02	16:00:00	4212.32	4223.93	4212.19	4223.45	1418	0	10
2025-12-02	16:15:00	4223.51	4230.88	4221.95	4227.62	1415	0	6
2025-12-02	16:30:00	4227.84	4229.5	4215.48	4217.98	1482	0	5
2025-12-02	16:45:00	4217.94	4225.72	4214.44	4218.92	1467	0	9
2025-12-02	17:00:00	4218.62	4219.59	4204.79	4206.15	1471	0	12
2025-12-02	17:15:00	4206.04	4208.6	4186.73	4188.28	1504	0	5
2025-12-02	17:30:00	4187.51	4191.92	4179.38	4189.42	1493	0	5
2025-12-02	17:45:00	4189.38	4189.55	4163.43	4169.27	1513	0	5
2025-12-02	18:00:00	4169.37	4178.25	4166.97	4177.31	1465	0	5
2025-12-02	18:15:00	4177.13	4179.55	4171.31	4177.18	1414	0	8
2025-12-02	18:30:00	4176.99	4190.29	4176.92	4186.09	1394	0	6
2025-12-02	18:45:00	4186.05	4188.82	4180.42	4184.69	1349	0	5
2025-12-02	19:00:00	4184.64	4192.12	4184.64	4187.48	1328	0	5
2025-12-02	19:15:00	4187.54	4192.97	4187.29	4192.01	1250	0	5
2025-12-02	19:30:00	4192.15	4196.14	4190.43	4193.06	1214	0	5
2025-12-02	19:45:00	4193.08	4196.96	4193.08	4193.91	1251	0	16
2025-12-02	20:00:00	4193.7	4196.86	4191.14	4192.43	1251	0	12
2025-12-02	20:15:00	4192.39	4195.47	4189.26	4189.35	1279	0	6
2025-12-02	20:30:00	4189.26	4191.13	4183.11	4187.25	1297	0	5
2025-12-02	20:45:00	4187.19	4191.71	4185.88	4190.8	1171	0	17
2025-12-02	21:00:00	4191.16	4198.18	4191.16	4196.99	1176	0	14
2025-12-02	21:15:00	4197.11	4198.29	4194.07	4197.29	1026	0	6
2025-12-02	21:30:00	4197.25	4199.77	4193.71	4194.99	1093	0	9
2025-12-02	21:45:00	4195.11	4200.7	4194.06	4196.51	1066	0	9
2025-12-02	22:00:00	4196.56	4200.07	4194.85	4198.28	1119	0	17
2025-12-02	22:15:00	4198.39	4199.62	4195.76	4198.68	891	0	17
2025-12-02	22:30:00	4198.62	4212.34	4198.62	4209.77	1251	0	5
2025-12-02	22:45:00	4210.24	4212.22	4207.75	4210.15	1207	0	16
2025-12-02	23:00:00	4209.99	4211.74	4207.69	4209.18	759	0	17
2025-12-02	23:15:00	4209.22	4211.24	4208.41	4209.97	587	0	16
2025-12-02	23:30:00	4209.91	4211.58	4209.09	4210.32	596	0	16
2025-12-02	23:45:00	4210.34	4210.72	4205.2	4205.59	662	0	17
2025-12-03	01:00:00	4206.61	4213.14	4202.84	4207.73	1014	0	15
2025-12-03	01:15:00	4207.76	4210.73	4207.52	4209.02	876	0	5
2025-12-03	01:30:00	4209.08	4209.23	4206.51	4208.86	978	0	5
2025-12-03	01:45:00	4208.89	4216.25	4208.5	4212.93	1195	0	7
2025-12-03	02:00:00	4212.79	4212.93	4207.19	4209.67	1233	0	5
2025-12-03	02:15:00	4209.67	4211.67	4205.56	4207.44	979	0	17
2025-12-03	02:30:00	4207.49	4211.02	4205.59	4206.64	1069	0	5
2025-12-03	02:45:00	4206.66	4211.77	4204.6	4211.77	1172	0	5
2025-12-03	03:00:00	4212.71	4221.06	4211.59	4216.07	1356	0	15
2025-12-03	03:15:00	4216.11	4219.51	4214.18	4216.9	1265	0	16
2025-12-03	03:30:00	4216.76	4219.03	4213.42	4217.11	1270	0	16
2025-12-03	03:45:00	4217.09	4219.73	4214.07	4214.15	1242	0	15
2025-12-03	04:00:00	4214.31	4224.24	4214.17	4223.87	1281	0	11
2025-12-03	04:15:00	4223.92	4224.38	4219.04	4223.23	1121	0	16
2025-12-03	04:30:00	4223.15	4228.81	4222.49	4224.94	1274	0	5
2025-12-03	04:45:00	4225.18	4228.49	4224.29	4226.65	1144	0	10
2025-12-03	05:00:00	4226.67	4227.52	4220.43	4222.54	1135	0	17
2025-12-03	05:15:00	4222.63	4225.78	4221.23	4225.5	1101	0	12
2025-12-03	05:30:00	4225.56	4226.0	4220.53	4222.72	1011	0	6
2025-12-03	05:45:00	4222.72	4224.12	4220.14	4221.17	908	0	17
2025-12-03	06:00:00	4221.2	4221.27	4217.37	4220.39	963	0	17
2025-12-03	06:15:00	4220.38	4224.27	4220.14	4222.64	846	0	16
2025-12-03	06:30:00	4222.58	4225.35	4222.13	4224.16	837	0	16
2025-12-03	06:45:00	4224.08	4224.08	4220.19	4222.34	952	0	17
2025-12-03	07:00:00	4222.42	4223.91	4220.03	4220.96	930	0	16
2025-12-03	07:15:00	4220.98	4222.02	4218.83	4220.37	985	0	17
2025-12-03	07:30:00	4220.92	4220.92	4205.85	4207.33	1439	0	11
2025-12-03	07:45:00	4207.4	4209.76	4203.29	4207.65	1389	0	5
2025-12-03	08:00:00	4207.92	4209.83	4206.18	4207.89	1249	0	5
2025-12-03	08:15:00	4207.78	4211.8	4206.81	4208.95	1212	0	17
2025-12-03	08:30:00	4208.91	4209.78	4204.75	4206.97	1216	0	17
2025-12-03	08:45:00	4206.81	4210.01	4205.33	4208.05	1166	0	10
2025-12-03	09:00:00	4208.36	4210.06	4206.18	4206.18	1047	0	13
2025-12-03	09:15:00	4206.08	4208.24	4202.26	4202.47	1129	0	11
2025-12-03	09:30:00	4202.43	4207.35	4199.5	4205.99	1192	0	17
2025-12-03	09:45:00	4206.04	4207.66	4203.15	4206.55	1113	0	10
2025-12-03	10:00:00	4206.8	4208.08	4205.11	4206.78	1303	0	17
2025-12-03	10:15:00	4206.89	4207.41	4203.76	4206.32	1214	0	15
2025-12-03	10:30:00	4206.35	4210.26	4204.28	4208.84	1231	0	13
2025-12-03	10:45:00	4208.86	4209.57	4206.38	4206.43	1227	0	5
2025-12-03	11:00:00	4207.11	4207.48	4197.01	4199.81	1314	0	8
2025-12-03	11:15:00	4200.8	4202.98	4198.96	4199.87	1189	0	17
2025-12-03	11:30:00	4199.88	4202.17	4199.88	4201.44	1032	0	16
2025-12-03	11:45:00	4201.37	4202.25	4199.99	4202.07	1086	0	17
2025-12-03	12:00:00	4202.03	4202.56	4195.04	4195.13	1221	0	16
2025-12-03	12:15:00	4195.18	4204.79	4194.61	4202.67	1183	0	17
2025-12-03	12:30:00	4202.91	4203.95	4198.46	4201.34	1200	0	17
2025-12-03	12:45:00	4201.33	4201.59	4197.88	4200.56	1073	0	17
2025-12-03	13:00:00	4200.61	4200.75	4196.91	4199.43	1077	0	17
2025-12-03	13:15:00	4199.59	4205.62	4199.11	4205.25	1040	0	5
2025-12-03	13:30:00	4205.27	4207.26	4202.62	4203.94	1101	0	17
2025-12-03	13:45:00	4203.96	4209.23	4203.17	4208.57	1146	0	13
2025-12-03	14:00:00	4208.41	4210.6	4205.87	4207.56	1086	0	17
2025-12-03	14:15:00	4207.49	4209.73	4205.18	4208.14	1102	0	16
2025-12-03	14:30:00	4208.14	4214.42	4207.65	4214.22	1164	0	7
2025-12-03	14:45:00	4214.19	4214.41	4210.78	4213.51	1121	0	7
2025-12-03	15:00:00	4213.55	4216.88	4211.34	4211.34	1318	0	5
2025-12-03	15:15:00	4212.41	4222.91	4212.41	4220.44	1402	0	6
2025-12-03	15:30:00	4220.82	4225.68	4216.76	4223.67	1364	0	13
2025-12-03	15:45:00	4223.33	4238.95	4222.33	4236.79	1411	0	6
2025-12-03	16:00:00	4237.05	4240.51	4218.7	4226.68	1494	0	8
2025-12-03	16:15:00	4226.81	4230.73	4221.32	4224.59	1409	0	6
2025-12-03	16:30:00	4224.72	4241.35	4223.44	4226.74	1513	0	5
2025-12-03	16:45:00	4227.32	4227.32	4205.25	4212.13	1520	0	5
2025-12-03	17:00:00	4211.4	4219.41	4206.27	4217.57	1485	0	5
2025-12-03	17:15:00	4217.8	4224.56	4216.6	4221.72	1394	0	5
2025-12-03	17:30:00	4221.18	4229.4	4220.99	4227.34	1387	0	17
2025-12-03	17:45:00	4227.4	4228.11	4214.31	4216.35	1403	0	10
2025-12-03	18:00:00	4216.29	4221.94	4214.19	4219.36	1361	0	5
2025-12-03	18:15:00	4219.07	4219.45	4212.55	4219.0	1357	0	6
2025-12-03	18:30:00	4219.01	4224.95	4218.48	4220.43	1324	0	5
2025-12-03	18:45:00	4220.03	4220.93	4195.72	4201.02	1446	0	5
2025-12-03	19:00:00	4200.76	4212.47	4200.38	4210.87	1391	0	10
2025-12-03	19:15:00	4210.91	4213.16	4207.67	4208.94	1252	0	5
2025-12-03	19:30:00	4208.93	4215.49	4207.93	4212.48	1246	0	17
2025-12-03	19:45:00	4212.57	4214.58	4208.3	4211.03	1201	0	17
2025-12-03	20:00:00	4211.35	4211.53	4202.09	4204.45	1280	0	17
2025-12-03	20:15:00	4204.53	4206.44	4198.77	4201.68	1257	0	5
2025-12-03	20:30:00	4202.88	4206.69	4200.36	4205.03	1208	0	17
2025-12-03	20:45:00	4204.9	4205.67	4195.15	4196.88	1213	0	17
2025-12-03	21:00:00	4197.02	4203.76	4197.02	4201.21	1241	0	16
2025-12-03	21:15:00	4201.11	4206.62	4200.98	4205.97	1136	0	17
2025-12-03	21:30:00	4206.05	4209.9	4205.0	4208.93	1044	0	17
2025-12-03	21:45:00	4208.91	4209.88	4207.7	4207.86	1009	0	14
2025-12-03	22:00:00	4207.85	4212.61	4207.52	4211.26	1159	0	17
2025-12-03	22:15:00	4211.26	4211.48	4208.26	4210.19	1046	0	7
2025-12-03	22:30:00	4210.16	4210.84	4207.84	4208.58	1143	0	17
2025-12-03	22:45:00	4208.63	4208.91	4203.63	4206.24	1235	0	17
2025-12-03	23:00:00	4206.15	4210.15	4206.01	4209.84	911	0	17
2025-12-03	23:15:00	4209.91	4209.92	4206.52	4207.05	666	0	16
2025-12-03	23:30:00	4207.0	4209.72	4206.92	4209.58	597	0	5
2025-12-03	23:45:00	4209.57	4209.57	4202.62	4202.93	624	0	6
2025-12-04	01:00:00	4204.03	4207.82	4204.03	4206.36	923	0	8
2025-12-04	01:15:00	4206.52	4209.04	4206.14	4206.88	811	0	5
2025-12-04	01:30:00	4207.02	4207.4	4203.75	4206.15	936	0	7
2025-12-04	01:45:00	4206.09	4207.43	4202.22	4207.17	883	0	11
2025-12-04	02:00:00	4207.17	4210.54	4204.35	4207.69	952	0	5
2025-12-04	02:15:00	4207.68	4212.85	4206.32	4211.83	1010	0	16
2025-12-04	02:30:00	4211.59	4215.72	4211.08	4213.45	1084	0	17
2025-12-04	02:45:00	4213.47	4213.81	4209.35	4211.63	1058	0	17
2025-12-04	03:00:00	4211.28	4214.04	4205.83	4213.61	1284	0	5
2025-12-04	03:15:00	4213.62	4214.54	4210.37	4212.84	1286	0	17
2025-12-04	03:30:00	4213.18	4215.02	4210.93	4214.66	1149	0	12
2025-12-04	03:45:00	4214.65	4216.76	4207.43	4209.12	1201	0	15
2025-12-04	04:00:00	4209.08	4209.08	4199.01	4204.78	1279	0	5
2025-12-04	04:15:00	4204.74	4206.71	4202.57	4205.97	1013	0	17
2025-12-04	04:30:00	4205.95	4207.46	4201.25	4201.57	1220	0	17
2025-12-04	04:45:00	4201.55	4204.53	4199.83	4200.55	1207	0	17
2025-12-04	05:00:00	4200.48	4201.58	4187.2	4193.19	1268	0	17
2025-12-04	05:15:00	4193.05	4196.19	4192.18	4193.42	1181	0	17
2025-12-04	05:30:00	4193.32	4197.07	4190.1	4196.87	1061	0	11
2025-12-04	05:45:00	4197.14	4197.81	4193.73	4195.84	1028	0	16
2025-12-04	06:00:00	4195.68	4197.51	4192.78	4197.17	967	0	5
2025-12-04	06:15:00	4197.35	4199.07	4195.4	4198.42	923	0	12
2025-12-04	06:30:00	4198.48	4198.71	4196.79	4197.14	913	0	17
2025-12-04	06:45:00	4197.25	4197.63	4194.45	4196.94	977	0	14
2025-12-04	07:00:00	4196.81	4197.87	4194.32	4194.32	895	0	17
2025-12-04	07:15:00	4194.35	4197.54	4189.5	4197.13	1124	0	11
2025-12-04	07:30:00	4196.89	4198.98	4181.08	4184.23	1341	0	17
2025-12-04	07:45:00	4184.32	4185.64	4175.07	4181.08	1295	0	17
2025-12-04	08:00:00	4181.13	4185.75	4179.19	4180.22	1282	0	7
2025-12-04	08:15:00	4180.4	4185.82	4178.57	4183.02	1286	0	10
2025-12-04	08:30:00	4182.92	4189.25	4182.42	4188.98	1224	0	9
2025-12-04	08:45:00	4188.88	4190.22	4186.98	4190.04	1119	0	5
2025-12-04	09:00:00	4190.07	4192.22	4186.64	4192.22	1164	0	11
2025-12-04	09:15:00	4192.31	4194.88	4188.76	4189.38	1094	0	5
2025-12-04	09:30:00	4189.35	4191.52	4188.8	4189.72	991	0	17
2025-12-04	09:45:00	4189.75	4193.86	4186.45	4193.79	1139	0	5
2025-12-04	10:00:00	4193.47	4195.5	4189.89	4191.23	1217	0	14
2025-12-04	10:15:00	4191.15	4196.46	4190.99	4192.89	1214	0	6
2025-12-04	10:30:00	4192.61	4194.49	4190.84	4190.84	1145	0	16
2025-12-04	10:45:00	4191.15	4192.5	4184.58	4184.58	1210	0	17
2025-12-04	11:00:00	4184.69	4191.46	4183.75	4189.19	1222	0	12
2025-12-04	11:15:00	4189.31	4192.05	4187.57	4191.42	1172	0	17
2025-12-04	11:30:00	4191.22	4197.65	4190.69	4196.71	1109	0	5
2025-12-04	11:45:00	4196.71	4202.46	4196.21	4199.82	1160	0	12
2025-12-04	12:00:00	4200.02	4202.64	4198.91	4199.56	1076	0	17
2025-12-04	12:15:00	4199.59	4202.28	4198.47	4199.21	1119	0	17
2025-12-04	12:30:00	4199.37	4201.7	4197.94	4201.24	1020	0	17
2025-12-04	12:45:00	4201.25	4201.78	4196.55	4197.2	1044	0	5
2025-12-04	13:00:00	4197.25	4206.46	4197.25	4202.43	1130	0	7
2025-12-04	13:15:00	4202.4	4204.07	4197.3	4199.21	1083	0	10
2025-12-04	13:30:00	4199.3	4201.85	4197.88	4200.3	940	0	5
2025-12-04	13:45:00	4200.23	4200.73	4197.46	4198.65	933	0	17
2025-12-04	14:00:00	4198.56	4201.86	4193.75	4200.81	1136	0	16
2025-12-04	14:15:00	4200.84	4201.36	4192.87	4194.43	1110	0	17
2025-12-04	14:30:00	4194.19	4194.27	4188.71	4192.72	1224	0	10
2025-12-04	14:45:00	4192.75	4193.46	4188.87	4190.45	1178	0	5
2025-12-04	15:00:00	4190.25	4192.54	4185.85	4187.43	1325	0	13
2025-12-04	15:15:00	4187.15	4196.9	4185.64	4196.12	1275	0	5
2025-12-04	15:30:00	4191.54	4195.95	4187.06	4191.73	1348	0	17
2025-12-04	15:45:00	4191.86	4198.34	4188.37	4198.19	1281	0	5
2025-12-04	16:00:00	4198.33	4206.32	4198.33	4204.76	1326	0	5
2025-12-04	16:15:00	4204.81	4210.07	4202.49	4208.1	1294	0	5
2025-12-04	16:30:00	4208.12	4213.18	4193.72	4199.97	1400	0	16
2025-12-04	16:45:00	4199.61	4208.13	4196.98	4200.99	1394	0	10
2025-12-04	17:00:00	4201.15	4203.22	4191.38	4202.56	1408	0	5
2025-12-04	17:15:00	4202.62	4206.24	4200.71	4205.91	1340	0	10
2025-12-04	17:30:00	4206.05	4210.19	4204.66	4206.49	1302	0	8
2025-12-04	17:45:00	4206.47	4208.68	4202.63	4207.51	1316	0	16
2025-12-04	18:00:00	4207.41	4215.18	4206.72	4210.67	1316	0	8
2025-12-04	18:15:00	4210.6	4219.38	4209.98	4216.21	1263	0	10
2025-12-04	18:30:00	4216.16	4216.75	4207.64	4210.76	1274	0	5
2025-12-04	18:45:00	4210.95	4216.86	4210.18	4215.71	1229	0	17
2025-12-04	19:00:00	4216.08	4216.87	4209.49	4211.14	1211	0	11
2025-12-04	19:15:00	4211.15	4213.53	4209.13	4211.0	1117	0	18
2025-12-04	19:30:00	4210.89	4214.12	4209.55	4213.45	1078	0	7
2025-12-04	19:45:00	4213.5	4217.55	4213.5	4216.47	1138	0	17
2025-12-04	20:00:00	4216.35	4217.44	4210.23	4213.7	1180	0	6
2025-12-04	20:15:00	4213.84	4215.27	4211.89	4212.92	1121	0	16
2025-12-04	20:30:00	4212.68	4212.93	4209.72	4211.32	1075	0	16
2025-12-04	20:45:00	4211.37	4212.2	4207.31	4208.04	1028	0	5
2025-12-04	21:00:00	4207.99	4209.86	4199.65	4203.7	1193	0	6
2025-12-04	21:15:00	4203.65	4206.61	4200.85	4205.1	1200	0	17
2025-12-04	21:30:00	4204.98	4210.07	4204.34	4208.22	1067	0	10
2025-12-04	21:45:00	4208.21	4209.17	4206.06	4208.9	1074	0	17
2025-12-04	22:00:00	4208.95	4208.95	4206.66	4207.33	1095	0	17
2025-12-04	22:15:00	4207.32	4209.9	4206.04	4207.54	1023	0	17
2025-12-04	22:30:00	4207.5	4207.81	4205.5	4206.88	955	0	16
2025-12-04	22:45:00	4206.96	4210.35	4206.92	4209.86	1088	0	17
2025-12-04	23:00:00	4209.81	4210.14	4208.49	4209.38	613	0	17
2025-12-04	23:15:00	4209.33	4209.4	4207.96	4208.54	505	0	8
2025-12-04	23:30:00	4208.55	4209.79	4208.08	4209.67	572	0	17
2025-12-04	23:45:00	4209.67	4210.19	4207.85	4208.59	507	0	17
2025-12-05	01:00:00	4208.37	4209.83	4207.15	4207.98	550	0	15
2025-12-05	01:15:00	4207.91	4209.6	4206.83	4207.88	709	0	17
2025-12-05	01:30:00	4208.02	4208.92	4203.9	4206.45	931	0	17
2025-12-05	01:45:00	4206.25	4206.56	4203.9	4206.13	870	0	15
2025-12-05	02:00:00	4206.17	4209.11	4204.15	4208.49	917	0	17
2025-12-05	02:15:00	4208.48	4210.61	4204.96	4205.58	1109	0	17
2025-12-05	02:30:00	4205.82	4205.93	4202.93	4204.9	1082	0	16
2025-12-05	02:45:00	4204.93	4205.31	4201.21	4201.82	1108	0	17
2025-12-05	03:00:00	4201.59	4204.46	4195.19	4197.09	1363	0	10
2025-12-05	03:15:00	4197.09	4200.74	4194.84	4199.62	1345	0	17
2025-12-05	03:30:00	4199.56	4202.32	4197.39	4198.44	1264	0	5
2025-12-05	03:45:00	4198.36	4203.96	4197.86	4203.07	1301	0	16
2025-12-05	04:00:00	4202.94	4204.74	4200.07	4201.75	1235	0	17
2025-12-05	04:15:00	4201.81	4202.11	4196.75	4197.81	1144	0	16
2025-12-05	04:30:00	4197.61	4204.71	4196.74	4204.49	1229	0	6
2025-12-05	04:45:00	4204.6	4208.31	4204.56	4207.43	1339	0	17
2025-12-05	05:00:00	4207.49	4208.91	4201.76	4203.06	1262	0	17
2025-12-05	05:15:00	4203.04	4204.78	4202.28	4203.2	1147	0	17
2025-12-05	05:30:00	4203.3	4209.12	4202.33	4209.12	1010	0	17
2025-12-05	05:45:00	4209.27	4210.95	4206.9	4209.65	1281	0	17
2025-12-05	06:00:00	4209.59	4214.38	4207.68	4213.68	1192	0	17
2025-12-05	06:15:00	4213.69	4213.69	4211.21	4212.46	1046	0	17
2025-12-05	06:30:00	4212.45	4216.14	4212.45	4214.08	982	0	9
2025-12-05	06:45:00	4214.13	4217.34	4213.4	4216.83	1000	0	15
2025-12-05	07:00:00	4216.84	4218.27	4215.33	4216.19	1043	0	17
2025-12-05	07:15:00	4216.21	4220.05	4214.23	4219.51	1051	0	5
2025-12-05	07:30:00	4219.51	4221.26	4217.72	4220.19	1448	0	13
2025-12-05	07:45:00	4220.11	4221.04	4218.85	4220.47	1249	0	17
2025-12-05	08:00:00	4220.52	4228.59	4218.58	4225.36	1401	0	9
2025-12-05	08:15:00	4225.48	4229.29	4224.61	4227.9	1327	0	15
2025-12-05	08:30:00	4227.31	4228.96	4223.7	4225.07	1330	0	12
2025-12-05	08:45:00	4225.13	4226.23	4223.74	4224.58	1131	0	15
2025-12-05	09:00:00	4224.67	4230.55	4224.5	4227.24	1095	0	13
2025-12-05	09:15:00	4227.4	4230.71	4226.36	4230.11	1024	0	5
2025-12-05	09:30:00	4230.12	4230.19	4224.25	4224.69	1122	0	5
2025-12-05	09:45:00	4224.71	4225.86	4222.41	4224.39	1140	0	5
2025-12-05	10:00:00	4224.51	4227.19	4221.74	4223.12	1266	0	5
2025-12-05	10:15:00	4223.13	4226.47	4222.5	4222.95	1092	0	5
2025-12-05	10:30:00	4222.96	4225.71	4220.66	4223.24	1193	0	5
2025-12-05	10:45:00	4223.37	4224.58	4220.4	4220.64	1136	0	17
2025-12-05	11:00:00	4220.51	4222.22	4217.45	4218.61	1234	0	5
2025-12-05	11:15:00	4218.53	4221.97	4215.9	4221.06	1274	0	5
2025-12-05	11:30:00	4221.04	4224.77	4219.52	4223.97	1105	0	17
2025-12-05	11:45:00	4224.0	4225.04	4223.1	4223.32	886	0	5
2025-12-05	12:00:00	4223.25	4226.23	4223.12	4224.21	777	0	12
2025-12-05	12:15:00	4224.21	4227.51	4223.1	4223.95	1009	0	10
2025-12-05	12:30:00	4223.95	4225.45	4223.35	4224.46	1024	0	15
2025-12-05	12:45:00	4224.45	4224.85	4222.44	4222.87	1034	0	17
2025-12-05	13:00:00	4222.79	4224.51	4220.04	4224.26	1096	0	15
2025-12-05	13:15:00	4224.17	4225.59	4221.02	4221.25	1123	0	18
2025-12-05	13:30:00	4221.24	4224.22	4220.62	4222.94	1149	0	11
2025-12-05	13:45:00	4222.95	4223.85	4221.56	4223.7	986	0	7
2025-12-05	14:00:00	4223.64	4229.7	4223.14	4225.74	1264	0	17
2025-12-05	14:15:00	4225.76	4229.46	4223.97	4224.46	1158	0	8
2025-12-05	14:30:00	4224.47	4225.86	4222.82	4225.46	1134	0	14
2025-12-05	14:45:00	4225.44	4229.48	4224.41	4228.73	1120	0	5
2025-12-05	15:00:00	4228.84	4234.24	4221.89	4228.05	1502	0	5
2025-12-05	15:15:00	4228.06	4234.94	4225.76	4232.77	1421	0	12
2025-12-05	15:30:00	4232.59	4238.91	4231.24	4233.71	1543	0	5
2025-12-05	15:45:00	4233.73	4237.57	4230.01	4234.61	1458	0	5
2025-12-05	16:00:00	4234.52	4239.44	4232.28	4237.39	1455	0	9
2025-12-05	16:15:00	4237.52	4237.6	4230.59	4231.57	1470	0	11
2025-12-05	16:30:00	4231.66	4236.83	4228.38	4236.06	1604	0	5
2025-12-05	16:45:00	4236.33	4245.41	4235.07	4242.22	1536	0	6
2025-12-05	17:00:00	4242.08	4244.25	4234.19	4239.63	1586	0	6
2025-12-05	17:15:00	4239.65	4249.05	4238.13	4248.62	1482	0	5
2025-12-05	17:30:00	4248.72	4259.1	4246.38	4253.77	1553	0	5
2025-12-05	17:45:00	4253.94	4255.04	4237.98	4243.49	1590	0	10
2025-12-05	18:00:00	4243.88	4245.68	4203.21	4203.34	1691	0	15
2025-12-05	18:15:00	4203.94	4218.15	4198.57	4216.77	1665	0	11
2025-12-05	18:30:00	4216.58	4216.98	4207.78	4210.74	1586	0	17
2025-12-05	18:45:00	4210.69	4217.6	4207.56	4214.32	1508	0	6
2025-12-05	19:00:00	4212.85	4218.18	4210.35	4215.02	1477	0	5
2025-12-05	19:15:00	4214.89	4218.05	4213.42	4216.83	1371	0	17
2025-12-05	19:30:00	4216.84	4219.62	4206.57	4214.17	1487	0	5
2025-12-05	19:45:00	4214.27	4218.66	4212.85	4217.67	1346	0	5
2025-12-05	20:00:00	4217.21	4218.65	4214.98	4217.87	1212	0	17
2025-12-05	20:15:00	4217.98	4219.04	4210.05	4212.79	1427	0	11
2025-12-05	20:30:00	4212.7	4215.71	4209.39	4212.09	1312	0	8
2025-12-05	20:45:00	4212.12	4213.55	4206.8	4208.81	1265	0	17
2025-12-05	21:00:00	4208.45	4210.8	4203.8	4208.46	1344	0	5
2025-12-05	21:15:00	4208.45	4209.77	4205.32	4209.5	1213	0	17
2025-12-05	21:30:00	4209.39	4210.3	4204.14	4205.89	1139	0	19
2025-12-05	21:45:00	4205.77	4208.77	4202.46	4207.54	1120	0	6
2025-12-05	22:00:00	4207.75	4207.75	4202.9	4204.71	1245	0	15
2025-12-05	22:15:00	4204.58	4206.81	4202.78	4202.89	1230	0	8
2025-12-05	22:30:00	4202.84	4205.26	4199.8	4200.99	1285	0	9
2025-12-05	22:45:00	4200.96	4202.66	4199.35	4202.2	1355	0	17
2025-12-05	23:00:00	4202.15	4202.45	4199.82	4200.4	910	0	14
2025-12-05	23:15:00	4200.4	4200.49	4191.89	4197.12	1004	0	8
2025-12-05	23:30:00	4197.03	4197.03	4193.72	4194.44	768	0	11
2025-12-05	23:45:00	4194.34	4199.04	4192.1	4199.04	706	0	5
2025-12-08	01:00:00	4197.52	4209.43	4195.02	4197.18	1394	0	15
2025-12-08	01:15:00	4197.07	4205.52	4196.45	4200.76	1111	0	60
2025-12-08	01:30:00	4200.56	4202.94	4196.99	4199.81	356	0	17
2025-12-08	01:45:00	4199.77	4202.75	4198.28	4201.33	1021	0	5
2025-12-08	02:00:00	4201.64	4207.97	4199.57	4205.97	1358	0	5
2025-12-08	02:15:00	4205.9	4207.67	4203.08	4205.8	1263	0	5
2025-12-08	02:30:00	4205.8	4210.43	4204.9	4209.67	1290	0	8
2025-12-08	02:45:00	4209.54	4211.73	4208.31	4210.82	1269	0	17
2025-12-08	03:00:00	4210.83	4211.71	4201.34	4205.95	1609	0	7
2025-12-08	03:15:00	4205.97	4210.57	4204.36	4208.02	1468	0	5
2025-12-08	03:30:00	4207.8	4209.69	4205.27	4206.61	1457	0	17
2025-12-08	03:45:00	4206.62	4208.36	4197.61	4201.21	1544	0	17
2025-12-08	04:00:00	4200.88	4202.24	4198.56	4200.46	1366	0	17
2025-12-08	04:15:00	4200.52	4203.58	4199.17	4203.14	1141	0	6
2025-12-08	04:30:00	4203.31	4208.86	4199.38	4206.49	1507	0	11
2025-12-08	04:45:00	4206.44	4212.31	4206.44	4208.42	1414	0	8
2025-12-08	05:00:00	4208.51	4210.3	4206.76	4209.97	1314	0	17
2025-12-08	05:15:00	4209.98	4213.52	4207.74	4209.83	1333	0	15
2025-12-08	05:30:00	4209.99	4211.26	4207.26	4207.83	1178	0	14
2025-12-08	05:45:00	4207.81	4210.49	4206.71	4210.12	1033	0	16
2025-12-08	06:00:00	4210.05	4210.51	4208.5	4209.5	898	0	16
2025-12-08	06:15:00	4209.46	4212.1	4208.82	4209.46	902	0	17
2025-12-08	06:30:00	4209.53	4213.25	4209.47	4210.52	934	0	16
2025-12-08	06:45:00	4210.37	4211.29	4206.92	4208.46	964	0	16
2025-12-08	07:00:00	4208.49	4209.62	4207.62	4208.95	1004	0	17
2025-12-08	07:15:00	4209.13	4209.37	4204.67	4206.34	1154	0	17
2025-12-08	07:30:00	4206.73	4215.94	4206.46	4214.69	1468	0	15
2025-12-08	07:45:00	4214.88	4217.24	4212.75	4217.06	1356	0	16
2025-12-08	08:00:00	4217.09	4218.56	4212.23	4215.26	1406	0	17
2025-12-08	08:15:00	4215.18	4217.96	4213.7	4216.41	1326	0	5
2025-12-08	08:30:00	4216.32	4218.82	4214.97	4217.01	1303	0	5
2025-12-08	08:45:00	4217.01	4218.04	4215.08	4217.0	1145	0	17
2025-12-08	09:00:00	4217.35	4217.35	4212.51	4214.59	1292	0	14
2025-12-08	09:15:00	4214.6	4216.01	4212.72	4213.89	1252	0	9
2025-12-08	09:30:00	4213.88	4216.45	4210.12	4210.12	1168	0	11
2025-12-08	09:45:00	4209.94	4211.01	4206.33	4206.88	1307	0	6
2025-12-08	10:00:00	4207.53	4212.77	4203.17	4211.62	1400	0	14
2025-12-08	10:15:00	4211.62	4216.52	4209.21	4209.38	1304	0	5
2025-12-08	10:30:00	4209.06	4210.66	4205.04	4209.01	1269	0	17
2025-12-08	10:45:00	4209.01	4212.01	4207.19	4209.94	1271	0	10
2025-12-08	11:00:00	4209.54	4210.73	4203.91	4209.07	1312	0	8
2025-12-08	11:15:00	4209.08	4210.86	4205.91	4210.6	1144	0	17
2025-12-08	11:30:00	4210.63	4211.52	4206.24	4207.88	1173	0	17
2025-12-08	11:45:00	4207.88	4212.72	4206.36	4207.96	1169	0	5
2025-12-08	12:00:00	4207.85	4210.34	4207.66	4209.24	952	0	17
2025-12-08	12:15:00	4209.37	4209.98	4205.65	4206.01	1027	0	17
2025-12-08	12:30:00	4205.94	4208.28	4201.01	4206.32	1269	0	5
2025-12-08	12:45:00	4206.3	4206.76	4202.84	4203.53	1207	0	16
2025-12-08	13:00:00	4203.35	4204.62	4199.57	4203.35	1210	0	9
2025-12-08	13:15:00	4203.22	4209.66	4202.11	4209.5	1146	0	6
2025-12-08	13:30:00	4209.4	4213.9	4208.8	4213.35	1330	0	5
2025-12-08	13:45:00	4213.41	4213.58	4208.44	4208.44	1130	0	6
2025-12-08	14:00:00	4208.62	4212.95	4208.33	4212.28	1190	0	14
2025-12-08	14:15:00	4212.26	4212.55	4209.14	4211.67	1070	0	10
2025-12-08	14:30:00	4211.36	4213.3	4210.79	4212.5	1140	0	16
2025-12-08	14:45:00	4212.43	4215.47	4211.11	4213.66	1201	0	10
2025-12-08	15:00:00	4213.92	4214.81	4205.68	4210.59	1553	0	17
2025-12-08	15:15:00	4210.62	4211.06	4202.49	4203.27	1519	0	5
2025-12-08	15:30:00	4203.12	4204.89	4200.39	4202.79	1510	0	8
2025-12-08	15:45:00	4202.8	4206.43	4197.85	4201.57	1528	0	5
2025-12-08	16:00:00	4201.67	4210.06	4197.48	4209.7	1597	0	8
2025-12-08	16:15:00	4209.61	4211.46	4207.62	4208.96	1444	0	5
2025-12-08	16:30:00	4209.17	4211.01	4198.39	4198.45	1642	0	8
2025-12-08	16:45:00	4198.44	4210.55	4195.77	4196.54	1683	0	7
2025-12-08	17:00:00	4196.65	4196.77	4177.18	4178.1	1748	0	5
2025-12-08	17:15:00	4178.08	4193.17	4176.64	4191.87	1657	0	8
2025-12-08	17:30:00	4192.0	4193.14	4185.78	4186.86	1564	0	5
2025-12-08	17:45:00	4186.91	4190.3	4182.04	4182.88	1547	0	5
2025-12-08	18:00:00	4182.94	4183.91	4177.22	4183.88	1592	0	5
2025-12-08	18:15:00	4183.79	4196.11	4182.83	4194.79	1523	0	7
2025-12-08	18:30:00	4194.81	4197.92	4192.86	4193.65	1467	0	10
2025-12-08	18:45:00	4193.62	4195.26	4187.98	4191.58	1345	0	5
2025-12-08	19:00:00	4191.72	4191.85	4185.47	4187.12	1367	0	9
2025-12-08	19:15:00	4187.2	4191.91	4186.7	4191.88	1255	0	5
2025-12-08	19:30:00	4191.91	4194.22	4188.87	4188.87	1191	0	15
2025-12-08	19:45:00	4188.84	4195.46	4187.95	4194.83	1319	0	6
2025-12-08	20:00:00	4195.51	4195.66	4188.67	4189.44	1183	0	6
2025-12-08	20:15:00	4189.35	4190.47	4187.12	4188.77	1254	0	7
2025-12-08	20:30:00	4188.64	4191.66	4187.03	4189.85	1284	0	5
2025-12-08	20:45:00	4189.83	4192.23	4184.61	4187.31	1237	0	8
2025-12-08	21:00:00	4187.16	4188.48	4184.2	4185.23	1274	0	14
2025-12-08	21:15:00	4185.22	4188.79	4184.41	4187.91	1113	0	15
2025-12-08	21:30:00	4187.69	4188.88	4186.05	4187.04	1045	0	17
2025-12-08	21:45:00	4187.08	4187.44	4185.03	4187.01	1102	0	5
2025-12-08	22:00:00	4187.1	4191.08	4184.96	4188.6	1100	0	5
2025-12-08	22:15:00	4188.66	4191.41	4187.36	4189.22	1136	0	5
2025-12-08	22:30:00	4189.3	4195.48	4189.19	4194.34	1129	0	6
2025-12-08	22:45:00	4194.33	4194.47	4190.73	4191.55	1216	0	5
2025-12-08	23:00:00	4191.57	4193.22	4191.14	4191.65	628	0	16
2025-12-08	23:15:00	4191.64	4192.49	4189.84	4190.57	538	0	5
2025-12-08	23:30:00	4190.53	4190.77	4189.4	4190.21	657	0	17
2025-12-08	23:45:00	4190.19	4190.67	4188.25	4190.51	539	0	16
2025-12-09	01:00:00	4190.31	4193.33	4189.6	4191.32	640	0	5
2025-12-09	01:15:00	4191.28	4193.94	4191.02	4192.84	709	0	6
2025-12-09	01:30:00	4192.89	4195.36	4191.64	4194.76	759	0	5
2025-12-09	01:45:00	4194.76	4195.22	4192.4	4194.77	704	0	17
2025-12-09	02:00:00	4194.63	4195.64	4191.5	4192.66	834	0	17
2025-12-09	02:15:00	4192.74	4194.18	4192.17	4192.17	655	0	17
2025-12-09	02:30:00	4192.03	4192.96	4191.54	4192.04	894	0	16
2025-12-09	02:45:00	4192.05	4194.13	4189.91	4190.43	996	0	16
2025-12-09	03:00:00	4190.42	4197.22	4188.93	4196.17	1380	0	17
2025-12-09	03:15:00	4196.06	4196.67	4193.74	4194.16	1145	0	17
2025-12-09	03:30:00	4194.29	4197.11	4194.17	4195.73	1165	0	16
2025-12-09	03:45:00	4195.72	4197.03	4193.86	4196.1	1219	0	17
2025-12-09	04:00:00	4196.09	4197.1	4190.57	4190.57	1171	0	17
2025-12-09	04:15:00	4190.6	4193.24	4189.54	4190.54	1155	0	17
2025-12-09	04:30:00	4190.54	4190.91	4186.0	4189.27	1355	0	17
2025-12-09	04:45:00	4189.25	4190.43	4187.26	4189.87	1245	0	5
2025-12-09	05:00:00	4189.91	4194.07	4189.89	4194.0	1160	0	17
2025-12-09	05:15:00	4194.01	4198.27	4193.57	4197.93	1319	0	18
2025-12-09	05:30:00	4197.85	4198.77	4193.73	4194.25	1178	0	17
2025-12-09	05:45:00	4194.21	4196.23	4193.82	4194.57	917	0	17
2025-12-09	06:00:00	4194.44	4195.34	4192.0	4194.69	1073	0	17
2025-12-09	06:15:00	4194.71	4195.48	4192.97	4194.01	940	0	17
2025-12-09	06:30:00	4193.8	4195.6	4188.65	4189.24	1182	0	6
2025-12-09	06:45:00	4189.14	4190.13	4184.41	4186.92	1153	0	5
2025-12-09	07:00:00	4186.89	4187.2	4183.5	4186.17	1125	0	17
2025-12-09	07:15:00	4186.16	4186.93	4183.49	4185.31	1042	0	17
2025-12-09	07:30:00	4185.3	4185.4	4180.61	4182.01	1421	0	6
2025-12-09	07:45:00	4181.91	4182.99	4178.18	4179.75	1434	0	6
2025-12-09	08:00:00	4179.85	4179.85	4170.27	4174.52	1540	0	5
2025-12-09	08:15:00	4174.55	4178.65	4174.22	4178.61	1454	0	7
2025-12-09	08:30:00	4178.69	4183.93	4176.6	4181.01	1430	0	16
2025-12-09	08:45:00	4181.1	4183.16	4180.06	4182.07	1238	0	5
2025-12-09	09:00:00	4182.29	4185.82	4180.28	4182.81	1364	0	17
2025-12-09	09:15:00	4182.74	4183.28	4175.93	4178.56	1348	0	5
2025-12-09	09:30:00	4178.39	4181.33	4178.39	4179.68	1252	0	17
2025-12-09	09:45:00	4179.72	4183.74	4179.11	4182.45	1232	0	10
2025-12-09	10:00:00	4182.88	4188.5	4182.84	4188.23	1382	0	11
2025-12-09	10:15:00	4188.21	4189.36	4185.66	4186.3	1310	0	17
2025-12-09	10:30:00	4186.12	4190.75	4185.76	4190.67	1275	0	13
2025-12-09	10:45:00	4190.74	4191.85	4188.76	4191.66	1275	0	8
2025-12-09	11:00:00	4191.44	4205.94	4190.91	4203.47	1565	0	5
2025-12-09	11:15:00	4203.86	4213.24	4203.3	4207.16	1631	0	5
2025-12-09	11:30:00	4207.19	4208.96	4201.81	4203.74	1452	0	5
2025-12-09	11:45:00	4203.78	4205.51	4200.58	4202.97	1425	0	5
2025-12-09	12:00:00	4203.29	4206.55	4201.79	4204.67	1345	0	5
2025-12-09	12:15:00	4204.7	4208.36	4204.05	4204.15	1215	0	5
2025-12-09	12:30:00	4204.18	4205.87	4201.26	4203.91	1264	0	5
2025-12-09	12:45:00	4203.67	4205.18	4201.9	4203.96	1214	0	15
2025-12-09	13:00:00	4204.13	4204.78	4201.98	4202.3	1112	0	12
2025-12-09	13:15:00	4202.5	4205.47	4201.27	4203.82	1248	0	7
2025-12-09	13:30:00	4203.85	4206.52	4203.03	4204.79	1107	0	8
2025-12-09	13:45:00	4204.93	4206.4	4202.53	4203.04	954	0	5
2025-12-09	14:00:00	4203.27	4205.2	4200.91	4201.78	1132	0	15
2025-12-09	14:15:00	4201.79	4203.15	4198.61	4202.43	1162	0	5
2025-12-09	14:30:00	4202.35	4203.36	4201.33	4202.06	1065	0	5
2025-12-09	14:45:00	4201.97	4207.41	4201.55	4204.24	1242	0	16
2025-12-09	15:00:00	4204.32	4207.99	4203.24	4205.16	1513	0	13
2025-12-09	15:15:00	4205.32	4207.43	4198.45	4201.96	1510	0	12
2025-12-09	15:30:00	4201.95	4202.76	4195.91	4200.45	1572	0	5
2025-12-09	15:45:00	4200.53	4203.46	4198.95	4201.21	1485	0	5
2025-12-09	16:00:00	4201.38	4202.0	4189.42	4192.17	1614	0	5
2025-12-09	16:15:00	4192.19	4194.44	4189.71	4193.29	1510	0	5
2025-12-09	16:30:00	4193.34	4206.55	4192.7	4205.83	1709	0	7
2025-12-09	16:45:00	4205.75	4210.07	4202.36	4205.13	1619	0	15
2025-12-09	17:00:00	4204.66	4204.66	4190.4	4195.36	1693	0	5
2025-12-09	17:15:00	4195.3	4208.3	4195.01	4206.28	1666	0	6
2025-12-09	17:30:00	4205.99	4208.26	4202.7	4204.95	1614	0	6
2025-12-09	17:45:00	4205.0	4216.45	4199.01	4212.46	1628	0	5
2025-12-09	18:00:00	4213.07	4220.48	4210.23	4218.42	1651	0	7
2025-12-09	18:15:00	4218.52	4219.8	4210.32	4213.64	1594	0	5
2025-12-09	18:30:00	4213.7	4220.36	4213.54	4219.04	1525	0	17
2025-12-09	18:45:00	4219.32	4221.43	4211.54	4212.39	1541	0	15
2025-12-09	19:00:00	4212.53	4216.35	4209.67	4211.48	1475	0	13
2025-12-09	19:15:00	4211.43	4211.53	4204.99	4207.8	1531	0	16
2025-12-09	19:30:00	4207.79	4209.03	4204.31	4206.99	1479	0	16
2025-12-09	19:45:00	4207.2	4208.85	4201.57	4202.97	1402	0	9
2025-12-09	20:00:00	4202.96	4206.28	4201.32	4206.26	1407	0	10
2025-12-09	20:15:00	4206.24	4208.23	4205.12	4207.24	1384	0	5
2025-12-09	20:30:00	4207.51	4208.68	4204.06	4205.73	1286	0	16
2025-12-09	20:45:00	4205.61	4209.6	4204.67	4208.87	1279	0	17
2025-12-09	21:00:00	4208.68	4212.34	4208.45	4210.91	1317	0	15
2025-12-09	21:15:00	4210.9	4211.35	4207.7	4208.31	1237	0	15
2025-12-09	21:30:00	4208.37	4210.13	4207.39	4209.23	1116	0	14
2025-12-09	21:45:00	4209.05	4214.41	4207.14	4212.57	1219	0	16
2025-12-09	22:00:00	4212.24	4216.07	4212.09	4214.63	1154	0	14
2025-12-09	22:15:00	4214.7	4214.73	4209.03	4210.7	1159	0	17
2025-12-09	22:30:00	4210.67	4211.97	4209.43	4210.24	1141	0	17
2025-12-09	22:45:00	4210.27	4213.71	4210.26	4212.15	1460	0	16
2025-12-09	23:00:00	4212.31	4212.92	4210.93	4211.44	1318	0	17
2025-12-09	23:15:00	4211.25	4211.96	4208.93	4210.13	887	0	17
2025-12-09	23:30:00	4210.12	4210.49	4208.46	4208.68	583	0	17
2025-12-09	23:45:00	4208.67	4209.87	4207.09	4208.05	591	0	17
2025-12-10	01:00:00	4208.02	4210.86	4207.89	4208.69	749	0	5
2025-12-10	01:15:00	4208.63	4211.04	4207.72	4210.44	826	0	10
2025-12-10	01:30:00	4210.68	4211.76	4209.3	4211.25	766	0	17
2025-12-10	01:45:00	4211.29	4212.98	4209.7	4210.88	928	0	11
2025-12-10	02:00:00	4210.86	4212.76	4207.53	4209.14	1101	0	10
2025-12-10	02:15:00	4209.12	4209.89	4207.21	4209.18	962	0	17
2025-12-10	02:30:00	4209.17	4209.66	4207.13	4207.65	917	0	17
2025-12-10	02:45:00	4207.64	4209.77	4207.57	4208.47	1080	0	17
2025-12-10	03:00:00	4208.3	4215.25	4206.95	4214.87	1458	0	5
2025-12-10	03:15:00	4215.07	4218.06	4212.87	4216.83	1483	0	5
2025-12-10	03:30:00	4217.0	4217.98	4211.74	4212.42	1480	0	15
2025-12-10	03:45:00	4212.48	4216.5	4212.15	4213.81	1459	0	12
2025-12-10	04:00:00	4213.67	4217.63	4213.0	4215.06	1394	0	5
2025-12-10	04:15:00	4215.03	4215.03	4211.58	4213.5	1219	0	16
2025-12-10	04:30:00	4213.67	4218.78	4213.23	4217.56	1350	0	17
2025-12-10	04:45:00	4217.62	4217.94	4215.48	4217.02	1053	0	17
2025-12-10	05:00:00	4216.94	4217.15	4210.11	4210.16	1347	0	5
2025-12-10	05:15:00	4210.06	4211.03	4207.85	4208.2	1344	0	5
2025-12-10	05:30:00	4208.15	4210.07	4206.37	4207.24	1259	0	17
2025-12-10	05:45:00	4207.14	4208.53	4203.79	4206.4	1126	0	15
2025-12-10	06:00:00	4206.35	4208.45	4205.62	4208.44	891	0	17
2025-12-10	06:15:00	4208.44	4209.04	4205.67	4206.88	944	0	17
2025-12-10	06:30:00	4206.87	4209.71	4205.51	4207.53	962	0	9
2025-12-10	06:45:00	4207.55	4207.86	4205.51	4207.07	799	0	18
2025-12-10	07:00:00	4206.78	4207.36	4203.28	4203.58	981	0	14
2025-12-10	07:15:00	4203.68	4205.62	4201.81	4205.6	1306	0	16
2025-12-10	07:30:00	4205.92	4212.0	4204.74	4211.91	1410	0	13
2025-12-10	07:45:00	4211.97	4214.32	4210.09	4211.44	1291	0	17
2025-12-10	08:00:00	4211.43	4211.63	4208.87	4209.38	1256	0	17
2025-12-10	08:15:00	4209.38	4210.25	4204.31	4207.18	1361	0	5
2025-12-10	08:30:00	4207.08	4207.55	4203.22	4206.21	1367	0	7
2025-12-10	08:45:00	4206.27	4207.75	4205.34	4207.58	1266	0	12
2025-12-10	09:00:00	4207.4	4209.52	4204.73	4205.92	1248	0	5
2025-12-10	09:15:00	4205.93	4208.98	4205.33	4207.45	1098	0	11
2025-12-10	09:30:00	4207.42	4208.37	4206.56	4207.12	1124	0	14
2025-12-10	09:45:00	4207.15	4207.28	4203.2	4203.33	1242	0	6
2025-12-10	10:00:00	4202.93	4206.05	4200.06	4202.45	1314	0	5
2025-12-10	10:15:00	4202.3	4206.53	4202.06	4203.92	1231	0	16
2025-12-10	10:30:00	4203.96	4203.96	4198.58	4199.61	1307	0	5
2025-12-10	10:45:00	4199.67	4202.2	4197.08	4197.86	1358	0	5
2025-12-10	11:00:00	4197.34	4200.66	4194.06	4197.96	1425	0	8
2025-12-10	11:15:00	4197.94	4199.03	4195.31	4197.72	1332	0	17
2025-12-10	11:30:00	4197.7	4198.45	4193.99	4194.86	1258	0	10
2025-12-10	11:45:00	4194.89	4195.75	4192.51	4194.43	1300	0	5
2025-12-10	12:00:00	4194.3	4196.34	4191.59	4195.85	1284	0	11
2025-12-10	12:15:00	4195.58	4196.07	4191.59	4191.81	1331	0	7
2025-12-10	12:30:00	4191.71	4194.7	4187.98	4194.13	4646	0	0
2025-12-10	12:45:00	4194.13	4194.33	4191.0	4193.34	6631	0	0
2025-12-10	13:00:00	4193.34	4195.49	4192.6	4195.34	5567	0	0
2025-12-10	13:15:00	4195.31	4196.28	4193.99	4194.76	4565	0	0
2025-12-10	13:30:00	4194.76	4197.03	4193.67	4195.03	4688	0	0
2025-12-10	13:45:00	4195.03	4197.88	4194.51	4197.33	4598	0	0
2025-12-10	14:00:00	4197.45	4201.91	4197.24	4201.19	7119	0	0
2025-12-10	14:15:00	4201.15	4202.3	4197.32	4197.6	5496	0	0
2025-12-10	14:30:00	4197.6	4199.21	4196.74	4198.38	4585	0	0
2025-12-10	14:45:00	4198.35	4198.36	4195.43	4196.51	6090	0	0
2025-12-10	15:00:00	4196.5	4200.37	4193.73	4196.06	9583	0	0
2025-12-10	15:15:00	4196.06	4199.91	4193.09	4198.05	9281	0	0
2025-12-10	15:30:00	4198.05	4202.66	4196.16	4202.63	9021	0	0
2025-12-10	15:45:00	4202.63	4205.23	4200.28	4200.7	8454	0	0
2025-12-10	16:00:00	4200.7	4207.01	4199.09	4205.24	8142	0	0
2025-12-10	16:15:00	4205.24	4206.24	4194.94	4196.65	9663	0	0
2025-12-10	16:30:00	4196.65	4199.81	4191.5	4197.75	14526	0	0
2025-12-10	16:45:00	4197.75	4202.14	4192.13	4192.58	11735	0	0
2025-12-10	17:00:00	4192.58	4201.26	4192.18	4194.7	10888	0	0
2025-12-10	17:15:00	4194.66	4197.28	4188.92	4196.68	12021	0	0
2025-12-10	17:30:00	4196.69	4199.43	4193.31	4194.0	8533	0	0
2025-12-10	17:45:00	4194.0	4194.8	4190.36	4193.67	9329	0	0
2025-12-10	18:00:00	4193.67	4195.61	4192.82	4194.25	7307	0	0
2025-12-10	18:15:00	4194.23	4201.13	4193.63	4200.69	8517	0	0
2025-12-10	18:30:00	4200.68	4203.09	4199.16	4202.51	7346	0	0
2025-12-10	18:45:00	4202.51	4205.19	4201.67	4204.82	6609	0	0
2025-12-10	19:00:00	4204.81	4204.93	4199.09	4200.11	4942	0	0
2025-12-10	19:15:00	4200.1	4203.54	4199.96	4200.59	6615	0	0
2025-12-10	19:30:00	4200.58	4201.66	4198.5	4199.19	6436	0	0
2025-12-10	19:45:00	4199.19	4201.78	4196.93	4199.76	5880	0	0
2025-12-10	20:00:00	4199.77	4200.75	4198.85	4199.16	5683	0	0
2025-12-10	20:15:00	4199.16	4199.64	4193.48	4196.54	6581	0	0
2025-12-10	20:30:00	4196.54	4196.92	4192.06	4194.18	6850	0	0
2025-12-10	20:45:00	4194.18	4196.62	4193.21	4194.52	5673	0	0
2025-12-10	21:00:00	4194.52	4219.75	4192.18	4212.29	19719	0	0
2025-12-10	21:15:00	4212.29	4216.88	4195.12	4198.81	15568	0	0
2025-12-10	21:30:00	4198.81	4214.72	4182.08	4187.44	21604	0	0
2025-12-10	21:45:00	4187.43	4217.44	4186.95	4216.58	16762	0	0
2025-12-10	22:00:00	4216.58	4235.83	4211.21	4235.17	16979	0	0
2025-12-10	22:15:00	4235.17	4238.68	4226.7	4232.7	15235	0	0
2025-12-10	22:30:00	4232.75	4235.34	4229.78	4232.64	10790	0	0
2025-12-10	22:45:00	4232.64	4237.35	4229.73	4229.78	10074	0	0
2025-12-10	23:00:00	4229.66	4232.45	4221.2	4228.09	4979	0	0
2025-12-10	23:15:00	4228.09	4229.42	4223.37	4226.18	3561	0	0
2025-12-10	23:30:00	4226.18	4229.28	4225.81	4228.1	2901	0	0
2025-12-10	23:45:00	4228.1	4229.34	4226.84	4227.99	2021	0	0
2025-12-11	01:00:00	4227.08	4231.19	4224.83	4225.16	1101	0	5
2025-12-11	01:15:00	4225.21	4227.11	4223.97	4225.74	935	0	9
2025-12-11	01:30:00	4225.48	4229.56	4225.48	4228.23	976	0	16
2025-12-11	01:45:00	4228.16	4234.09	4228.16	4232.39	1105	0	6
2025-12-11	02:00:00	4232.47	4243.79	4231.3	4242.98	3483	0	0
2025-12-11	02:15:00	4242.98	4245.2	4240.11	4241.26	5768	0	0
2025-12-11	02:30:00	4241.26	4243.44	4240.64	4242.31	5645	0	0
2025-12-11	02:45:00	4242.31	4242.95	4234.89	4237.18	7257	0	0
2025-12-11	03:00:00	4237.18	4247.63	4236.35	4240.29	12453	0	0
2025-12-11	03:15:00	4240.29	4242.02	4235.21	4236.2	8388	0	0
2025-12-11	03:30:00	4236.2	4238.66	4233.0	4238.06	8756	0	0
2025-12-11	03:45:00	4238.08	4240.33	4237.37	4238.43	9123	0	0
2025-12-11	04:00:00	4238.35	4240.83	4231.14	4233.83	7356	0	0
2025-12-11	04:15:00	4233.83	4234.3	4229.63	4229.92	6281	0	0
2025-12-11	04:30:00	4229.92	4230.49	4220.69	4227.34	10281	0	0
2025-12-11	04:45:00	4227.34	4228.33	4222.12	4222.5	8771	0	0
2025-12-11	05:00:00	4222.5	4224.95	4209.43	4212.36	10803	0	0
2025-12-11	05:15:00	4212.36	4216.04	4209.46	4213.01	9989	0	0
2025-12-11	05:30:00	4213.01	4216.86	4212.12	4216.77	6920	0	0
2025-12-11	05:45:00	4216.77	4218.55	4215.26	4216.89	5512	0	0
2025-12-11	06:00:00	4216.87	4218.35	4214.08	4217.26	4873	0	0
2025-12-11	06:15:00	4217.26	4217.61	4210.89	4212.96	5427	0	0
2025-12-11	06:30:00	4212.96	4216.16	4211.56	4211.9	5607	0	0
2025-12-11	06:45:00	4211.89	4214.68	4208.59	4213.62	5882	0	0
2025-12-11	07:00:00	4213.61	4216.46	4211.7	4212.41	5183	0	0
2025-12-11	07:15:00	4212.36	4213.35	4209.96	4212.3	4401	0	0
2025-12-11	07:30:00	4212.31	4212.96	4206.94	4210.33	7937	0	0
2025-12-11	07:45:00	4210.34	4210.97	4206.17	4207.55	7307	0	0
2025-12-11	08:00:00	4207.55	4212.48	4204.34	4211.06	6906	0	0
2025-12-11	08:15:00	4211.06	4214.65	4207.73	4213.85	7009	0	0
2025-12-11	08:30:00	4213.85	4215.44	4212.42	4214.12	7366	0	0
2025-12-11	08:45:00	4213.99	4215.36	4211.13	4214.42	6760	0	0
2025-12-11	09:00:00	4214.43	4214.48	4210.7	4212.51	5567	0	0
2025-12-11	09:15:00	4212.51	4214.97	4211.67	4213.27	4789	0	0
2025-12-11	09:30:00	4213.27	4218.03	4211.53	4217.73	5285	0	0
2025-12-11	09:45:00	4217.73	4218.56	4214.86	4216.09	5307	0	0
2025-12-11	10:00:00	4216.09	4217.8	4212.82	4215.24	5444	0	0
2025-12-11	10:15:00	4215.26	4217.03	4213.56	4214.25	5958	0	0
2025-12-11	10:30:00	4214.25	4219.61	4213.78	4217.44	5040	0	0
2025-12-11	10:45:00	4217.44	4218.85	4215.45	4216.65	5863	0	0
2025-12-11	11:00:00	4216.64	4218.1	4210.51	4212.1	7476	0	0
2025-12-11	11:15:00	4212.11	4216.32	4211.28	4214.25	5758	0	0
2025-12-11	11:30:00	4214.25	4218.0	4213.84	4217.71	5121	0	0
2025-12-11	11:45:00	4217.7	4221.58	4217.19	4218.49	5556	0	0
2025-12-11	12:00:00	4218.5	4225.92	4218.5	4220.63	6798	0	0
2025-12-11	12:15:00	4220.63	4221.72	4216.32	4217.32	7155	0	0
2025-12-11	12:30:00	4217.36	4217.81	4211.9	4215.32	5955	0	0
2025-12-11	12:45:00	4215.26	4219.08	4214.86	4216.95	5198	0	0
2025-12-11	13:00:00	4216.95	4219.09	4214.2	4215.34	4603	0	0
2025-12-11	13:15:00	4215.34	4216.54	4214.35	4214.87	3203	0	0
2025-12-11	13:30:00	4214.85	4215.21	4211.42	4214.76	4247	0	0
2025-12-11	13:45:00	4214.75	4215.39	4209.72	4211.28	4451	0	0
2025-12-11	14:00:00	4211.28	4214.46	4208.87	4212.36	5256	0	0
2025-12-11	14:15:00	4212.36	4218.29	4212.22	4218.06	5324	0	0
2025-12-11	14:30:00	4218.01	4220.36	4217.67	4219.14	4573	0	0
2025-12-11	14:45:00	4219.14	4220.47	4216.88	4220.4	5034	0	0
2025-12-11	15:00:00	4220.41	4222.38	4210.15	4211.87	9320	0	0
2025-12-11	15:15:00	4211.9	4214.01	4205.37	4213.08	8971	0	0
2025-12-11	15:30:00	4213.08	4220.99	4209.46	4219.69	9280	0	0
2025-12-11	15:45:00	4219.69	4223.37	4218.15	4220.97	9669	0	0
2025-12-11	16:00:00	4220.97	4229.72	4218.02	4227.2	9618	0	0
2025-12-11	16:15:00	4227.19	4232.05	4223.43	4231.07	8523	0	0
2025-12-11	16:30:00	4231.17	4243.89	4230.31	4243.84	15226	0	0
2025-12-11	16:45:00	4243.84	4244.46	4229.11	4230.17	15544	0	0
2025-12-11	17:00:00	4230.17	4240.27	4226.17	4237.75	13461	0	4
2025-12-11	17:15:00	4237.75	4244.31	4237.14	4239.03	11571	0	4
2025-12-11	17:30:00	4239.02	4256.37	4238.51	4254.74	9305	0	4
2025-12-11	17:45:00	4254.72	4261.48	4250.28	4255.9	9768	0	4
2025-12-11	18:00:00	4255.97	4257.69	4250.19	4255.91	7879	0	4
2025-12-11	18:15:00	4255.91	4261.56	4254.7	4257.29	8083	0	4
2025-12-11	18:30:00	4257.29	4263.02	4255.44	4261.51	6683	0	4
2025-12-11	18:45:00	4261.51	4278.99	4261.34	4273.57	9838	0	4
2025-12-11	19:00:00	4273.59	4280.89	4272.19	4277.43	7612	0	4
2025-12-11	19:15:00	4277.43	4281.83	4274.75	4276.03	6061	0	4
2025-12-11	19:30:00	4276.06	4277.91	4272.21	4277.85	5985	0	4
2025-12-11	19:45:00	4277.85	4279.62	4273.98	4278.68	5965	0	4
2025-12-11	20:00:00	4278.68	4285.86	4277.1	4283.76	5003	0	4
2025-12-11	20:15:00	4283.76	4285.7	4280.19	4281.69	5575	0	4
2025-12-11	20:30:00	4281.67	4283.98	4277.2	4282.67	5784	0	4
2025-12-11	20:45:00	4282.67	4282.7	4266.7	4268.12	5186	0	4
2025-12-11	21:00:00	4268.22	4271.45	4263.16	4271.38	7203	0	4
2025-12-11	21:15:00	4271.34	4274.65	4269.17	4273.15	3925	0	4
2025-12-11	21:30:00	4273.13	4277.64	4272.51	4274.17	3857	0	4
2025-12-11	21:45:00	4274.17	4275.94	4271.43	4273.59	4083	0	4
2025-12-11	22:00:00	4273.59	4274.17	4264.22	4269.78	5322	0	4
2025-12-11	22:15:00	4269.8	4271.16	4265.42	4268.58	4437	0	4
2025-12-11	22:30:00	4268.66	4274.4	4268.17	4273.29	4528	0	4
2025-12-11	22:45:00	4273.29	4276.37	4271.16	4276.22	9554	0	4
2025-12-11	23:00:00	4276.26	4276.27	4272.51	4272.71	3305	0	4
2025-12-11	23:15:00	4272.66	4279.44	4272.41	4279.4	2384	0	4
2025-12-11	23:30:00	4279.31	4282.17	4276.72	4282.16	1960	0	4
2025-12-11	23:45:00	4282.16	4283.55	4278.74	4279.3	1578	0	4
2025-12-12	01:00:00	4281.53	4283.67	4281.4	4281.92	837	0	5
2025-12-12	01:15:00	4281.82	4282.54	4277.65	4280.06	735	0	5
2025-12-12	01:30:00	4280.05	4281.34	4272.19	4275.67	1105	0	5
2025-12-12	01:45:00	4275.6	4277.81	4273.68	4276.46	1010	0	5
2025-12-12	02:00:00	4276.44	4278.16	4273.72	4276.39	2414	0	4
2025-12-12	02:15:00	4276.39	4280.17	4275.6	4278.49	3173	0	4
2025-12-12	02:30:00	4278.49	4278.99	4273.88	4275.49	2955	0	4
2025-12-12	02:45:00	4275.5	4276.04	4268.86	4269.44	4654	0	4
2025-12-12	03:00:00	4269.44	4275.48	4266.15	4274.45	8298	0	4
2025-12-12	03:15:00	4274.49	4276.14	4264.67	4265.99	8069	0	4
2025-12-12	03:30:00	4265.99	4270.06	4265.07	4268.91	7097	0	4
2025-12-12	03:45:00	4268.9	4274.09	4267.94	4271.06	6448	0	4
2025-12-12	04:00:00	4271.06	4276.81	4270.44	4275.43	7327	0	4
2025-12-12	04:15:00	4275.43	4276.75	4272.19	4273.74	3563	0	4
2025-12-12	04:30:00	4273.74	4276.83	4273.24	4274.45	5491	0	4
2025-12-12	04:45:00	4274.44	4274.56	4269.43	4270.53	4597	0	4
2025-12-12	05:00:00	4270.53	4274.58	4269.86	4273.39	4785	0	4
2025-12-12	05:15:00	4273.39	4273.63	4268.71	4270.01	4085	0	4
2025-12-12	05:30:00	4270.01	4272.59	4269.12	4271.95	4191	0	4
2025-12-12	05:45:00	4271.94	4272.94	4270.52	4270.57	2115	0	4
2025-12-12	06:00:00	4270.57	4270.99	4268.16	4269.02	2323	0	4
2025-12-12	06:15:00	4269.02	4269.26	4266.78	4268.48	3302	0	4
2025-12-12	06:30:00	4268.48	4268.68	4266.3	4267.31	3593	0	4
2025-12-12	06:45:00	4267.31	4268.86	4266.33	4266.39	2564	0	4
2025-12-12	07:00:00	4266.41	4269.55	4266.07	4269.24	2665	0	4
2025-12-12	07:15:00	4269.24	4275.83	4268.71	4274.35	3749	0	4
2025-12-12	07:30:00	4274.37	4279.31	4274.28	4277.91	7362	0	4
2025-12-12	07:45:00	4277.91	4280.63	4276.33	4278.91	3721	0	4
2025-12-12	08:00:00	4278.91	4280.7	4276.66	4277.91	5449	0	4
2025-12-12	08:15:00	4277.93	4281.49	4276.94	4281.09	5302	0	4
2025-12-12	08:30:00	4281.09	4282.62	4279.35	4281.27	4767	0	4
2025-12-12	08:45:00	4281.29	4283.2	4281.29	4282.88	3438	0	4
2025-12-12	09:00:00	4282.82	4288.83	4281.42	4285.87	4334	0	4
2025-12-12	09:15:00	4285.87	4288.27	4284.57	4285.87	3694	0	4
2025-12-12	09:30:00	4285.87	4290.46	4284.22	4287.66	4472	0	4
2025-12-12	09:45:00	4287.65	4288.97	4285.39	4287.1	3716	0	4
2025-12-12	10:00:00	4287.1	4295.44	4287.04	4293.32	4808	0	4
2025-12-12	10:15:00	4293.31	4295.59	4291.15	4294.34	4849	0	4
2025-12-12	10:30:00	4294.35	4304.41	4294.25	4303.87	5452	0	4
2025-12-12	10:45:00	4303.87	4309.47	4301.51	4308.08	5114	0	4
2025-12-12	11:00:00	4308.11	4317.07	4306.95	4316.88	6104	0	4
2025-12-12	11:15:00	4316.88	4317.86	4312.56	4313.46	6047	0	4
2025-12-12	11:30:00	4313.46	4313.76	4307.37	4311.86	5533	0	4
2025-12-12	11:45:00	4311.86	4320.29	4311.3	4318.26	4782	0	4
2025-12-12	12:00:00	4318.26	4320.18	4314.74	4319.39	4037	0	4
2025-12-12	12:15:00	4319.39	4321.96	4316.8	4316.87	5529	0	4
2025-12-12	12:30:00	4316.85	4328.47	4316.48	4328.02	6200	0	4
2025-12-12	12:45:00	4328.0	4330.95	4325.39	4329.86	7251	0	4
2025-12-12	13:00:00	4329.9	4338.79	4326.99	4335.73	6405	0	4
2025-12-12	13:15:00	4335.73	4339.23	4332.02	4334.34	5118	0	4
2025-12-12	13:30:00	4334.34	4337.07	4330.13	4334.58	4381	0	4
2025-12-12	13:45:00	4334.58	4339.03	4334.47	4336.48	5374	0	4
2025-12-12	14:00:00	4336.48	4339.19	4331.76	4333.0	6235	0	4
2025-12-12	14:15:00	4333.0	4334.26	4330.28	4332.58	5870	0	4
2025-12-12	14:30:00	4332.58	4334.17	4327.8	4328.41	5417	0	4
2025-12-12	14:45:00	4328.41	4329.72	4324.84	4325.89	5050	0	4
2025-12-12	15:00:00	4325.86	4337.89	4321.44	4337.13	8461	0	4
2025-12-12	15:15:00	4337.13	4339.36	4334.23	4336.02	7340	0	4
2025-12-12	15:30:00	4336.02	4346.13	4336.01	4339.91	8229	0	4
2025-12-12	15:45:00	4339.91	4341.26	4332.33	4341.06	8714	0	4
2025-12-12	16:00:00	4341.06	4344.94	4338.57	4342.23	7098	0	4
2025-12-12	16:15:00	4342.23	4345.8	4338.72	4340.77	6712	0	4
2025-12-12	16:30:00	4340.77	4345.64	4330.93	4339.89	12479	0	4
2025-12-12	16:45:00	4339.91	4353.51	4336.75	4347.01	10443	0	4
2025-12-12	17:00:00	4347.01	4351.57	4341.08	4343.51	10501	0	4
2025-12-12	17:15:00	4343.51	4345.43	4298.58	4300.95	15280	0	4
2025-12-12	17:30:00	4300.95	4318.09	4295.35	4317.4	15255	0	4
2025-12-12	17:45:00	4317.4	4322.07	4283.15	4290.51	14189	0	4
2025-12-12	18:00:00	4290.5	4296.57	4273.62	4286.36	16709	0	4
2025-12-12	18:15:00	4286.39	4293.17	4272.22	4289.93	12227	0	4
2025-12-12	18:30:00	4289.93	4290.04	4257.44	4274.0	14549	0	4
2025-12-12	18:45:00	4274.0	4282.12	4270.52	4282.12	12952	0	4
2025-12-12	19:00:00	4282.08	4285.05	4271.18	4273.81	10252	0	4
2025-12-12	19:15:00	4273.79	4290.78	4273.17	4282.21	9335	0	4
2025-12-12	19:30:00	4282.21	4295.21	4281.73	4293.52	9405	0	4
2025-12-12	19:45:00	4293.52	4298.36	4291.72	4294.25	7776	0	4
2025-12-12	20:00:00	4294.25	4303.1	4291.8	4300.92	7999	0	4
2025-12-12	20:15:00	4300.92	4303.67	4294.11	4295.47	7346	0	4
2025-12-12	20:30:00	4295.48	4300.47	4291.83	4292.09	6184	0	4
2025-12-12	20:45:00	4292.09	4297.18	4290.6	4294.95	6287	0	4
2025-12-12	21:00:00	4294.96	4295.95	4289.83	4294.4	6255	0	4
2025-12-12	21:15:00	4294.4	4299.8	4293.71	4296.16	5585	0	4
2025-12-12	21:30:00	4296.16	4298.75	4293.61	4297.36	4890	0	4
2025-12-12	21:45:00	4297.36	4298.28	4294.28	4296.54	4011	0	4
2025-12-12	22:00:00	4296.54	4302.85	4295.56	4299.87	4994	0	4
2025-12-12	22:15:00	4299.87	4300.88	4291.24	4293.45	5187	0	4
2025-12-12	22:30:00	4293.49	4299.9	4288.64	4298.92	5585	0	4
2025-12-12	22:45:00	4298.92	4302.96	4294.27	4299.29	6271	0	4
2025-12-12	23:00:00	4299.32	4301.65	4298.16	4299.68	2161	0	4
2025-12-12	23:15:00	4299.68	4303.68	4299.08	4302.87	1913	0	4
2025-12-12	23:30:00	4302.87	4304.11	4300.76	4301.23	1468	0	11
2025-12-12	23:45:00	4301.11	4303.07	4299.17	4299.37	2072	0	4
2025-12-15	01:00:00	4300.26	4300.26	4300.26	4300.26	1	0	58
2025-12-15	01:15:00	4303.03	4303.03	4303.03	4303.03	1	0	33
2025-12-15	01:30:00	4306.67	4307.7	4306.67	4307.7	2	0	33
2025-12-15	01:45:00	4304.71	4304.71	4304.46	4304.46	2	0	33
2025-12-15	02:00:00	4303.21	4304.51	4300.14	4304.24	1994	0	4
2025-12-15	02:15:00	4304.24	4304.33	4300.99	4302.01	2201	0	4
2025-12-15	02:30:00	4302.01	4308.05	4301.94	4305.4	4053	0	4
2025-12-15	02:45:00	4305.4	4307.83	4303.44	4307.55	3072	0	4
2025-12-15	03:00:00	4307.58	4313.91	4305.69	4313.28	8217	0	4
2025-12-15	03:15:00	4313.25	4315.86	4309.7	4315.09	5941	0	4
2025-12-15	03:30:00	4315.09	4324.8	4314.62	4319.79	5990	0	4
2025-12-15	03:45:00	4319.79	4325.68	4319.51	4322.6	5139	0	4
2025-12-15	04:00:00	4322.52	4326.83	4320.87	4321.67	6239	0	4
2025-12-15	04:15:00	4321.74	4325.0	4321.15	4324.42	3553	0	4
2025-12-15	04:30:00	4324.5	4329.31	4324.13	4328.93	5635	0	4
2025-12-15	04:45:00	4328.98	4329.22	4325.14	4326.22	5370	0	4
2025-12-15	05:00:00	4326.22	4329.67	4322.73	4323.22	7340	0	4
2025-12-15	05:15:00	4323.27	4324.33	4319.33	4323.92	5573	0	4
2025-12-15	05:30:00	4323.92	4328.71	4323.83	4327.83	3926	0	4
2025-12-15	05:45:00	4327.83	4327.96	4325.14	4327.25	3961	0	4
2025-12-15	06:00:00	4327.25	4329.74	4325.59	4328.2	3358	0	4
2025-12-15	06:15:00	4328.2	4330.08	4326.58	4327.7	3293	0	4
2025-12-15	06:30:00	4327.66	4327.89	4323.13	4326.54	3529	0	4
2025-12-15	06:45:00	4326.48	4327.98	4324.73	4326.02	3607	0	4
2025-12-15	07:00:00	4326.02	4327.66	4324.87	4326.38	2969	0	4
2025-12-15	07:15:00	4326.39	4331.02	4326.06	4329.64	3813	0	4
2025-12-15	07:30:00	4329.65	4340.07	4329.37	4339.17	6006	0	4
2025-12-15	07:45:00	4339.27	4344.42	4338.02	4343.62	5041	0	4
2025-12-15	08:00:00	4343.62	4345.62	4339.59	4343.06	5218	0	4
2025-12-15	08:15:00	4343.06	4345.55	4342.45	4343.91	5895	0	4
2025-12-15	08:30:00	4343.91	4345.76	4342.14	4345.41	3919	0	4
2025-12-15	08:45:00	4345.41	4347.38	4343.0	4343.65	4355	0	4
2025-12-15	09:00:00	4343.66	4344.27	4340.71	4342.31	4221	0	4
2025-12-15	09:15:00	4342.31	4344.72	4341.47	4344.03	3955	0	4
2025-12-15	09:30:00	4344.03	4344.38	4333.54	4339.72	5318	0	4
2025-12-15	09:45:00	4339.74	4341.99	4338.95	4339.2	3980	0	4
2025-12-15	10:00:00	4339.19	4344.49	4338.82	4342.97	4451	0	4
2025-12-15	10:15:00	4342.97	4346.71	4341.25	4345.85	4142	0	4
2025-12-15	10:30:00	4345.85	4346.81	4343.81	4345.18	3677	0	4
2025-12-15	10:45:00	4345.18	4348.99	4344.58	4346.78	4245	0	4
2025-12-15	11:00:00	4346.79	4349.59	4343.3	4349.05	3709	0	4
2025-12-15	11:15:00	4349.01	4350.24	4344.58	4347.88	4114	0	4
2025-12-15	11:30:00	4347.88	4350.12	4344.52	4345.16	3287	0	4
2025-12-15	11:45:00	4345.16	4345.9	4342.33	4342.7	3654	0	4
2025-12-15	12:00:00	4342.7	4344.31	4340.76	4343.41	2772	0	4
2025-12-15	12:15:00	4343.41	4348.15	4342.18	4342.77	3149	0	4
2025-12-15	12:30:00	4342.79	4343.52	4337.73	4338.61	3959	0	4
2025-12-15	12:45:00	4338.61	4342.22	4338.15	4339.68	2908	0	4
2025-12-15	13:00:00	4339.68	4339.7	4335.34	4338.52	2461	0	4
2025-12-15	13:15:00	4338.52	4341.63	4335.85	4340.85	3025	0	4
2025-12-15	13:30:00	4340.85	4341.72	4339.14	4340.8	2931	0	4
2025-12-15	13:45:00	4340.81	4343.69	4339.4	4342.82	3728	0	4
2025-12-15	14:00:00	4342.83	4345.73	4342.71	4343.75	4237	0	4
2025-12-15	14:15:00	4343.75	4346.61	4343.01	4346.41	4118	0	4
2025-12-15	14:30:00	4346.41	4348.39	4344.93	4345.45	3909	0	4
2025-12-15	14:45:00	4345.46	4347.2	4343.53	4345.72	3966	0	4
2025-12-15	15:00:00	4345.72	4346.36	4333.7	4335.7	8659	0	4
2025-12-15	15:15:00	4335.72	4341.44	4334.74	4339.56	6076	0	4
2025-12-15	15:30:00	4339.68	4341.88	4335.78	4338.28	5366	0	4
2025-12-15	15:45:00	4338.29	4344.54	4330.8	4332.21	8209	0	4
2025-12-15	16:00:00	4332.21	4336.73	4328.45	4329.0	7070	0	4
2025-12-15	16:15:00	4328.99	4332.6	4321.49	4324.77	6589	0	4
2025-12-15	16:30:00	4324.57	4335.16	4320.66	4328.18	11742	0	4
2025-12-15	16:45:00	4328.18	4331.31	4317.5	4323.84	11911	0	4
2025-12-15	17:00:00	4323.84	4327.3	4312.47	4322.63	11162	0	4
2025-12-15	17:15:00	4322.6	4327.67	4311.68	4314.31	10597	0	4
2025-12-15	17:30:00	4314.31	4324.66	4313.16	4323.27	9713	0	4
2025-12-15	17:45:00	4323.25	4327.8	4316.94	4318.24	8682	0	4
2025-12-15	18:00:00	4318.24	4318.89	4300.87	4302.95	10190	0	4
2025-12-15	18:15:00	4302.88	4305.7	4293.06	4296.17	9312	0	4
2025-12-15	18:30:00	4296.18	4300.03	4285.24	4296.58	10337	0	4
2025-12-15	18:45:00	4296.58	4299.79	4292.44	4297.63	8272	0	4
2025-12-15	19:00:00	4297.6	4300.18	4290.88	4297.04	6929	0	4
2025-12-15	19:15:00	4297.04	4303.71	4293.3	4302.15	5935	0	4
2025-12-15	19:30:00	4302.15	4305.15	4300.38	4304.12	6044	0	4
2025-12-15	19:45:00	4304.12	4306.65	4301.96	4304.37	5555	0	4
2025-12-15	20:00:00	4304.38	4305.37	4301.26	4302.76	4318	0	4
2025-12-15	20:15:00	4302.76	4306.6	4299.95	4305.61	5060	0	4
2025-12-15	20:30:00	4305.73	4310.24	4302.64	4309.78	5773	0	4
2025-12-15	20:45:00	4309.79	4313.57	4307.96	4313.14	3460	0	4
2025-12-15	21:00:00	4313.14	4317.74	4312.14	4312.62	4591	0	4
2025-12-15	21:15:00	4312.62	4314.54	4309.09	4309.25	3685	0	4
2025-12-15	21:30:00	4309.18	4312.25	4307.96	4311.32	2803	0	4
2025-12-15	21:45:00	4311.32	4314.51	4310.18	4314.18	4141	0	4
2025-12-15	22:00:00	4314.17	4314.39	4311.38	4311.59	3546	0	4
2025-12-15	22:15:00	4311.59	4311.67	4299.49	4305.06	6481	0	4
2025-12-15	22:30:00	4305.08	4307.6	4300.6	4305.73	4614	0	4
2025-12-15	22:45:00	4305.71	4307.54	4303.97	4304.92	4904	0	4
2025-12-15	23:00:00	4304.92	4305.56	4300.63	4304.44	1704	0	4
2025-12-15	23:15:00	4304.44	4304.86	4302.67	4303.6	991	0	4
2025-12-15	23:30:00	4303.61	4304.55	4301.15	4302.16	1149	0	4
2025-12-15	23:45:00	4302.16	4305.77	4302.06	4305.12	898	0	4
2025-12-16	01:00:00	4308.55	4308.78	4306.17	4306.17	6	0	15
2025-12-16	01:30:00	4307.74	4307.76	4306.22	4307.02	10	0	17
2025-12-16	01:45:00	4307.19	4307.19	4304.28	4304.28	3	0	33
2025-12-16	02:00:00	4303.17	4309.25	4303.09	4307.51	2219	0	4
2025-12-16	02:15:00	4307.51	4309.96	4304.59	4309.61	3091	0	4
2025-12-16	02:30:00	4309.61	4313.21	4307.73	4311.84	3815	0	4
2025-12-16	02:45:00	4311.84	4311.95	4305.82	4308.06	3715	0	4
2025-12-16	03:00:00	4308.06	4308.44	4299.12	4303.99	8548	0	4
2025-12-16	03:15:00	4303.99	4311.94	4303.91	4311.47	7022	0	4
2025-12-16	03:30:00	4311.47	4317.86	4311.24	4314.71	6274	0	4
2025-12-16	03:45:00	4314.71	4316.12	4304.76	4308.79	5965	0	4
2025-12-16	04:00:00	4308.84	4311.96	4305.85	4310.84	6324	0	4
2025-12-16	04:15:00	4310.8	4312.26	4307.42	4311.13	4841	0	4
2025-12-16	04:30:00	4311.14	4312.11	4305.67	4309.33	7022	0	4
2025-12-16	04:45:00	4309.33	4309.79	4286.56	4289.74	8983	0	4
2025-12-16	05:00:00	4289.74	4294.51	4280.92	4282.35	7493	0	4
2025-12-16	05:15:00	4282.4	4288.27	4280.67	4287.78	6192	0	4
2025-12-16	05:30:00	4287.78	4289.08	4283.26	4285.33	4490	0	4
2025-12-16	05:45:00	4285.33	4291.74	4283.0	4290.87	4159	0	4
2025-12-16	06:00:00	4290.87	4292.24	4286.94	4287.9	3548	0	4
2025-12-16	06:15:00	4287.88	4290.75	4286.65	4288.25	4102	0	4
2025-12-16	06:30:00	4288.25	4291.77	4288.24	4289.61	3535	0	4
2025-12-16	06:45:00	4289.59	4290.61	4287.65	4289.05	4012	0	4
2025-12-16	07:00:00	4289.06	4292.23	4285.69	4286.2	4299	0	4
2025-12-16	07:15:00	4286.2	4286.38	4279.95	4280.76	4595	0	4
2025-12-16	07:30:00	4280.86	4281.15	4271.54	4279.56	9085	0	4
2025-12-16	07:45:00	4279.56	4287.79	4279.37	4284.07	4761	0	4
2025-12-16	08:00:00	4284.11	4288.42	4282.6	4286.59	6160	0	4
2025-12-16	08:15:00	4286.59	4289.97	4285.19	4286.93	5862	0	4
2025-12-16	08:30:00	4286.95	4292.16	4285.9	4291.19	4901	0	4
2025-12-16	08:45:00	4291.19	4292.14	4287.45	4289.27	4856	0	4
2025-12-16	09:00:00	4289.27	4289.94	4284.89	4286.15	4460	0	4
2025-12-16	09:15:00	4286.15	4286.59	4279.77	4281.03	4175	0	4
2025-12-16	09:30:00	4281.03	4288.51	4280.08	4284.14	4728	0	4
2025-12-16	09:45:00	4284.14	4288.37	4283.11	4287.65	5080	0	4
2025-12-16	10:00:00	4287.65	4289.37	4280.5	4281.5	5004	0	4
2025-12-16	10:15:00	4281.56	4281.74	4275.78	4279.07	4682	0	4
2025-12-16	10:30:00	4279.02	4283.26	4275.3	4283.16	5597	0	4
2025-12-16	10:45:00	4283.16	4286.87	4282.8	4285.55	4561	0	4
2025-12-16	11:00:00	4285.59	4285.91	4281.18	4284.94	3280	0	4
2025-12-16	11:15:00	4284.94	4284.94	4281.5	4281.7	2502	0	4
2025-12-16	11:30:00	4281.71	4283.73	4280.0	4282.84	3390	0	4
2025-12-16	11:45:00	4282.84	4282.84	4276.47	4280.46	4114	0	4
2025-12-16	12:00:00	4280.47	4284.35	4276.63	4277.89	4506	0	4
2025-12-16	12:15:00	4277.89	4282.0	4276.87	4277.83	3118	0	4
2025-12-16	12:30:00	4277.77	4279.18	4274.82	4279.18	3438	0	4
2025-12-16	12:45:00	4279.18	4281.54	4275.44	4277.21	4236	0	4
2025-12-16	13:00:00	4277.21	4278.6	4274.17	4276.05	3090	0	4
2025-12-16	13:15:00	4276.05	4277.95	4273.83	4277.56	3655	0	4
2025-12-16	13:30:00	4277.56	4279.6	4275.51	4276.42	3266	0	4
2025-12-16	13:45:00	4276.42	4278.92	4276.16	4278.55	2585	0	4
2025-12-16	14:00:00	4278.57	4288.73	4276.81	4287.79	5812	0	4
2025-12-16	14:15:00	4287.79	4292.81	4287.79	4291.56	5420	0	4
2025-12-16	14:30:00	4291.56	4293.58	4287.77	4293.37	4349	0	4
2025-12-16	14:45:00	4293.37	4294.92	4292.19	4294.46	3363	0	4
2025-12-16	15:00:00	4294.49	4297.79	4290.88	4295.9	6513	0	4
2025-12-16	15:15:00	4295.9	4301.98	4293.55	4301.52	5439	0	4
2025-12-16	15:30:00	4301.52	4312.7	4301.47	4304.04	11036	0	4
2025-12-16	15:45:00	4304.04	4313.25	4299.84	4312.97	8715	0	4
2025-12-16	16:00:00	4312.97	4320.35	4311.4	4319.36	8367	0	4
2025-12-16	16:15:00	4319.36	4330.52	4318.25	4325.72	7624	0	4
2025-12-16	16:30:00	4325.72	4331.91	4322.02	4326.35	10602	0	4
2025-12-16	16:45:00	4326.35	4332.16	4323.13	4324.57	9579	0	4
2025-12-16	17:00:00	4324.57	4335.08	4321.02	4324.03	9622	0	4
2025-12-16	17:15:00	4324.02	4325.88	4312.42	4321.2	10599	0	4
2025-12-16	17:30:00	4321.17	4330.1	4319.92	4321.96	9950	0	4
2025-12-16	17:45:00	4321.96	4329.41	4319.16	4319.77	8858	0	4
2025-12-16	18:00:00	4319.77	4323.25	4312.85	4315.59	9350	0	4
2025-12-16	18:15:00	4315.59	4315.59	4303.62	4307.55	8394	0	4
2025-12-16	18:30:00	4307.56	4307.56	4291.3	4294.69	9738	0	4
2025-12-16	18:45:00	4294.67	4302.97	4293.57	4300.78	8079	0	4
2025-12-16	19:00:00	4300.78	4310.93	4300.65	4304.34	6649	0	4
2025-12-16	19:15:00	4304.34	4306.3	4300.19	4302.91	6078	0	4
2025-12-16	19:30:00	4302.85	4308.96	4302.36	4306.01	5800	0	4
2025-12-16	19:45:00	4306.01	4306.38	4300.53	4303.58	5348	0	4
2025-12-16	20:00:00	4303.57	4305.92	4299.63	4303.14	6892	0	4
2025-12-16	20:15:00	4303.15	4304.14	4298.15	4301.84	6960	0	4
2025-12-16	20:30:00	4301.84	4310.79	4301.21	4308.9	5772	0	4
2025-12-16	20:45:00	4308.9	4313.49	4308.1	4311.29	4952	0	4
2025-12-16	21:00:00	4311.29	4311.67	4304.02	4305.77	4649	0	4
2025-12-16	21:15:00	4305.77	4309.99	4297.29	4305.52	6467	0	4
2025-12-16	21:30:00	4305.52	4310.23	4304.71	4309.84	5114	0	4
2025-12-16	21:45:00	4309.84	4315.93	4309.15	4310.65	4621	0	4
2025-12-16	22:00:00	4310.65	4314.44	4310.21	4312.08	3999	0	4
2025-12-16	22:15:00	4312.08	4312.08	4308.01	4310.87	2888	0	4
2025-12-16	22:30:00	4310.87	4311.75	4307.77	4309.19	3537	0	4
2025-12-16	22:45:00	4309.15	4312.3	4302.86	4304.85	6234	0	4
2025-12-16	23:00:00	4304.85	4305.47	4300.91	4302.42	2180	0	4
2025-12-16	23:15:00	4302.42	4302.91	4300.72	4302.42	1174	0	4
2025-12-16	23:30:00	4302.33	4304.91	4301.18	4302.69	909	0	4
2025-12-16	23:45:00	4302.69	4303.98	4301.75	4302.29	748	0	11
2025-12-17	01:00:00	4304.02	4304.2	4303.09	4304.2	10	0	16
2025-12-17	01:15:00	4306.24	4306.24	4306.24	4306.24	1	0	33
2025-12-17	01:30:00	4306.07	4306.07	4306.07	4306.07	1	0	33
2025-12-17	01:45:00	4308.76	4308.76	4308.32	4308.32	2	0	18
2025-12-17	02:00:00	4310.55	4313.17	4310.33	4312.59	1377	0	4
2025-12-17	02:15:00	4312.59	4315.07	4312.07	4313.39	1819	0	4
2025-12-17	02:30:00	4313.39	4314.43	4311.21	4312.54	1923	0	4
2025-12-17	02:45:00	4312.54	4314.43	4311.73	4313.26	2198	0	4
2025-12-17	03:00:00	4313.2	4320.26	4311.42	4317.83	7323	0	4
2025-12-17	03:15:00	4317.87	4319.56	4313.29	4316.97	6165	0	4
2025-12-17	03:30:00	4317.0	4325.37	4316.24	4322.92	8398	0	4
2025-12-17	03:45:00	4322.9	4326.79	4322.28	4326.72	5724	0	4
2025-12-17	04:00:00	4326.72	4327.8	4318.38	4320.33	6607	0	4
2025-12-17	04:15:00	4320.33	4323.7	4319.45	4320.62	4063	0	4
2025-12-17	04:30:00	4320.65	4322.96	4314.22	4316.58	6579	0	4
2025-12-17	04:45:00	4316.55	4316.92	4311.18	4314.32	5151	0	4
2025-12-17	05:00:00	4314.31	4320.15	4312.66	4315.28	7001	0	4
2025-12-17	05:15:00	4315.28	4319.47	4314.54	4318.66	5439	0	4
2025-12-17	05:30:00	4318.66	4323.59	4318.3	4321.47	5131	0	4
2025-12-17	05:45:00	4321.45	4325.1	4321.29	4323.66	4583	0	4
2025-12-17	06:00:00	4323.66	4325.95	4321.19	4324.5	4002	0	4
2025-12-17	06:15:00	4324.53	4324.95	4322.2	4322.74	2826	0	4
2025-12-17	06:30:00	4322.74	4330.14	4320.57	4329.86	3099	0	4
2025-12-17	06:45:00	4329.88	4331.63	4328.39	4329.71	3822	0	4
2025-12-17	07:00:00	4329.66	4334.57	4328.15	4332.48	4243	0	4
2025-12-17	07:15:00	4332.48	4337.93	4330.64	4331.27	5446	0	4
2025-12-17	07:30:00	4331.42	4340.01	4331.29	4338.27	6085	0	4
2025-12-17	07:45:00	4338.27	4342.51	4333.53	4333.92	4453	0	4
2025-12-17	08:00:00	4333.92	4337.7	4331.7	4336.74	4388	0	4
2025-12-17	08:15:00	4336.75	4336.99	4330.44	4332.49	5458	0	4
2025-12-17	08:30:00	4332.49	4333.24	4327.16	4329.17	4838	0	4
2025-12-17	08:45:00	4329.24	4330.75	4324.78	4328.77	4363	0	4
2025-12-17	09:00:00	4328.77	4328.77	4322.59	4325.04	4679	0	4
2025-12-17	09:15:00	4325.0	4325.68	4319.47	4323.02	4090	0	4
2025-12-17	09:30:00	4323.02	4324.65	4316.03	4316.04	4258	0	4
2025-12-17	09:45:00	4316.04	4319.16	4315.57	4317.42	4270	0	4
2025-12-17	10:00:00	4317.54	4320.93	4308.55	4313.7	5574	0	4
2025-12-17	10:15:00	4313.62	4317.9	4312.45	4316.3	4972	0	4
2025-12-17	10:30:00	4316.31	4319.67	4314.65	4315.17	4492	0	4
2025-12-17	10:45:00	4315.17	4320.76	4313.2	4319.18	3467	0	4
2025-12-17	11:00:00	4319.18	4323.26	4317.76	4321.01	4033	0	4
2025-12-17	11:15:00	4321.01	4322.59	4317.14	4322.28	3889	0	4
2025-12-17	11:30:00	4322.26	4322.26	4318.89	4319.01	2802	0	4
2025-12-17	11:45:00	4319.01	4322.2	4316.0	4316.91	2698	0	4
2025-12-17	12:00:00	4316.9	4319.54	4316.18	4319.51	2952	0	4
2025-12-17	12:15:00	4319.51	4322.26	4318.0	4319.87	3434	0	4
2025-12-17	12:30:00	4319.82	4320.06	4306.58	4315.05	4509	0	4
2025-12-17	12:45:00	4315.08	4318.06	4313.3	4317.68	3245	0	4
2025-12-17	13:00:00	4317.68	4319.5	4316.89	4317.83	2656	0	4
2025-12-17	13:15:00	4317.86	4320.48	4315.95	4318.13	2784	0	4
2025-12-17	13:30:00	4318.13	4318.78	4315.18	4316.29	2826	0	4
2025-12-17	13:45:00	4316.31	4318.82	4315.31	4316.49	3025	0	4
2025-12-17	14:00:00	4316.47	4318.23	4314.96	4316.58	2970	0	4
2025-12-17	14:15:00	4316.58	4323.2	4316.06	4321.26	3400	0	4
2025-12-17	14:30:00	4321.28	4322.3	4316.27	4317.5	3083	0	4
2025-12-17	14:45:00	4317.47	4318.25	4315.84	4317.52	3309	0	4
2025-12-17	15:00:00	4317.58	4327.97	4315.08	4323.21	6972	0	4
2025-12-17	15:15:00	4323.21	4331.58	4322.92	4327.96	7718	0	4
2025-12-17	15:30:00	4327.96	4339.29	4327.96	4338.34	6621	0	4
2025-12-17	15:45:00	4338.34	4344.09	4333.13	4342.1	7346	0	4
2025-12-17	16:00:00	4342.1	4345.99	4327.07	4327.5	8200	0	4
2025-12-17	16:15:00	4327.5	4331.26	4322.99	4329.14	10177	0	4
2025-12-17	16:30:00	4329.16	4338.5	4325.71	4338.29	13377	0	4
2025-12-17	16:45:00	4338.29	4342.61	4334.58	4338.27	11555	0	4
2025-12-17	17:00:00	4338.27	4345.18	4335.2	4342.88	9868	0	4
2025-12-17	17:15:00	4342.88	4344.75	4332.91	4343.58	10272	0	4
2025-12-17	17:30:00	4343.58	4349.03	4328.3	4332.12	11512	0	4
2025-12-17	17:45:00	4332.12	4336.82	4324.24	4330.26	11012	0	4
2025-12-17	18:00:00	4330.25	4334.63	4324.5	4327.51	10919	0	4
2025-12-17	18:15:00	4327.51	4332.01	4320.37	4326.69	9776	0	4
2025-12-17	18:30:00	4326.75	4334.19	4323.79	4333.24	8510	0	4
2025-12-17	18:45:00	4333.41	4337.59	4330.73	4333.54	9891	0	4
2025-12-17	19:00:00	4333.52	4335.4	4328.53	4332.68	8490	0	4
2025-12-17	19:15:00	4332.68	4339.97	4330.2	4337.07	7198	0	4
2025-12-17	19:30:00	4337.07	4341.5	4336.14	4338.76	6930	0	4
2025-12-17	19:45:00	4338.76	4342.45	4335.75	4342.45	6978	0	4
2025-12-17	20:00:00	4342.46	4346.46	4342.46	4343.2	6463	0	4
2025-12-17	20:15:00	4343.2	4343.2	4338.3	4341.74	7891	0	4
2025-12-17	20:30:00	4341.69	4343.96	4330.32	4332.5	7513	0	4
2025-12-17	20:45:00	4332.5	4336.47	4328.87	4336.01	7295	0	4
2025-12-17	21:00:00	4336.0	4337.98	4333.23	4337.07	5880	0	4
2025-12-17	21:15:00	4337.07	4340.68	4336.03	4339.8	4474	0	4
2025-12-17	21:30:00	4339.8	4341.05	4334.42	4335.14	4226	0	4
2025-12-17	21:45:00	4335.14	4337.21	4330.3	4337.04	5264	0	4
2025-12-17	22:00:00	4337.04	4339.7	4335.21	4339.23	4475	0	4
2025-12-17	22:15:00	4339.23	4342.64	4339.1	4341.42	4352	0	4
2025-12-17	22:30:00	4341.42	4342.84	4338.54	4341.97	4095	0	4
2025-12-17	22:45:00	4341.97	4346.02	4339.57	4341.42	5700	0	4
2025-12-17	23:00:00	4341.42	4345.78	4340.54	4343.78	1687	0	4
2025-12-17	23:15:00	4343.78	4346.24	4343.39	4344.07	1399	0	5
2025-12-17	23:30:00	4343.98	4344.51	4339.6	4339.75	1547	0	10
2025-12-17	23:45:00	4339.75	4341.86	4337.39	4338.17	1466	0	4
2025-12-18	01:00:00	4338.98	4338.98	4338.02	4338.02	2	0	20
2025-12-18	01:15:00	4336.09	4337.83	4336.09	4337.83	2	0	33
2025-12-18	01:45:00	4341.78	4341.78	4341.78	4341.78	1	0	33
2025-12-18	02:00:00	4339.31	4339.88	4336.87	4338.32	1420	0	4
2025-12-18	02:15:00	4338.32	4342.95	4337.41	4337.68	2125	0	4
2025-12-18	02:30:00	4337.68	4340.51	4336.71	4336.71	3395	0	4
2025-12-18	02:45:00	4336.72	4337.14	4333.14	4334.82	4841	0	4
2025-12-18	03:00:00	4334.81	4337.07	4328.5	4329.98	7861	0	4
2025-12-18	03:15:00	4329.98	4331.86	4324.8	4324.87	6855	0	4
2025-12-18	03:30:00	4324.87	4328.41	4324.45	4326.85	6702	0	4
2025-12-18	03:45:00	4326.86	4331.81	4324.69	4331.61	5418	0	4
2025-12-18	04:00:00	4331.61	4335.27	4330.08	4331.01	4627	0	4
2025-12-18	04:15:00	4331.01	4336.32	4329.92	4334.52	5147	0	4
2025-12-18	04:30:00	4334.52	4337.79	4333.9	4333.98	6257	0	4
2025-12-18	04:45:00	4333.99	4334.26	4330.68	4333.19	5399	0	4
2025-12-18	05:00:00	4333.19	4335.99	4330.9	4335.88	4759	0	4
2025-12-18	05:15:00	4335.88	4336.79	4332.02	4333.17	4311	0	4
2025-12-18	05:30:00	4333.17	4335.56	4332.24	4332.25	4491	0	4
2025-12-18	05:45:00	4332.25	4333.58	4331.22	4333.15	4603	0	4
2025-12-18	06:00:00	4333.15	4333.52	4329.46	4330.41	3506	0	4
2025-12-18	06:15:00	4330.41	4332.24	4329.11	4330.49	2240	0	4
2025-12-18	06:30:00	4330.49	4331.75	4328.56	4329.52	3039	0	4
2025-12-18	06:45:00	4329.54	4332.52	4329.39	4331.9	3460	0	4
2025-12-18	07:00:00	4331.92	4337.32	4331.16	4337.28	3812	0	4
2025-12-18	07:15:00	4337.28	4337.4	4334.77	4335.8	4563	0	4
2025-12-18	07:30:00	4335.83	4337.21	4332.89	4336.88	5880	0	4
2025-12-18	07:45:00	4336.84	4336.92	4332.24	4333.36	4986	0	4
2025-12-18	08:00:00	4333.36	4335.43	4330.7	4334.43	5383	0	4
2025-12-18	08:15:00	4334.43	4335.41	4331.95	4333.51	5855	0	4
2025-12-18	08:30:00	4333.51	4336.11	4333.32	4333.64	4644	0	4
2025-12-18	08:45:00	4333.64	4334.89	4331.91	4333.98	5402	0	4
2025-12-18	09:00:00	4333.97	4334.84	4330.1	4330.89	3070	0	4
2025-12-18	09:15:00	4330.89	4335.1	4330.52	4334.92	2505	0	4
2025-12-18	09:30:00	4334.92	4337.74	4332.91	4333.37	3410	0	4
2025-12-18	09:45:00	4333.37	4334.09	4331.44	4331.5	3061	0	4
2025-12-18	10:00:00	4331.49	4332.64	4325.0	4328.41	4226	0	4
2025-12-18	10:15:00	4328.41	4329.71	4325.9	4327.18	3469	0	4
2025-12-18	10:30:00	4327.18	4328.95	4325.18	4328.55	2994	0	4
2025-12-18	10:45:00	4328.55	4328.89	4322.02	4326.53	3185	0	4
2025-12-18	11:00:00	4326.53	4328.61	4324.75	4326.34	3570	0	4
2025-12-18	11:15:00	4326.34	4328.22	4323.68	4324.68	2606	0	4
2025-12-18	11:30:00	4324.68	4327.04	4321.3	4324.53	3601	0	4
2025-12-18	11:45:00	4324.53	4324.58	4320.81	4323.52	3958	0	4
2025-12-18	12:00:00	4323.52	4325.9	4323.06	4324.73	2783	0	4
2025-12-18	12:15:00	4324.73	4325.55	4323.2	4323.67	2564	0	4
2025-12-18	12:30:00	4323.74	4327.44	4322.04	4327.12	2558	0	4
2025-12-18	12:45:00	4327.12	4327.69	4324.15	4325.49	3031	0	4
2025-12-18	13:00:00	4325.49	4328.71	4324.53	4327.37	2743	0	4
2025-12-18	13:15:00	4327.22	4328.47	4325.51	4325.8	2079	0	4
2025-12-18	13:30:00	4325.8	4327.27	4325.4	4326.61	1790	0	4
2025-12-18	13:45:00	4326.61	4326.9	4324.66	4325.67	2133	0	4
2025-12-18	14:00:00	4325.67	4326.64	4321.71	4324.15	2972	0	4
2025-12-18	14:15:00	4324.15	4324.36	4317.38	4319.44	3027	0	4
2025-12-18	14:30:00	4319.43	4323.59	4318.59	4322.68	3307	0	4
2025-12-18	14:45:00	4322.68	4322.8	4320.28	4320.86	2676	0	4
2025-12-18	15:00:00	4320.86	4324.18	4314.64	4316.42	6338	0	4
2025-12-18	15:15:00	4316.42	4323.97	4315.89	4320.81	6747	0	4
2025-12-18	15:30:00	4320.81	4338.54	4320.48	4336.6	10024	0	4
2025-12-18	15:45:00	4336.49	4343.1	4335.1	4336.54	8312	0	4
2025-12-18	16:00:00	4336.55	4341.46	4333.19	4336.39	7742	0	4
2025-12-18	16:15:00	4336.39	4338.93	4332.54	4332.82	6431	0	4
2025-12-18	16:30:00	4332.82	4341.21	4311.56	4314.21	12327	0	4
2025-12-18	16:45:00	4314.21	4330.17	4308.62	4328.57	13082	0	4
2025-12-18	17:00:00	4328.64	4336.99	4326.58	4330.72	10865	0	4
2025-12-18	17:15:00	4330.72	4334.28	4325.04	4333.34	9486	0	4
2025-12-18	17:30:00	4333.22	4341.63	4331.22	4337.5	8429	0	4
2025-12-18	17:45:00	4337.5	4341.05	4334.47	4338.23	8563	0	4
2025-12-18	18:00:00	4338.23	4368.12	4337.81	4362.3	9921	0	4
2025-12-18	18:15:00	4362.27	4374.63	4362.0	4367.27	10482	0	4
2025-12-18	18:30:00	4367.38	4371.72	4363.48	4366.98	8710	0	4
2025-12-18	18:45:00	4366.98	4369.48	4356.37	4360.31	7953	0	4
2025-12-18	19:00:00	4360.32	4363.51	4322.63	4328.51	12253	0	4
2025-12-18	19:15:00	4328.51	4332.77	4322.11	4327.86	11760	0	4
2025-12-18	19:30:00	4327.88	4341.52	4326.29	4337.49	9562	0	4
2025-12-18	19:45:00	4337.49	4338.45	4325.03	4333.34	7728	0	4
2025-12-18	20:00:00	4333.34	4340.88	4331.69	4339.39	6656	0	4
2025-12-18	20:15:00	4339.38	4341.29	4331.87	4332.16	7551	0	4
2025-12-18	20:30:00	4332.16	4340.26	4331.91	4333.85	6014	0	4
2025-12-18	20:45:00	4333.85	4334.39	4325.72	4331.74	6180	0	4
2025-12-18	21:00:00	4331.74	4332.95	4326.45	4329.31	5589	0	4
2025-12-18	21:15:00	4329.31	4334.34	4328.62	4333.69	6521	0	4
2025-12-18	21:30:00	4333.69	4334.91	4327.6	4329.59	7150	0	4
2025-12-18	21:45:00	4329.57	4330.65	4322.84	4324.97	6390	0	4
2025-12-18	22:00:00	4324.97	4336.0	4324.49	4333.63	6715	0	4
2025-12-18	22:15:00	4333.63	4333.94	4328.4	4332.39	6379	0	4
2025-12-18	22:30:00	4332.39	4338.31	4331.06	4336.0	5899	0	4
2025-12-18	22:45:00	4335.98	4336.3	4332.24	4334.85	7452	0	4
2025-12-18	23:00:00	4334.85	4334.85	4331.32	4332.65	1590	0	4
2025-12-18	23:15:00	4332.65	4333.02	4330.61	4331.97	1482	0	4
2025-12-18	23:30:00	4331.88	4332.47	4328.42	4330.67	1244	0	4
2025-12-18	23:45:00	4330.67	4333.79	4330.67	4332.66	1504	0	4
2025-12-19	01:00:00	4335.05	4335.89	4335.05	4335.89	7	0	16
2025-12-19	01:15:00	4335.24	4336.06	4335.24	4335.66	3	0	33
2025-12-19	01:30:00	4334.14	4334.95	4334.14	4334.95	3	0	17
2025-12-19	01:45:00	4335.81	4335.81	4335.81	4335.81	1	0	33
2025-12-19	02:00:00	4334.25	4334.25	4329.37	4329.95	1423	0	4
2025-12-19	02:15:00	4329.95	4332.05	4327.93	4331.25	1764	0	4
2025-12-19	02:30:00	4331.25	4332.41	4327.85	4328.42	1397	0	4
2025-12-19	02:45:00	4328.42	4331.13	4325.76	4326.06	1757	0	4
2025-12-19	03:00:00	4326.06	4327.54	4320.39	4325.79	6953	0	4
2025-12-19	03:15:00	4325.79	4328.45	4309.85	4313.2	6253	0	4
2025-12-19	03:30:00	4313.19	4319.03	4309.3	4317.47	6227	0	4
2025-12-19	03:45:00	4317.47	4324.09	4316.81	4323.23	5000	0	4
2025-12-19	04:00:00	4323.24	4327.94	4323.24	4324.21	4189	0	4
2025-12-19	04:15:00	4324.21	4324.71	4321.63	4324.48	2934	0	4
2025-12-19	04:30:00	4324.48	4326.01	4314.63	4315.93	4487	0	4
2025-12-19	04:45:00	4315.93	4318.65	4314.19	4316.81	3940	0	4
2025-12-19	05:00:00	4316.81	4318.05	4312.67	4316.31	4920	0	4
2025-12-19	05:15:00	4316.31	4321.62	4313.09	4319.28	6075	0	4
2025-12-19	05:30:00	4319.28	4322.53	4317.28	4319.68	2269	0	4
2025-12-19	05:45:00	4319.68	4320.89	4317.72	4318.06	2278	0	4
2025-12-19	06:00:00	4318.06	4319.86	4317.75	4319.07	1751	0	4
2025-12-19	06:15:00	4319.07	4319.95	4316.96	4317.47	2938	0	4
2025-12-19	06:30:00	4317.47	4321.63	4317.29	4320.47	3575	0	4
2025-12-19	06:45:00	4320.47	4322.95	4319.75	4322.74	3215	0	4
2025-12-19	07:00:00	4322.75	4323.87	4318.44	4318.78	2643	0	4
2025-12-19	07:15:00	4318.78	4320.62	4317.63	4319.92	2011	0	4
2025-12-19	07:30:00	4319.92	4326.61	4319.9	4325.19	5251	0	4
2025-12-19	07:45:00	4325.19	4329.01	4324.91	4325.96	6445	0	4
2025-12-19	08:00:00	4325.96	4327.5	4324.24	4327.17	3857	0	4
2025-12-19	08:15:00	4327.17	4329.5	4326.35	4327.31	5032	0	4
2025-12-19	08:30:00	4327.31	4328.18	4321.68	4324.22	6187	0	4
2025-12-19	08:45:00	4324.23	4327.22	4322.6	4326.4	4288	0	4
2025-12-19	09:00:00	4326.4	4328.48	4323.07	4327.3	3737	0	4
2025-12-19	09:15:00	4327.3	4327.8	4323.18	4327.6	3679	0	4
2025-12-19	09:30:00	4327.6	4329.6	4324.91	4325.0	3235	0	4
2025-12-19	09:45:00	4325.0	4325.49	4321.76	4322.67	3678	0	4
2025-12-19	10:00:00	4322.67	4324.72	4321.04	4322.86	3409	0	4
2025-12-19	10:15:00	4322.86	4326.07	4322.36	4325.07	2974	0	4
2025-12-19	10:30:00	4325.07	4331.02	4324.91	4327.93	3700	0	4
2025-12-19	10:45:00	4327.93	4328.66	4325.92	4325.93	2734	0	4
2025-12-19	11:00:00	4325.93	4327.5	4324.43	4326.8	2490	0	4
2025-12-19	11:15:00	4326.81	4328.36	4325.92	4326.93	2653	0	4
2025-12-19	11:30:00	4326.94	4331.02	4325.8	4330.58	2823	0	4
2025-12-19	11:45:00	4330.58	4333.65	4327.29	4329.44	4470	0	4
2025-12-19	12:00:00	4329.44	4331.71	4328.07	4330.19	2925	0	4
2025-12-19	12:15:00	4330.18	4331.35	4327.09	4327.31	3337	0	4
2025-12-19	12:30:00	4327.31	4327.79	4322.46	4327.21	3438	0	4
2025-12-19	12:45:00	4327.27	4329.61	4326.63	4327.79	2795	0	4
2025-12-19	13:00:00	4327.79	4329.03	4325.7	4326.41	3794	0	4
2025-12-19	13:15:00	4326.41	4328.73	4325.72	4327.1	2671	0	4
2025-12-19	13:30:00	4327.1	4327.86	4325.24	4327.37	3764	0	4
2025-12-19	13:45:00	4327.37	4329.52	4326.69	4327.26	4246	0	4
2025-12-19	14:00:00	4327.26	4327.41	4320.69	4324.05	4450	0	4
2025-12-19	14:15:00	4324.05	4327.77	4323.31	4325.62	3665	0	4
2025-12-19	14:30:00	4325.67	4328.84	4324.23	4325.85	3162	0	4
2025-12-19	14:45:00	4325.85	4327.18	4323.33	4326.71	3481	0	4
2025-12-19	15:00:00	4326.71	4334.79	4326.05	4330.16	5993	0	4
2025-12-19	15:15:00	4330.2	4335.21	4327.59	4334.9	5754	0	4
2025-12-19	15:30:00	4334.9	4335.46	4328.88	4329.53	6673	0	4
2025-12-19	15:45:00	4329.53	4332.59	4327.38	4328.37	5546	0	4
2025-12-19	16:00:00	4328.44	4334.21	4325.38	4328.1	6962	0	4
2025-12-19	16:15:00	4328.02	4330.31	4325.47	4327.72	5831	0	4
2025-12-19	16:30:00	4327.77	4337.91	4326.76	4334.83	11212	0	4
2025-12-19	16:45:00	4334.83	4335.04	4319.77	4332.48	10110	0	4
2025-12-19	17:00:00	4332.48	4345.52	4332.06	4341.62	9479	0	4
2025-12-19	17:15:00	4341.61	4346.51	4335.23	4337.64	9152	0	4
2025-12-19	17:30:00	4337.59	4344.91	4336.56	4340.09	7451	0	4
2025-12-19	17:45:00	4340.09	4349.16	4340.04	4347.85	7689	0	4
2025-12-19	18:00:00	4347.85	4354.72	4342.92	4343.03	9235	0	4
2025-12-19	18:15:00	4343.0	4347.35	4342.03	4346.85	7231	0	4
2025-12-19	18:30:00	4346.84	4350.42	4343.25	4345.6	5394	0	4
2025-12-19	18:45:00	4345.6	4351.16	4344.51	4349.87	6614	0	4
2025-12-19	19:00:00	4349.87	4353.73	4347.02	4347.05	6027	0	4
2025-12-19	19:15:00	4347.05	4352.73	4347.05	4351.9	4788	0	4
2025-12-19	19:30:00	4351.9	4353.84	4349.93	4351.4	4675	0	4
2025-12-19	19:45:00	4351.4	4355.94	4350.48	4353.47	4660	0	4
2025-12-19	20:00:00	4353.47	4354.79	4350.31	4353.68	4645	0	4
2025-12-19	20:15:00	4353.68	4356.51	4352.07	4354.45	4746	0	4
2025-12-19	20:30:00	4354.45	4354.93	4344.91	4344.91	4513	0	4
2025-12-19	20:45:00	4344.91	4349.81	4343.2	4348.65	4048	0	4
2025-12-19	21:00:00	4348.65	4350.73	4346.56	4347.31	2983	0	4
2025-12-19	21:15:00	4347.31	4349.36	4346.39	4347.65	1972	0	4
2025-12-19	21:30:00	4347.65	4349.97	4346.63	4346.84	1907	0	4
2025-12-19	21:45:00	4346.84	4348.9	4345.2	4345.32	2896	0	4
2025-12-19	22:00:00	4345.26	4346.42	4342.02	4342.42	3488	0	4
2025-12-19	22:15:00	4342.51	4345.93	4341.49	4345.32	2597	0	4
2025-12-19	22:30:00	4345.32	4345.32	4338.84	4340.53	4384	0	4
2025-12-19	22:45:00	4340.53	4341.03	4336.81	4339.71	12301	0	4
2025-12-19	23:00:00	4339.72	4340.15	4337.29	4338.85	1214	0	4
2025-12-19	23:15:00	4338.85	4339.41	4336.83	4337.71	896	0	9
2025-12-19	23:30:00	4337.63	4338.57	4336.47	4338.04	945	0	8
2025-12-19	23:45:00	4338.03	4339.43	4337.33	4338.51	1224	0	4
2025-12-22	01:00:00	4339.63	4340.82	4339.55	4340.82	9	0	15
2025-12-22	01:15:00	4348.73	4348.73	4348.73	4348.73	1	0	33
2025-12-22	01:30:00	4347.74	4348.05	4347.74	4348.04	5	0	33
2025-12-22	02:00:00	4362.34	4364.92	4356.45	4359.81	2808	0	4
2025-12-22	02:15:00	4359.77	4365.21	4359.01	4363.27	2867	0	4
2025-12-22	02:30:00	4363.27	4366.36	4361.81	4361.93	3114	0	4
2025-12-22	02:45:00	4361.91	4365.25	4361.77	4365.08	2133	0	4
2025-12-22	03:00:00	4365.07	4372.63	4362.6	4364.84	8033	0	4
2025-12-22	03:15:00	4364.84	4370.26	4361.28	4368.06	5586	0	4
2025-12-22	03:30:00	4368.08	4383.62	4367.98	4381.75	6507	0	4
2025-12-22	03:45:00	4381.76	4384.83	4379.76	4382.98	5890	0	4
2025-12-22	04:00:00	4382.98	4384.13	4378.56	4380.65	4386	0	4
2025-12-22	04:15:00	4380.65	4382.55	4378.96	4379.0	2730	0	4
2025-12-22	04:30:00	4379.0	4385.84	4378.71	4384.05	4343	0	4
2025-12-22	04:45:00	4384.05	4388.73	4382.29	4386.01	4327	0	4
2025-12-22	05:00:00	4386.04	4389.95	4384.29	4386.67	3868	0	4
2025-12-22	05:15:00	4386.67	4390.94	4385.34	4389.02	3402	0	4
2025-12-22	05:30:00	4389.02	4392.06	4388.0	4391.45	2563	0	4
2025-12-22	05:45:00	4391.49	4394.95	4391.49	4392.6	2288	0	4
2025-12-22	06:00:00	4392.6	4396.67	4391.3	4396.64	2616	0	4
2025-12-22	06:15:00	4396.64	4397.34	4393.13	4394.73	2454	0	4
2025-12-22	06:30:00	4394.73	4396.05	4394.07	4395.19	1787	0	4
2025-12-22	06:45:00	4395.19	4400.89	4394.99	4398.39	2666	0	4
2025-12-22	07:00:00	4398.43	4403.72	4396.87	4401.24	2187	0	4
2025-12-22	07:15:00	4401.22	4405.39	4398.6	4405.0	2571	0	4
2025-12-22	07:30:00	4405.0	4409.56	4397.31	4401.37	7383	0	4
2025-12-22	07:45:00	4401.4	4406.81	4399.88	4399.98	4834	0	4
2025-12-22	08:00:00	4400.09	4405.08	4398.92	4403.72	4695	0	4
2025-12-22	08:15:00	4403.72	4405.28	4399.88	4401.05	4102	0	4
2025-12-22	08:30:00	4401.05	4409.3	4400.25	4408.52	3787	0	4
2025-12-22	08:45:00	4408.52	4420.15	4408.13	4419.53	6016	0	4
2025-12-22	09:00:00	4419.53	4420.46	4410.43	4412.99	4757	0	4
2025-12-22	09:15:00	4412.99	4416.62	4411.72	4415.76	3701	0	4
2025-12-22	09:30:00	4415.76	4418.14	4412.54	4416.28	3399	0	4
2025-12-22	09:45:00	4416.28	4416.43	4412.58	4414.47	2326	0	4
2025-12-22	10:00:00	4414.47	4414.68	4410.04	4412.23	4480	0	4
2025-12-22	10:15:00	4412.23	4413.44	4409.51	4413.43	3114	0	4
2025-12-22	10:30:00	4413.43	4415.01	4407.09	4410.16	3288	0	4
2025-12-22	10:45:00	4410.16	4411.19	4406.21	4408.25	2543	0	4
2025-12-22	11:00:00	4408.25	4413.2	4408.01	4412.26	2496	0	4
2025-12-22	11:15:00	4412.3	4413.95	4410.82	4412.52	2060	0	4
2025-12-22	11:30:00	4412.52	4413.77	4411.58	4412.38	1617	0	4
2025-12-22	11:45:00	4412.38	4414.83	4411.01	4411.09	2026	0	4
2025-12-22	12:00:00	4411.09	4415.93	4411.03	4414.02	1913	0	4
2025-12-22	12:15:00	4414.02	4414.38	4411.17	4411.34	1973	0	4
2025-12-22	12:30:00	4411.34	4411.52	4406.09	4408.98	3174	0	4
2025-12-22	12:45:00	4408.98	4411.63	4408.62	4408.64	1706	0	4
2025-12-22	13:00:00	4408.68	4409.81	4406.16	4409.28	2474	0	4
2025-12-22	13:15:00	4409.28	4410.58	4408.18	4409.28	2864	0	4
2025-12-22	13:30:00	4409.28	4411.74	4408.57	4410.18	3371	0	4
2025-12-22	13:45:00	4410.18	4410.96	4408.72	4410.35	2819	0	4
2025-12-22	14:00:00	4410.35	4413.3	4406.23	4407.2	5137	0	4
2025-12-22	14:15:00	4407.2	4412.3	4407.0	4409.2	4184	0	4
2025-12-22	14:30:00	4409.2	4410.77	4407.64	4409.45	4697	0	4
2025-12-22	14:45:00	4409.45	4415.93	4409.26	4415.67	3931	0	4
2025-12-22	15:00:00	4415.71	4426.98	4415.25	4425.52	7917	0	4
2025-12-22	15:15:00	4425.52	4427.38	4413.03	4418.63	7971	0	4
2025-12-22	15:30:00	4418.63	4426.56	4418.28	4423.88	5824	0	4
2025-12-22	15:45:00	4423.88	4427.13	4419.76	4423.7	6834	0	4
2025-12-22	16:00:00	4423.7	4427.17	4421.6	4426.3	5045	0	4
2025-12-22	16:15:00	4426.3	4429.04	4424.02	4426.42	5992	0	4
2025-12-22	16:30:00	4426.44	4426.58	4414.77	4423.03	10597	0	4
2025-12-22	16:45:00	4423.12	4429.25	4417.64	4419.25	9620	0	4
2025-12-22	17:00:00	4419.25	4423.56	4413.88	4416.04	8574	0	4
2025-12-22	17:15:00	4416.06	4419.9	4412.07	4418.06	8552	0	4
2025-12-22	17:30:00	4418.06	4428.0	4416.59	4427.75	7597	0	4
2025-12-22	17:45:00	4427.75	4435.6	4427.74	4431.84	6637	0	4
2025-12-22	18:00:00	4431.84	4438.06	4428.19	4438.06	6931	0	4
2025-12-22	18:15:00	4438.07	4440.41	4435.38	4437.79	6709	0	4
2025-12-22	18:30:00	4437.79	4442.21	4433.23	4435.96	5819	0	4
2025-12-22	18:45:00	4435.96	4439.08	4434.53	4438.76	4280	0	4
2025-12-22	19:00:00	4438.76	4441.62	4435.25	4441.52	3699	0	4
2025-12-22	19:15:00	4441.52	4442.0	4433.72	4434.24	4540	0	4
2025-12-22	19:30:00	4434.24	4437.74	4432.11	4435.82	3916	0	4
2025-12-22	19:45:00	4435.82	4438.83	4435.5	4438.54	3158	0	4
2025-12-22	20:00:00	4438.53	4439.06	4434.58	4436.79	2486	0	4
2025-12-22	20:15:00	4436.79	4438.65	4433.61	4434.28	4044	0	4
2025-12-22	20:30:00	4434.24	4437.26	4432.19	4432.85	3207	0	4
2025-12-22	20:45:00	4432.85	4436.64	4429.5	4435.23	3452	0	4
2025-12-22	21:00:00	4435.23	4435.89	4429.73	4430.09	3705	0	4
2025-12-22	21:15:00	4430.08	4433.12	4428.9	4432.8	3390	0	4
2025-12-22	21:30:00	4432.76	4434.09	4431.33	4432.85	2408	0	4
2025-12-22	21:45:00	4432.85	4433.84	4431.85	4433.57	2471	0	4
2025-12-22	22:00:00	4433.57	4438.62	4433.42	4438.57	3349	0	4
2025-12-22	22:15:00	4438.55	4438.66	4431.87	4432.4	3492	0	4
2025-12-22	22:30:00	4432.4	4435.48	4431.69	4434.67	3142	0	4
2025-12-22	22:45:00	4434.67	4439.3	4434.28	4438.54	3328	0	4
2025-12-22	23:00:00	4438.54	4443.37	4438.54	4443.05	2614	0	4
2025-12-22	23:15:00	4443.03	4449.04	4442.13	4447.87	2092	0	4
2025-12-22	23:30:00	4447.79	4448.96	4444.55	4445.04	2393	0	4
2025-12-22	23:45:00	4445.04	4446.01	4442.85	4443.15	1673	0	4
2025-12-23	01:00:00	4449.51	4449.51	4449.51	4449.51	1	0	20
2025-12-23	01:15:00	4456.7	4456.7	4456.7	4456.7	1	0	33
2025-12-23	01:45:00	4456.51	4456.51	4456.5	4456.5	2	0	33
2025-12-23	02:00:00	4461.99	4466.7	4461.74	4466.28	2340	0	4
2025-12-23	02:15:00	4466.28	4468.57	4463.88	4468.22	2654	0	4
2025-12-23	02:30:00	4468.22	4469.92	4466.31	4468.46	2165	0	4
2025-12-23	02:45:00	4468.44	4470.57	4467.3	4470.53	2218	0	4
2025-12-23	03:00:00	4470.53	4486.69	4470.39	4485.52	8762	0	4
2025-12-23	03:15:00	4485.52	4486.02	4469.69	4477.22	8194	0	4
2025-12-23	03:30:00	4477.22	4485.85	4476.97	4484.84	5958	0	4
2025-12-23	03:45:00	4484.84	4490.89	4482.06	4486.67	5212	0	4
2025-12-23	04:00:00	4486.67	4488.71	4481.15	4485.3	5641	0	4
2025-12-23	04:15:00	4485.3	4489.54	4484.65	4486.58	2867	0	4
2025-12-23	04:30:00	4486.58	4497.79	4486.58	4495.86	5297	0	4
2025-12-23	04:45:00	4495.87	4496.2	4489.3	4493.39	4661	0	4
2025-12-23	05:00:00	4493.39	4496.59	4485.61	4486.31	6694	0	4
2025-12-23	05:15:00	4486.31	4488.86	4482.98	4486.94	5953	0	4
2025-12-23	05:30:00	4486.94	4488.82	4485.61	4486.3	5259	0	4
2025-12-23	05:45:00	4486.34	4487.22	4484.03	4486.92	4112	0	4
2025-12-23	06:00:00	4486.92	4488.38	4484.79	4487.15	3093	0	4
2025-12-23	06:15:00	4487.15	4488.35	4484.45	4486.32	2432	0	4
2025-12-23	06:30:00	4486.3	4487.02	4484.0	4484.53	3456	0	4
2025-12-23	06:45:00	4484.53	4485.09	4478.89	4482.51	5480	0	4
2025-12-23	07:00:00	4482.49	4484.85	4480.23	4480.74	4468	0	4
2025-12-23	07:15:00	4480.74	4481.58	4476.59	4480.41	5040	0	4
2025-12-23	07:30:00	4480.44	4485.56	4476.72	4481.09	6404	0	4
2025-12-23	07:45:00	4481.09	4482.57	4474.93	4475.29	5112	0	4
2025-12-23	08:00:00	4475.23	4478.27	4469.53	4471.42	5528	0	4
2025-12-23	08:15:00	4471.44	4476.52	4470.89	4476.16	4334	0	4
2025-12-23	08:30:00	4476.16	4477.91	4474.85	4476.36	5231	0	4
2025-12-23	08:45:00	4476.35	4481.52	4475.83	4481.47	5386	0	4
2025-12-23	09:00:00	4481.45	4483.05	4478.41	4481.64	5043	0	4
2025-12-23	09:15:00	4481.64	4485.91	4480.95	4484.08	4633	0	4
2025-12-23	09:30:00	4484.09	4486.77	4483.66	4484.1	4444	0	4
2025-12-23	09:45:00	4484.1	4489.64	4483.95	4486.7	5813	0	4
2025-12-23	10:00:00	4486.66	4489.51	4485.33	4488.21	5267	0	4
2025-12-23	10:15:00	4488.2	4490.55	4486.37	4487.2	4368	0	4
2025-12-23	10:30:00	4487.2	4492.38	4484.67	4491.95	4927	0	4
2025-12-23	10:45:00	4491.95	4493.26	4488.68	4489.96	4781	0	4
2025-12-23	11:00:00	4489.96	4491.23	4480.63	4481.49	5102	0	4
2025-12-23	11:15:00	4481.5	4484.46	4479.13	4483.15	5436	0	4
2025-12-23	11:30:00	4483.15	4485.01	4479.65	4481.84	3735	0	4
2025-12-23	11:45:00	4481.78	4483.21	4478.23	4480.43	4490	0	4
2025-12-23	12:00:00	4480.43	4484.95	4479.56	4484.64	3677	0	4
2025-12-23	12:15:00	4484.64	4487.57	4482.98	4485.84	3683	0	4
2025-12-23	12:30:00	4485.83	4485.92	4481.6	4482.88	3368	0	4
2025-12-23	12:45:00	4482.88	4486.02	4482.74	4484.29	4861	0	4
2025-12-23	13:00:00	4484.27	4486.38	4483.2	4484.46	4704	0	4
2025-12-23	13:15:00	4484.46	4485.67	4483.11	4483.99	2200	0	4
2025-12-23	13:30:00	4483.99	4488.57	4483.22	4488.45	2866	0	4
2025-12-23	13:45:00	4488.46	4494.23	4487.34	4493.57	5510	0	4
2025-12-23	14:00:00	4493.57	4493.7	4485.77	4485.96	4122	0	4
2025-12-23	14:15:00	4485.96	4486.09	4483.36	4485.22	2385	0	4
2025-12-23	14:30:00	4485.25	4487.58	4484.59	4486.06	5255	0	4
2025-12-23	14:45:00	4486.06	4489.26	4485.79	4486.49	4144	0	4
2025-12-23	15:00:00	4486.46	4494.69	4486.21	4494.51	8347	0	4
2025-12-23	15:15:00	4494.51	4497.38	4486.76	4489.01	7050	0	4
2025-12-23	15:30:00	4489.12	4492.58	4484.52	4489.78	9082	0	4
2025-12-23	15:45:00	4489.75	4490.81	4473.32	4479.16	10169	0	4
2025-12-23	16:00:00	4479.16	4479.91	4454.04	4469.78	10526	0	4
2025-12-23	16:15:00	4469.78	4472.32	4463.29	4464.91	8373	0	4
2025-12-23	16:30:00	4464.91	4465.04	4447.69	4452.84	14283	0	4
2025-12-23	16:45:00	4452.91	4459.42	4441.56	4446.39	12710	0	4
2025-12-23	17:00:00	4446.39	4450.7	4430.63	4448.49	15153	0	4
2025-12-23	17:15:00	4448.49	4452.03	4439.47	4442.69	11473	0	4
2025-12-23	17:30:00	4442.69	4457.18	4441.5	4453.25	11187	0	4
2025-12-23	17:45:00	4453.25	4459.28	4451.39	4458.43	8633	0	4
2025-12-23	18:00:00	4458.43	4463.29	4456.33	4460.62	7473	0	4
2025-12-23	18:15:00	4460.71	4465.38	4459.13	4461.47	7001	0	4
2025-12-23	18:30:00	4461.47	4466.97	4455.92	4466.02	7813	0	4
2025-12-23	18:45:00	4466.02	4476.59	4466.02	4474.26	7238	0	4
2025-12-23	19:00:00	4474.28	4479.92	4471.78	4475.51	7410	0	4
2025-12-23	19:15:00	4475.51	4478.64	4470.48	4477.7	6200	0	4
2025-12-23	19:30:00	4477.7	4479.38	4473.87	4478.58	7826	0	4
2025-12-23	19:45:00	4478.57	4478.98	4469.83	4472.75	6701	0	4
2025-12-23	20:00:00	4472.75	4481.2	4472.75	4477.69	6001	0	4
2025-12-23	20:15:00	4477.69	4479.4	4474.29	4477.86	5144	0	4
2025-12-23	20:30:00	4477.86	4478.48	4472.8	4476.43	4015	0	4
2025-12-23	20:45:00	4476.43	4485.03	4476.43	4484.43	4581	0	4
2025-12-23	21:00:00	4484.43	4496.37	4484.2	4493.77	6363	0	4
2025-12-23	21:15:00	4493.77	4493.81	4487.38	4490.01	4331	0	4
2025-12-23	21:30:00	4490.01	4494.0	4488.23	4493.02	3996	0	4
2025-12-23	21:45:00	4493.02	4493.04	4489.32	4490.84	3030	0	4
2025-12-23	22:00:00	4490.78	4494.14	4489.52	4493.62	4192	0	4
2025-12-23	22:15:00	4493.62	4494.53	4491.45	4492.05	3278	0	4
2025-12-23	22:30:00	4492.05	4493.29	4489.36	4492.39	4012	0	4
2025-12-23	22:45:00	4492.39	4499.94	4492.0	4497.59	4690	0	4
2025-12-23	23:00:00	4497.58	4498.98	4490.45	4491.28	2484	0	4
2025-12-23	23:15:00	4491.28	4491.86	4489.87	4490.05	1232	0	7
2025-12-23	23:30:00	4489.97	4491.2	4488.24	4489.07	2275	0	13
2025-12-23	23:45:00	4489.07	4489.75	4483.39	4484.16	1617	0	4
2025-12-24	01:00:00	4486.94	4488.6	4486.94	4488.11	3	0	15
2025-12-24	02:00:00	4511.38	4512.67	4507.72	4507.79	2392	0	4
2025-12-24	02:15:00	4507.79	4514.0	4507.79	4513.83	4109	0	4
2025-12-24	02:30:00	4513.83	4517.79	4512.94	4517.77	4886	0	4
2025-12-24	02:45:00	4517.77	4517.97	4508.17	4512.0	5237	0	4
2025-12-24	03:00:00	4512.01	4519.86	4506.84	4512.19	9966	0	4
2025-12-24	03:15:00	4512.19	4525.94	4512.13	4521.63	8341	0	4
2025-12-24	03:30:00	4521.59	4523.63	4518.56	4520.17	7111	0	4
2025-12-24	03:45:00	4520.17	4523.44	4518.65	4518.82	7220	0	4
2025-12-24	04:00:00	4518.82	4519.27	4504.75	4511.63	7716	0	4
2025-12-24	04:15:00	4511.69	4512.43	4506.08	4506.87	5011	0	4
2025-12-24	04:30:00	4506.93	4511.22	4504.79	4508.86	5898	0	4
2025-12-24	04:45:00	4508.86	4512.22	4474.89	4477.43	7266	0	4
2025-12-24	05:00:00	4477.43	4485.97	4468.29	4485.51	9652	0	4
2025-12-24	05:15:00	4485.64	4496.28	4485.36	4491.34	8255	0	4
2025-12-24	05:30:00	4491.34	4498.36	4490.31	4495.05	5640	0	4
2025-12-24	05:45:00	4495.05	4495.27	4492.08	4493.15	4422	0	4
2025-12-24	06:00:00	4493.15	4495.63	4492.03	4494.4	4014	0	4
2025-12-24	06:15:00	4494.4	4497.51	4491.24	4497.01	4510	0	4
2025-12-24	06:30:00	4497.01	4501.5	4496.31	4500.22	2644	0	4
2025-12-24	06:45:00	4500.22	4501.5	4496.69	4499.34	2267	0	4
2025-12-24	07:00:00	4499.36	4500.72	4485.32	4490.68	4833	0	4
2025-12-24	07:15:00	4490.68	4494.62	4489.52	4492.38	3840	0	4
2025-12-24	07:30:00	4492.39	4496.93	4490.38	4495.67	7597	0	4
2025-12-24	07:45:00	4495.67	4497.25	4488.09	4488.48	6031	0	4
2025-12-24	08:00:00	4488.48	4492.99	4486.64	4492.77	3931	0	4
2025-12-24	08:15:00	4492.77	4492.78	4485.48	4487.48	4983	0	4
2025-12-24	08:30:00	4487.5	4497.99	4487.48	4494.62	4710	0	4
2025-12-24	08:45:00	4494.64	4497.3	4492.86	4493.6	6547	0	4
2025-12-24	09:00:00	4493.6	4495.11	4490.69	4493.58	5525	0	4
2025-12-24	09:15:00	4493.58	4494.63	4491.16	4491.58	4727	0	4
2025-12-24	09:30:00	4491.58	4492.11	4488.21	4488.44	4320	0	4
2025-12-24	09:45:00	4488.44	4489.24	4483.49	4483.92	5165	0	4
2025-12-24	10:00:00	4483.9	4486.99	4478.25	4485.29	7572	0	4
2025-12-24	10:15:00	4485.3	4490.59	4483.19	4485.06	5178	0	4
2025-12-24	10:30:00	4485.06	4492.83	4482.43	4490.13	5755	0	4
2025-12-24	10:45:00	4490.13	4490.51	4481.54	4482.3	5563	0	4
2025-12-24	11:00:00	4482.31	4487.93	4482.07	4487.81	5316	0	4
2025-12-24	11:15:00	4487.81	4493.32	4487.64	4489.51	5719	0	4
2025-12-24	11:30:00	4489.51	4492.43	4486.45	4491.43	4277	0	4
2025-12-24	11:45:00	4491.43	4496.07	4491.33	4494.73	4971	0	4
2025-12-24	12:00:00	4494.72	4499.93	4489.85	4490.61	4356	0	4
2025-12-24	12:15:00	4490.69	4496.48	4489.76	4494.28	2599	0	4
2025-12-24	12:30:00	4494.28	4494.72	4482.35	4485.89	4413	0	4
2025-12-24	12:45:00	4485.89	4490.63	4484.79	4489.43	3489	0	4
2025-12-24	13:00:00	4489.44	4490.41	4484.94	4487.78	4499	0	4
2025-12-24	13:15:00	4487.78	4489.18	4486.47	4487.32	3750	0	4
2025-12-24	13:30:00	4487.32	4488.4	4483.12	4488.09	4336	0	4
2025-12-24	13:45:00	4488.08	4491.92	4486.01	4491.54	5966	0	4
2025-12-24	14:00:00	4491.54	4495.8	4491.06	4495.29	5529	0	4
2025-12-24	14:15:00	4495.31	4496.1	4490.83	4493.24	5614	0	4
2025-12-24	14:30:00	4493.24	4493.49	4490.06	4490.47	3596	0	4
2025-12-24	14:45:00	4490.47	4492.41	4489.9	4490.71	4622	0	4
2025-12-24	15:00:00	4490.71	4493.49	4481.23	4485.3	10250	0	4
2025-12-24	15:15:00	4485.3	4487.03	4474.62	4478.43	9790	0	4
2025-12-24	15:30:00	4478.4	4486.18	4477.73	4485.18	6534	0	4
2025-12-24	15:45:00	4485.18	4488.95	4483.28	4487.91	5054	0	4
2025-12-24	16:00:00	4487.96	4489.45	4483.89	4485.28	8682	0	4
2025-12-24	16:15:00	4485.36	4487.5	4482.16	4485.0	7689	0	4
2025-12-24	16:30:00	4485.0	4488.91	4469.33	4481.16	11927	0	4
2025-12-24	16:45:00	4481.16	4482.13	4460.59	4464.79	14170	0	4
2025-12-24	17:00:00	4464.83	4475.07	4461.68	4474.7	10577	0	4
2025-12-24	17:15:00	4474.74	4476.54	4461.47	4470.04	9768	0	4
2025-12-24	17:30:00	4470.04	4472.81	4449.78	4453.17	10573	0	4
2025-12-24	17:45:00	4453.17	4460.78	4448.33	4458.48	11293	0	4
2025-12-24	18:00:00	4458.48	4471.14	4455.98	4466.24	10222	0	4
2025-12-24	18:15:00	4466.24	4469.03	4463.97	4468.42	8085	0	4
2025-12-24	18:30:00	4468.42	4476.65	4467.16	4475.21	7977	0	4
2025-12-24	18:45:00	4475.21	4478.09	4472.01	4476.76	7439	0	4
2025-12-24	19:00:00	4476.76	4487.73	4475.45	4483.6	8750	0	4
2025-12-24	19:15:00	4483.63	4484.78	4476.15	4477.83	6970	0	4
2025-12-24	19:30:00	4477.83	4483.12	4477.38	4479.51	6726	0	4
2025-12-24	19:45:00	4479.51	4483.55	4479.35	4480.64	5055	0	4
2025-12-24	20:00:00	4480.64	4481.55	4477.25	4477.95	3190	0	4
2025-12-24	20:15:00	4477.95	4482.39	4477.9	4480.62	3116	0	4
2025-12-24	20:30:00	4480.67	4481.89	4478.72	4479.2	1658	0	4
2025-12-26	01:00:00	4487.91	4503.49	4482.43	4489.45	245	0	23
2025-12-26	01:30:00	4498.76	4498.76	4498.76	4498.76	1	0	33
2025-12-26	02:00:00	4493.2	4505.52	4493.2	4503.26	2678	0	23
2025-12-26	02:15:00	4503.26	4507.09	4501.25	4506.98	3162	0	23
2025-12-26	02:30:00	4506.96	4508.05	4504.17	4507.48	5277	0	23
2025-12-26	02:45:00	4507.48	4517.85	4506.24	4517.74	6059	0	23
2025-12-26	03:00:00	4517.79	4531.3	4508.63	4510.16	10776	0	23
2025-12-26	03:15:00	4510.16	4518.26	4506.88	4510.17	8298	0	23
2025-12-26	03:30:00	4510.06	4515.68	4497.61	4506.95	7050	0	23
2025-12-26	03:45:00	4506.95	4507.51	4499.93	4503.88	6951	0	23
2025-12-26	04:00:00	4503.88	4507.71	4498.3	4506.41	7298	0	23
2025-12-26	04:15:00	4506.43	4509.84	4501.68	4502.01	5868	0	23
2025-12-26	04:30:00	4502.01	4502.4	4492.5	4499.25	6822	0	23
2025-12-26	04:45:00	4499.22	4508.75	4498.5	4508.7	7403	0	23
2025-12-26	05:00:00	4508.7	4511.88	4501.23	4511.85	6636	0	23
2025-12-26	05:15:00	4511.87	4513.53	4502.91	4502.98	6033	0	23
2025-12-26	05:30:00	4503.11	4503.69	4497.53	4502.87	5756	0	23
2025-12-26	05:45:00	4502.87	4505.76	4500.44	4501.85	5010	0	23
2025-12-26	06:00:00	4501.85	4509.75	4500.55	4507.77	5172	0	23
2025-12-26	06:15:00	4507.78	4510.19	4504.68	4509.47	3801	0	23
2025-12-26	06:30:00	4509.47	4511.69	4505.86	4507.9	4450	0	23
2025-12-26	06:45:00	4507.89	4511.19	4506.25	4509.01	3248	0	23
2025-12-26	07:00:00	4509.01	4511.47	4507.15	4509.07	3383	0	23
2025-12-26	07:15:00	4508.97	4510.15	4506.01	4507.3	5137	0	23
2025-12-26	07:30:00	4507.29	4514.78	4507.25	4512.07	6762	0	23
2025-12-26	07:45:00	4512.05	4513.51	4509.58	4509.82	7395	0	23
2025-12-26	08:00:00	4509.97	4513.66	4508.81	4512.63	4936	0	4
2025-12-26	08:15:00	4512.63	4518.79	4512.46	4518.5	5011	0	4
2025-12-26	08:30:00	4518.5	4519.45	4514.91	4518.6	6508	0	4
2025-12-26	08:45:00	4518.6	4518.6	4508.1	4511.65	7188	0	4
2025-12-26	09:00:00	4511.65	4515.19	4510.74	4514.43	3735	0	4
2025-12-26	09:15:00	4514.43	4515.64	4508.3	4509.38	4634	0	4
2025-12-26	09:30:00	4509.38	4512.91	4508.13	4508.4	3744	0	4
2025-12-26	09:45:00	4508.4	4511.41	4507.44	4511.02	4375	0	4
2025-12-26	10:00:00	4511.02	4514.82	4509.74	4514.81	3779	0	4
2025-12-26	10:15:00	4514.81	4517.37	4514.15	4515.04	3410	0	4
2025-12-26	10:30:00	4515.04	4517.26	4513.25	4514.56	3924	0	4
2025-12-26	10:45:00	4514.56	4519.43	4514.12	4518.78	4967	0	4
2025-12-26	11:00:00	4518.76	4520.47	4515.2	4515.92	4037	0	4
2025-12-26	11:15:00	4515.92	4518.82	4515.13	4517.38	3068	0	4
2025-12-26	11:30:00	4517.38	4518.3	4512.91	4513.71	2895	0	4
2025-12-26	11:45:00	4513.71	4515.35	4511.98	4512.75	3458	0	4
2025-12-26	12:00:00	4512.75	4519.5	4512.16	4518.83	3109	0	4
2025-12-26	12:15:00	4518.83	4523.66	4517.01	4520.78	3948	0	4
2025-12-26	12:30:00	4520.78	4522.17	4514.2	4515.33	5037	0	4
2025-12-26	12:45:00	4515.33	4515.61	4511.33	4514.46	3686	0	4
2025-12-26	13:00:00	4514.46	4515.32	4503.6	4510.02	5375	0	4
2025-12-26	13:15:00	4510.02	4512.13	4503.94	4505.36	5664	0	4
2025-12-26	13:30:00	4505.36	4509.22	4503.65	4507.78	6120	0	4
2025-12-26	13:45:00	4507.78	4509.84	4503.02	4509.81	5377	0	4
2025-12-26	14:00:00	4509.84	4511.17	4507.06	4510.72	5487	0	4
2025-12-26	14:15:00	4510.77	4512.65	4508.41	4511.93	4984	0	4
2025-12-26	14:30:00	4511.93	4514.95	4511.93	4512.72	4258	0	4
2025-12-26	14:45:00	4512.72	4514.04	4506.78	4508.8	3868	0	4
2025-12-26	15:00:00	4508.8	4515.2	4503.7	4514.56	8761	0	4
2025-12-26	15:15:00	4514.56	4519.69	4512.86	4517.79	6576	0	4
2025-12-26	15:30:00	4517.8	4528.51	4517.8	4521.76	7590	0	4
2025-12-26	15:45:00	4521.87	4525.89	4515.31	4525.13	7351	0	4
2025-12-26	16:00:00	4525.15	4527.12	4522.43	4525.67	7328	0	4
2025-12-26	16:15:00	4525.66	4529.96	4523.15	4529.52	7286	0	4
2025-12-26	16:30:00	4529.59	4533.48	4519.11	4521.02	11888	0	4
2025-12-26	16:45:00	4521.21	4526.61	4512.89	4521.07	10101	0	4
2025-12-26	17:00:00	4521.07	4530.39	4519.57	4526.98	10570	0	4
2025-12-26	17:15:00	4526.99	4533.89	4525.89	4533.34	8755	0	4
2025-12-26	17:30:00	4533.34	4545.65	4531.99	4538.07	8200	0	4
2025-12-26	17:45:00	4538.1	4547.39	4537.37	4546.64	7847	0	4
2025-12-26	18:00:00	4546.64	4549.92	4534.83	4539.07	8155	0	4
2025-12-26	18:15:00	4539.07	4547.03	4537.25	4545.76	8369	0	4
2025-12-26	18:30:00	4545.76	4546.21	4539.01	4539.61	6386	0	4
2025-12-26	18:45:00	4539.61	4543.41	4531.41	4536.39	8394	0	4
2025-12-26	19:00:00	4536.37	4537.56	4525.67	4526.25	5972	0	4
2025-12-26	19:15:00	4526.25	4528.31	4517.09	4518.22	7324	0	4
2025-12-26	19:30:00	4518.22	4520.54	4510.05	4516.43	9403	0	4
2025-12-26	19:45:00	4516.43	4524.76	4512.37	4519.06	9176	0	4
2025-12-26	20:00:00	4519.1	4521.51	4514.89	4517.83	7895	0	4
2025-12-26	20:15:00	4517.84	4524.69	4516.15	4519.06	7085	0	4
2025-12-26	20:30:00	4519.06	4530.38	4516.22	4529.7	7817	0	4
2025-12-26	20:45:00	4529.65	4532.76	4527.8	4531.04	6792	0	4
2025-12-26	21:00:00	4531.05	4534.32	4524.8	4533.78	6442	0	4
2025-12-26	21:15:00	4533.78	4535.66	4528.79	4529.79	5677	0	4
2025-12-26	21:30:00	4529.79	4530.22	4521.89	4525.39	4989	0	4
2025-12-26	21:45:00	4525.39	4526.95	4520.1	4523.82	5482	0	4
2025-12-26	22:00:00	4523.82	4534.01	4522.97	4532.92	7271	0	4
2025-12-26	22:15:00	4532.92	4535.69	4521.63	4523.54	6644	0	4
2025-12-26	22:30:00	4523.54	4531.41	4522.63	4530.55	6863	0	4
2025-12-26	22:45:00	4530.55	4533.38	4525.77	4531.07	6166	0	4
2025-12-26	23:00:00	4531.07	4533.15	4527.13	4528.51	2432	0	4
2025-12-26	23:15:00	4528.47	4533.02	4528.24	4531.35	2453	0	4
2025-12-26	23:30:00	4531.27	4534.6	4529.7	4532.34	3146	0	4
2025-12-26	23:45:00	4532.34	4534.43	4529.52	4533.32	2417	0	4
2025-12-29	01:45:00	4530.37	4530.37	4529.45	4529.45	2	0	33
2025-12-29	02:00:00	4520.24	4526.46	4519.48	4524.18	4909	0	4
2025-12-29	02:15:00	4524.18	4524.18	4482.62	4487.19	11389	0	4
2025-12-29	02:30:00	4487.19	4503.29	4472.35	4489.54	9594	0	4
2025-12-29	02:45:00	4489.53	4507.01	4489.34	4497.34	7269	0	4
2025-12-29	03:00:00	4497.34	4514.7	4492.95	4512.43	11699	0	4
2025-12-29	03:15:00	4512.43	4517.51	4495.98	4499.52	9494	0	4
2025-12-29	03:30:00	4499.51	4507.78	4492.25	4501.77	9015	0	4
2025-12-29	03:45:00	4501.77	4506.73	4494.96	4497.15	7717	0	4
2025-12-29	04:00:00	4497.14	4509.19	4496.21	4507.23	7745	0	4
2025-12-29	04:15:00	4507.23	4514.16	4504.32	4512.55	4991	0	4
2025-12-29	04:30:00	4512.55	4515.59	4508.8	4511.73	7455	0	4
2025-12-29	04:45:00	4511.73	4515.87	4509.48	4512.44	6785	0	4
2025-12-29	05:00:00	4512.44	4518.86	4509.45	4515.26	7280	0	4
2025-12-29	05:15:00	4515.26	4518.28	4512.18	4512.83	8523	0	4
2025-12-29	05:30:00	4512.83	4520.44	4512.82	4516.57	4954	0	4
2025-12-29	05:45:00	4516.57	4517.51	4513.61	4516.48	4237	0	4
2025-12-29	06:00:00	4516.48	4516.9	4507.85	4515.06	5815	0	4
2025-12-29	06:15:00	4515.06	4516.08	4510.75	4514.2	5231	0	4
2025-12-29	06:30:00	4514.22	4519.55	4513.08	4515.75	3572	0	4
2025-12-29	06:45:00	4515.75	4516.43	4513.35	4515.69	4993	0	4
2025-12-29	07:00:00	4515.71	4515.71	4509.78	4514.68	5000	0	4
2025-12-29	07:15:00	4514.68	4515.87	4511.1	4514.0	2817	0	4
2025-12-29	07:30:00	4513.99	4519.39	4512.16	4516.38	5370	0	4
2025-12-29	07:45:00	4516.34	4517.58	4505.21	4506.85	7436	0	4
2025-12-29	08:00:00	4506.85	4510.7	4500.31	4506.08	7225	0	4
2025-12-29	08:15:00	4506.08	4507.23	4489.45	4490.72	6936	0	4
2025-12-29	08:30:00	4490.72	4497.86	4484.7	4487.07	9149	0	4
2025-12-29	08:45:00	4487.08	4487.88	4471.31	4475.14	9808	0	4
2025-12-29	09:00:00	4475.14	4476.38	4445.4	4473.4	12180	0	4
2025-12-29	09:15:00	4473.4	4481.78	4471.39	4471.48	7089	0	4
2025-12-29	09:30:00	4471.48	4479.65	4470.2	4473.48	5979	0	4
2025-12-29	09:45:00	4473.47	4478.72	4472.97	4474.61	5949	0	4
2025-12-29	10:00:00	4474.67	4485.97	4466.22	4483.94	7699	0	4
2025-12-29	10:15:00	4483.95	4488.53	4479.94	4479.96	6021	0	4
2025-12-29	10:30:00	4479.96	4480.73	4469.93	4470.04	7742	0	4
2025-12-29	10:45:00	4470.04	4472.0	4452.63	4461.11	9223	0	4
2025-12-29	11:00:00	4461.09	4467.91	4459.11	4467.57	8512	0	4
2025-12-29	11:15:00	4467.57	4468.89	4462.15	4466.04	5977	0	4
2025-12-29	11:30:00	4466.04	4475.74	4460.25	4475.62	6220	0	4
2025-12-29	11:45:00	4475.62	4476.23	4469.01	4472.09	4383	0	4
2025-12-29	12:00:00	4472.09	4474.7	4468.91	4471.22	4356	0	4
2025-12-29	12:15:00	4471.17	4472.35	4462.62	4462.65	5251	0	4
2025-12-29	12:30:00	4462.66	4463.74	4457.11	4459.98	6191	0	4
2025-12-29	12:45:00	4459.98	4463.32	4458.59	4460.95	5167	0	4
2025-12-29	13:00:00	4460.96	4461.02	4455.91	4458.35	4731	0	4
2025-12-29	13:15:00	4458.35	4467.74	4457.83	4465.27	4951	0	4
2025-12-29	13:30:00	4465.24	4465.87	4434.26	4453.02	6964	0	4
2025-12-29	13:45:00	4453.02	4453.38	4441.71	4446.87	8898	0	4
2025-12-29	14:00:00	4446.87	4456.34	4445.73	4452.58	7962	0	4
2025-12-29	14:15:00	4452.66	4457.08	4451.73	4456.75	5670	0	4
2025-12-29	14:30:00	4456.74	4464.42	4454.73	4462.32	5301	0	4
2025-12-29	14:45:00	4462.33	4464.79	4460.62	4464.37	5806	0	4
2025-12-29	15:00:00	4464.41	4467.52	4456.64	4457.71	8888	0	4
2025-12-29	15:15:00	4457.71	4459.91	4445.21	4451.63	8457	0	4
2025-12-29	15:30:00	4451.63	4454.8	4425.32	4429.6	10605	0	4
2025-12-29	15:45:00	4429.6	4429.67	4407.03	4421.49	12439	0	4
2025-12-29	16:00:00	4421.49	4421.49	4386.37	4398.59	14181	0	4
2025-12-29	16:15:00	4398.59	4405.59	4386.62	4389.74	11763	0	4
2025-12-29	16:30:00	4389.86	4389.86	4356.72	4373.57	15938	0	4
2025-12-29	16:45:00	4373.57	4384.61	4358.88	4360.35	13474	0	4
2025-12-29	17:00:00	4360.35	4360.8	4328.46	4343.0	13786	0	4
2025-12-29	17:15:00	4343.0	4343.0	4302.53	4319.77	14104	0	4
2025-12-29	17:30:00	4319.76	4336.89	4316.75	4331.34	12041	0	4
2025-12-29	17:45:00	4331.46	4339.79	4322.51	4325.29	10097	0	4
2025-12-29	18:00:00	4325.29	4342.77	4323.48	4333.96	10958	0	4
2025-12-29	18:15:00	4333.96	4337.8	4324.29	4334.17	9755	0	4
2025-12-29	18:30:00	4334.17	4342.34	4328.92	4334.99	8675	0	4
2025-12-29	18:45:00	4334.86	4347.51	4334.62	4341.72	7937	0	4
2025-12-29	19:00:00	4341.72	4343.04	4325.89	4330.21	8827	0	4
2025-12-29	19:15:00	4330.21	4333.53	4322.73	4329.36	6976	0	4
2025-12-29	19:30:00	4329.38	4330.01	4315.04	4319.85	8729	0	4
2025-12-29	19:45:00	4319.85	4329.3	4319.62	4328.16	8655	0	4
2025-12-29	20:00:00	4328.16	4333.47	4325.98	4329.63	8127	0	4
2025-12-29	20:15:00	4329.63	4334.8	4322.89	4327.77	9592	0	4
2025-12-29	20:30:00	4327.77	4334.28	4326.3	4330.38	5220	0	4
2025-12-29	20:45:00	4330.38	4332.21	4328.05	4331.38	4379	0	4
2025-12-29	21:00:00	4331.38	4335.43	4327.62	4335.19	4235	0	4
2025-12-29	21:15:00	4335.31	4336.62	4328.68	4330.53	5194	0	4
2025-12-29	21:30:00	4330.53	4335.75	4330.36	4332.37	4244	0	4
2025-12-29	21:45:00	4332.37	4337.94	4331.11	4336.89	4481	0	4
2025-12-29	22:00:00	4336.88	4344.63	4336.53	4342.37	5411	0	4
2025-12-29	22:15:00	4342.37	4342.7	4337.08	4340.71	4367	0	4
2025-12-29	22:30:00	4340.71	4341.45	4325.93	4333.37	5689	0	4
2025-12-29	22:45:00	4333.4	4335.67	4328.83	4334.68	7239	0	4
2025-12-29	23:00:00	4334.75	4339.27	4328.38	4335.69	3213	0	4
2025-12-29	23:15:00	4335.69	4337.67	4330.63	4331.42	2836	0	4
2025-12-29	23:30:00	4331.42	4332.21	4327.3	4329.51	3238	0	4
2025-12-29	23:45:00	4329.53	4332.65	4329.25	4332.12	1701	0	4
2025-12-30	01:00:00	4339.55	4339.55	4339.55	4339.55	1	0	17
2025-12-30	01:45:00	4340.92	4345.26	4340.92	4345.26	2	0	33
2025-12-30	02:00:00	4339.78	4347.51	4339.21	4346.81	2614	0	4
2025-12-30	02:15:00	4346.81	4350.81	4343.78	4349.22	3559	0	4
2025-12-30	02:30:00	4349.22	4349.42	4339.88	4340.73	4420	0	4
2025-12-30	02:45:00	4340.73	4342.93	4334.52	4339.73	5884	0	4
2025-12-30	03:00:00	4339.73	4339.95	4324.54	4334.97	9694	0	4
2025-12-30	03:15:00	4334.97	4343.37	4334.94	4336.53	7073	0	4
2025-12-30	03:30:00	4336.55	4349.61	4331.87	4347.1	7261	0	4
2025-12-30	03:45:00	4347.11	4360.18	4346.6	4360.18	9418	0	4
2025-12-30	04:00:00	4360.18	4361.85	4351.83	4355.6	8306	0	4
2025-12-30	04:15:00	4355.6	4357.76	4352.66	4355.73	6406	0	4
2025-12-30	04:30:00	4355.66	4357.02	4348.84	4354.47	7856	0	4
2025-12-30	04:45:00	4354.47	4364.91	4354.42	4362.53	6524	0	4
2025-12-30	05:00:00	4362.56	4365.23	4356.96	4360.65	5942	0	4
2025-12-30	05:15:00	4360.77	4369.21	4358.95	4367.9	6629	0	4
2025-12-30	05:30:00	4367.9	4368.73	4361.23	4363.45	4143	0	4
2025-12-30	05:45:00	4363.46	4364.79	4356.29	4359.36	4789	0	4
2025-12-30	06:00:00	4359.36	4362.33	4357.59	4361.43	2996	0	4
2025-12-30	06:15:00	4361.43	4365.77	4360.61	4363.22	2837	0	4
2025-12-30	06:30:00	4363.21	4369.75	4362.24	4366.84	3530	0	4
2025-12-30	06:45:00	4366.84	4367.21	4362.27	4363.45	2038	0	4
2025-12-30	07:00:00	4363.47	4364.73	4358.82	4364.02	2926	0	4
2025-12-30	07:15:00	4364.05	4376.18	4362.53	4372.38	5606	0	4
2025-12-30	07:30:00	4372.38	4380.15	4372.13	4374.75	9915	0	4
2025-12-30	07:45:00	4374.75	4379.64	4372.72	4377.7	8070	0	4
2025-12-30	08:00:00	4377.7	4378.54	4372.55	4373.19	7246	0	4
2025-12-30	08:15:00	4373.19	4373.98	4364.34	4366.7	8095	0	4
2025-12-30	08:30:00	4366.57	4369.74	4360.18	4361.88	8489	0	4
2025-12-30	08:45:00	4361.83	4366.77	4359.84	4364.7	7237	0	4
2025-12-30	09:00:00	4364.75	4368.69	4359.17	4368.6	7857	0	4
2025-12-30	09:15:00	4368.6	4372.47	4365.85	4368.26	6718	0	4
2025-12-30	09:30:00	4368.27	4377.02	4368.16	4376.99	6025	0	4
2025-12-30	09:45:00	4377.03	4383.4	4370.35	4372.5	5636	0	4
2025-12-30	10:00:00	4372.5	4373.78	4363.55	4370.38	5899	0	4
2025-12-30	10:15:00	4370.45	4371.27	4351.94	4353.3	5462	0	4
2025-12-30	10:30:00	4353.34	4360.4	4350.21	4359.27	7127	0	4
2025-12-30	10:45:00	4359.27	4366.23	4354.34	4365.03	6020	0	4
2025-12-30	11:00:00	4365.03	4373.76	4364.12	4373.06	5549	0	4
2025-12-30	11:15:00	4373.06	4376.51	4367.74	4368.61	6127	0	4
2025-12-30	11:30:00	4368.61	4371.7	4367.25	4368.3	5567	0	4
2025-12-30	11:45:00	4368.32	4373.94	4367.53	4372.24	5830	0	4
2025-12-30	12:00:00	4372.17	4376.23	4367.76	4375.85	5937	0	4
2025-12-30	12:15:00	4375.85	4382.77	4374.69	4382.3	6390	0	4
2025-12-30	12:30:00	4382.28	4391.73	4381.74	4382.79	6682	0	4
2025-12-30	12:45:00	4382.79	4385.58	4378.69	4384.86	4805	0	4
2025-12-30	13:00:00	4384.86	4390.26	4384.86	4386.92	5761	0	4
2025-12-30	13:15:00	4386.91	4389.59	4385.73	4388.9	6321	0	4
2025-12-30	13:30:00	4388.93	4389.38	4383.77	4384.81	5425	0	4
2025-12-30	13:45:00	4384.84	4385.3	4381.26	4384.32	4838	0	4
2025-12-30	14:00:00	4384.3	4397.37	4383.5	4396.27	5697	0	4
2025-12-30	14:15:00	4396.27	4399.25	4391.77	4393.91	6283	0	4
2025-12-30	14:30:00	4393.91	4402.81	4393.18	4399.86	4834	0	4
2025-12-30	14:45:00	4399.86	4402.18	4396.46	4401.23	7389	0	4
2025-12-30	15:00:00	4401.3	4404.25	4397.2	4399.4	10470	0	4
2025-12-30	15:15:00	4399.4	4399.41	4390.0	4393.59	9217	0	4
2025-12-30	15:30:00	4393.59	4393.69	4376.47	4379.45	11371	0	4
2025-12-30	15:45:00	4379.45	4389.55	4376.36	4388.46	8806	0	4
2025-12-30	16:00:00	4388.46	4390.54	4382.65	4386.21	7810	0	4
2025-12-30	16:15:00	4386.21	4391.29	4381.0	4390.64	8382	0	4
2025-12-30	16:30:00	4390.64	4392.17	4364.36	4371.51	12634	0	4
2025-12-30	16:45:00	4371.46	4372.25	4355.91	4366.37	13749	0	4
2025-12-30	17:00:00	4366.33	4373.21	4360.93	4369.21	9708	0	4
2025-12-30	17:15:00	4369.23	4377.53	4365.11	4366.14	8270	0	4
2025-12-30	17:30:00	4366.17	4374.53	4359.55	4362.51	10773	0	4
2025-12-30	17:45:00	4362.51	4370.95	4361.12	4365.08	10287	0	4
2025-12-30	18:00:00	4365.25	4365.4	4354.9	4358.49	9405	0	4
2025-12-30	18:15:00	4358.5	4371.43	4357.64	4368.85	9823	0	4
2025-12-30	18:30:00	4368.85	4368.96	4362.55	4367.24	5837	0	4
2025-12-30	18:45:00	4367.24	4379.91	4366.36	4377.81	6557	0	4
2025-12-30	19:00:00	4377.81	4381.82	4373.36	4373.38	9091	0	4
2025-12-30	19:15:00	4373.38	4376.77	4368.44	4374.93	7786	0	4
2025-12-30	19:30:00	4374.93	4376.27	4364.94	4368.56	7458	0	4
2025-12-30	19:45:00	4368.56	4370.67	4364.36	4370.21	5044	0	4
2025-12-30	20:00:00	4370.23	4378.68	4368.95	4371.07	7338	0	4
2025-12-30	20:15:00	4371.07	4372.21	4366.07	4370.92	7609	0	4
2025-12-30	20:30:00	4370.91	4371.14	4362.68	4366.07	5602	0	4
2025-12-30	20:45:00	4366.07	4367.64	4363.31	4364.58	5894	0	4
2025-12-30	21:00:00	4364.58	4368.01	4363.34	4366.73	5304	0	4
2025-12-30	21:15:00	4366.73	4367.68	4364.03	4365.97	5093	0	4
2025-12-30	21:30:00	4365.97	4366.54	4360.1	4362.87	3947	0	4
2025-12-30	21:45:00	4362.87	4363.16	4337.37	4348.61	10182	0	4
2025-12-30	22:00:00	4348.61	4350.37	4338.34	4348.27	9060	0	4
2025-12-30	22:15:00	4348.28	4352.93	4346.18	4350.47	5612	0	4
2025-12-30	22:30:00	4350.46	4355.53	4346.04	4348.89	5412	0	4
2025-12-30	22:45:00	4348.93	4351.78	4337.78	4341.74	7590	0	4
2025-12-30	23:00:00	4341.71	4350.28	4340.68	4348.27	3315	0	4
2025-12-30	23:15:00	4348.27	4348.76	4346.35	4346.37	1818	0	4
2025-12-30	23:30:00	4346.37	4349.18	4346.14	4348.73	1085	0	4
2025-12-30	23:45:00	4348.67	4349.3	4334.81	4339.12	2562	0	4
2025-12-31	01:00:00	4340.58	4346.61	4339.9	4345.84	3560	0	4
2025-12-31	01:15:00	4345.84	4345.87	4332.2	4334.23	4117	0	4
2025-12-31	01:30:00	4334.27	4342.77	4328.71	4339.6	5108	0	4
2025-12-31	01:45:00	4339.6	4339.69	4333.33	4339.01	3903	0	4
2025-12-31	02:00:00	4339.04	4344.12	4338.94	4341.7	2623	0	4
2025-12-31	02:15:00	4341.7	4343.2	4332.71	4336.6	3314	0	4
2025-12-31	02:30:00	4336.6	4346.68	4332.86	4342.96	4830	0	4
2025-12-31	02:45:00	4342.96	4343.98	4336.45	4342.4	5485	0	4
2025-12-31	03:00:00	4342.4	4355.82	4336.87	4353.48	9803	0	4
2025-12-31	03:15:00	4353.36	4360.79	4349.18	4354.74	7011	0	4
2025-12-31	03:30:00	4354.73	4369.79	4354.46	4368.86	7791	0	4
2025-12-31	03:45:00	4368.91	4373.29	4365.41	4365.99	7659	0	4
2025-12-31	04:00:00	4366.04	4371.15	4361.21	4362.17	5657	0	4
2025-12-31	04:15:00	4362.17	4364.11	4357.66	4361.0	5089	0	4
2025-12-31	04:30:00	4361.02	4371.1	4357.82	4370.2	8282	0	4
2025-12-31	04:45:00	4370.21	4370.71	4346.78	4348.76	11245	0	4
2025-12-31	05:00:00	4348.76	4359.75	4343.71	4359.46	8990	0	4
2025-12-31	05:15:00	4359.45	4359.84	4340.87	4348.69	9050	0	4
2025-12-31	05:30:00	4348.69	4353.96	4346.6	4351.98	5265	0	4
2025-12-31	05:45:00	4351.98	4352.53	4345.54	4348.53	5269	0	4
2025-12-31	06:00:00	4348.53	4351.29	4344.75	4348.34	5268	0	4
2025-12-31	06:15:00	4348.31	4348.56	4342.25	4346.39	4660	0	4
2025-12-31	06:30:00	4346.39	4348.28	4342.64	4343.25	4202	0	4
2025-12-31	06:45:00	4343.25	4346.09	4330.79	4332.87	5511	0	4
2025-12-31	07:00:00	4332.94	4334.62	4329.46	4334.62	5604	0	4
2025-12-31	07:15:00	4334.62	4343.09	4332.84	4342.55	4727	0	4
2025-12-31	07:30:00	4342.55	4343.05	4318.84	4324.87	8637	0	4
2025-12-31	07:45:00	4324.87	4327.84	4276.05	4285.95	9957	0	4
2025-12-31	08:00:00	4285.95	4301.47	4274.49	4299.13	7983	0	4
2025-12-31	08:15:00	4299.13	4308.95	4292.61	4307.55	8168	0	4
2025-12-31	08:30:00	4307.55	4317.34	4304.93	4314.54	6064	0	4
2025-12-31	08:45:00	4314.54	4328.81	4311.83	4328.13	5434	0	4
2025-12-31	09:00:00	4328.09	4332.43	4323.83	4330.8	6275	0	4
2025-12-31	09:15:00	4330.8	4335.02	4329.13	4333.22	5450	0	4
2025-12-31	09:30:00	4333.22	4334.83	4330.44	4332.2	3516	0	4
2025-12-31	09:45:00	4332.2	4332.64	4326.9	4331.1	4514	0	4
2025-12-31	10:00:00	4331.1	4332.89	4320.24	4322.95	6224	0	4
2025-12-31	10:15:00	4322.95	4327.49	4322.11	4326.19	4144	0	4
2025-12-31	10:30:00	4326.19	4326.42	4317.08	4317.3	2998	0	4
2025-12-31	10:45:00	4317.3	4317.87	4303.43	4307.45	5216	0	4
2025-12-31	11:00:00	4307.45	4318.17	4307.11	4317.08	6137	0	4
2025-12-31	11:15:00	4317.08	4327.36	4310.93	4323.74	6262	0	4
2025-12-31	11:30:00	4323.73	4337.23	4323.39	4336.18	5454	0	4
2025-12-31	11:45:00	4336.18	4337.31	4325.38	4325.88	4921	0	4
2025-12-31	12:00:00	4325.87	4331.44	4324.66	4327.1	4315	0	4
2025-12-31	12:15:00	4327.1	4330.29	4319.7	4319.71	4140	0	4
2025-12-31	12:30:00	4319.71	4319.71	4305.16	4307.29	5974	0	4
2025-12-31	12:45:00	4307.29	4310.9	4303.78	4306.68	5171	0	4
2025-12-31	13:00:00	4306.68	4315.39	4304.09	4313.91	4194	0	4
2025-12-31	13:15:00	4313.91	4316.03	4309.92	4311.34	4457	0	4
2025-12-31	13:30:00	4311.34	4313.64	4307.85	4312.69	4133	0	4
2025-12-31	13:45:00	4312.68	4316.42	4309.35	4310.98	5196	0	4
2025-12-31	14:00:00	4310.98	4312.45	4305.47	4308.97	4945	0	4
2025-12-31	14:15:00	4308.97	4310.74	4303.19	4306.96	6186	0	4
2025-12-31	14:30:00	4306.96	4318.2	4306.84	4317.24	6154	0	4
2025-12-31	14:45:00	4317.24	4317.55	4310.83	4313.82	5473	0	4
2025-12-31	15:00:00	4313.84	4316.98	4308.09	4311.77	6830	0	4
2025-12-31	15:15:00	4311.77	4329.41	4311.6	4328.62	8280	0	4
2025-12-31	15:30:00	4328.62	4334.99	4325.98	4333.07	7022	0	4
2025-12-31	15:45:00	4333.07	4348.37	4332.22	4345.87	7706	0	4
2025-12-31	16:00:00	4345.9	4348.52	4334.81	4340.18	7457	0	4
2025-12-31	16:15:00	4340.18	4344.89	4333.1	4337.17	6458	0	4
2025-12-31	16:30:00	4337.17	4348.72	4332.92	4344.02	10725	0	4
2025-12-31	16:45:00	4344.07	4353.35	4342.44	4345.98	8682	0	4
2025-12-31	17:00:00	4345.98	4346.34	4329.39	4331.76	9408	0	4
2025-12-31	17:15:00	4331.76	4338.83	4327.27	4337.25	10432	0	4
2025-12-31	17:30:00	4337.27	4341.63	4329.03	4331.13	9271	0	4
2025-12-31	17:45:00	4331.12	4337.88	4327.43	4337.4	7307	0	4
2025-12-31	18:00:00	4337.4	4339.75	4321.95	4324.13	8163	0	4
2025-12-31	18:15:00	4324.13	4329.82	4321.85	4325.61	7151	0	4
2025-12-31	18:30:00	4325.61	4329.76	4319.26	4319.81	6235	0	4
2025-12-31	18:45:00	4319.81	4324.61	4317.11	4323.01	5394	0	4
2025-12-31	19:00:00	4323.02	4328.35	4320.58	4323.48	5325	0	4
2025-12-31	19:15:00	4323.5	4324.73	4318.08	4320.67	5870	0	4
2025-12-31	19:30:00	4320.67	4329.61	4318.99	4325.51	5937	0	4
2025-12-31	19:45:00	4325.51	4327.01	4320.19	4321.95	4812	0	4
2025-12-31	20:00:00	4321.95	4327.87	4321.68	4327.64	5877	0	4
2025-12-31	20:15:00	4327.64	4331.59	4323.88	4328.61	5960	0	4
2025-12-31	20:30:00	4328.61	4329.1	4318.64	4322.16	4915	0	4
2025-12-31	20:45:00	4322.12	4322.17	4315.85	4319.72	3976	0	4
2025-12-31	21:00:00	4319.77	4322.98	4315.73	4317.86	4190	0	4
2025-12-31	21:15:00	4317.86	4320.05	4316.65	4317.66	3417	0	20
2025-12-31	21:30:00	4317.66	4317.98	4307.84	4310.96	6389	0	20
2025-12-31	21:45:00	4310.96	4314.24	4308.68	4311.46	5069	0	20
2025-12-31	22:00:00	4311.46	4315.7	4304.62	4315.1	5195	0	20
2025-12-31	22:15:00	4315.11	4319.17	4313.05	4314.88	4618	0	20
2025-12-31	22:30:00	4314.93	4324.38	4314.55	4320.95	6395	0	20
2025-12-31	22:45:00	4320.95	4321.73	4306.94	4313.45	7263	0	20
2025-12-31	23:00:00	4313.44	4314.54	4310.21	4312.84	2559	0	20
2025-12-31	23:15:00	4312.82	4312.82	4306.98	4309.77	2116	0	64
2025-12-31	23:30:00	4309.77	4316.33	4309.2	4314.59	2142	0	68
2025-12-31	23:45:00	4314.72	4318.82	4313.68	4318.82	1897	0	50
