<DATE>	<TIME>	<OPEN>	<HIGH>	<LOW>	<CLOSE>	<TICKVOL>	<VOL>	<SPREAD>
2025-11-03	01:00:00	3989.66	3998.22	3983.74	3996.34	1690	0	5
2025-11-03	01:15:00	3996.18	3998.95	3988.6	3994.75	940	0	5
2025-11-03	01:30:00	3994.2	3995.82	3977.83	3979.32	1078	0	5
2025-11-03	01:45:00	3979.82	3985.16	3977.82	3979.88	1016	0	12
2025-11-03	02:00:00	3979.54	3987.61	3966.59	3968.41	1148	0	5
2025-11-03	02:15:00	3968.34	3973.03	3962.74	3970.61	1231	0	5
2025-11-03	02:30:00	3970.52	3977.77	3963.54	3972.75	1239	0	5
2025-11-03	02:45:00	3972.77	3976.43	3967.73	3971.03	1225	0	9
2025-11-03	03:00:00	3971.0	3988.96	3965.48	3986.0	1466	0	11
2025-11-03	03:15:00	3986.1	3999.18	3986.01	3998.89	1384	0	14
2025-11-03	03:30:00	3998.74	4001.8	3990.62	3992.21	1335	0	5
2025-11-03	03:45:00	3992.12	4000.14	3990.21	3995.83	1285	0	5
2025-11-03	04:00:00	3996.17	3998.55	3990.37	3995.13	1215	0	5
2025-11-03	04:15:00	3995.35	4006.54	3995.35	3995.55	1168	0	16
2025-11-03	04:30:00	3995.58	4006.21	3995.0	4001.67	1214	0	16
2025-11-03	04:45:00	4001.69	4005.67	3998.21	4004.06	1166	0	16
2025-11-03	05:00:00	4004.16	4011.67	4002.37	4007.59	1252	0	5
2025-11-03	05:15:00	4007.62	4010.33	4006.0	4006.3	1128	0	5
2025-11-03	05:30:00	4006.28	4013.33	4005.71	4010.79	1067	0	14
2025-11-03	05:45:00	4010.92	4015.6	4010.9	4011.03	984	0	11
2025-11-03	06:00:00	4011.04	4014.55	4006.84	4009.76	1141	0	5
2025-11-03	06:15:00	4009.48	4009.9	4001.67	4005.4	1133	0	7
2025-11-03	06:30:00	4005.38	4007.72	4002.47	4006.91	956	0	5
2025-11-03	06:45:00	4006.91	4007.5	4002.74	4003.67	851	0	5
2025-11-03	07:00:00	4003.64	4010.16	3997.63	4007.15	1155	0	16
2025-11-03	07:15:00	4007.21	4012.57	4005.16	4012.1	976	0	16
2025-11-03	07:30:00	4012.02	4018.82	4012.02	4014.93	1175	0	6
2025-11-03	07:45:00	4014.98	4016.84	4011.32	4014.07	990	0	16
2025-11-03	08:00:00	4014.16	4017.09	4010.21	4014.49	1136	0	16
2025-11-03	08:15:00	4014.48	4018.66	4013.33	4016.23	1119	0	16
2025-11-03	08:30:00	4016.23	4018.01	4013.19	4015.57	1065	0	17
2025-11-03	08:45:00	4015.58	4018.46	4013.92	4017.44	1053	0	5
2025-11-03	09:00:00	4017.3	4023.65	4015.08	4015.45	1188	0	5
2025-11-03	09:15:00	4015.59	4020.47	4013.5	4019.04	1008	0	5
2025-11-03	09:30:00	4018.43	4023.16	4015.82	4022.0	1103	0	5
2025-11-03	09:45:00	4022.12	4026.05	4020.8	4025.19	1189	0	16
2025-11-03	10:00:00	4025.21	4027.67	4020.72	4021.58	1215	0	16
2025-11-03	10:15:00	4021.58	4023.92	4011.24	4014.43	1267	0	7
2025-11-03	10:30:00	4014.44	4017.71	4012.39	4016.64	1240	0	16
2025-11-03	10:45:00	4016.7	4020.7	4013.15	4019.77	1230	0	5
2025-11-03	11:00:00	4019.99	4025.86	4016.61	4021.65	1227	0	15
2025-11-03	11:15:00	4021.62	4022.15	4005.26	4007.58	1316	0	9
2025-11-03	11:30:00	4007.57	4008.16	3996.12	3997.21	1338	0	5
2025-11-03	11:45:00	3996.94	4005.06	3993.48	4000.76	1300	0	15
2025-11-03	12:00:00	4000.8	4004.77	3994.72	3997.55	1232	0	10
2025-11-03	12:15:00	3997.26	4000.83	3996.24	3997.89	1159	0	5
2025-11-03	12:30:00	3997.5	4000.93	3994.55	3998.01	1141	0	5
2025-11-03	12:45:00	3997.99	3999.45	3994.32	3999.05	1087	0	16
2025-11-03	13:00:00	3998.98	4002.29	3994.2	4000.52	1175	0	6
2025-11-03	13:15:00	4000.39	4007.08	3998.82	4006.28	1213	0	10
2025-11-03	13:30:00	4006.55	4006.92	4003.01	4005.46	1145	0	16
2025-11-03	13:45:00	4005.21	4008.51	4004.48	4007.58	1071	0	15
2025-11-03	14:00:00	4007.62	4008.56	4004.72	4007.16	1095	0	5
2025-11-03	14:15:00	4007.17	4007.63	4001.66	4005.12	1061	0	14
2025-11-03	14:30:00	4005.15	4011.12	4003.7	4008.25	1107	0	7
2025-11-03	14:45:00	4008.31	4013.39	4007.49	4013.12	1164	0	6
2025-11-03	15:00:00	4013.12	4018.18	4011.55	4015.44	1295	0	5
2025-11-03	15:15:00	4015.36	4019.45	4013.99	4014.4	1310	0	5
2025-11-03	15:30:00	4014.42	4020.67	4010.66	4017.25	1298	0	5
2025-11-03	15:45:00	4017.3	4018.14	4014.7	4016.08	1210	0	12
2025-11-03	16:00:00	4015.86	4020.73	4012.76	4016.18	1283	0	11
2025-11-03	16:15:00	4016.33	4020.42	4009.52	4010.19	1250	0	9
2025-11-03	16:30:00	4010.02	4013.79	4001.84	4012.49	1395	0	5
2025-11-03	16:45:00	4013.26	4025.95	4013.04	4022.53	1394	0	6
2025-11-03	17:00:00	4023.12	4030.74	4023.12	4027.03	1454	0	16
2025-11-03	17:15:00	4026.93	4028.48	4009.02	4011.24	1417	0	13
2025-11-03	17:30:00	4011.03	4022.64	4006.29	4021.35	1425	0	5
2025-11-03	17:45:00	4021.24	4023.72	4003.71	4008.34	1395	0	5
2025-11-03	18:00:00	4008.47	4013.33	4001.81	4004.76	1346	0	16
2025-11-03	18:15:00	4004.32	4005.26	3995.29	3998.03	1335	0	9
2025-11-03	18:30:00	3997.84	4004.49	3995.93	4003.74	1285	0	11
2025-11-03	18:45:00	4003.69	4009.57	4001.86	4008.28	1208	0	5
2025-11-03	19:00:00	4008.26	4009.88	4003.54	4008.05	1193	0	10
2025-11-03	19:15:00	4008.09	4012.08	4006.77	4006.94	1194	0	5
2025-11-03	19:30:00	4006.95	4007.44	4004.41	4005.82	1085	0	5
2025-11-03	19:45:00	4005.68	4007.67	4005.25	4006.19	1001	0	15
2025-11-03	20:00:00	4006.19	4006.91	4001.64	4002.93	1064	0	16
2025-11-03	20:15:00	4002.94	4003.91	3999.64	4001.23	1174	0	5
2025-11-03	20:30:00	4001.28	4009.73	4001.17	4008.4	1093	0	9
2025-11-03	20:45:00	4008.44	4008.58	4003.5	4006.8	1041	0	16
2025-11-03	21:00:00	4006.88	4008.31	3994.68	4003.47	1297	0	9
2025-11-03	21:15:00	4003.47	4006.03	4001.71	4004.19	1196	0	17
2025-11-03	21:30:00	4003.98	4005.03	4000.6	4000.62	1144	0	9
2025-11-03	21:45:00	4000.64	4007.66	3999.73	4004.72	1223	0	16
2025-11-03	22:00:00	4004.74	4012.27	4004.73	4010.2	1121	0	8
2025-11-03	22:15:00	4010.29	4014.79	4009.5	4011.53	1157	0	5
2025-11-03	22:30:00	4011.41	4012.06	4007.24	4009.27	1091	0	5
2025-11-03	22:45:00	4009.32	4012.08	4008.04	4010.21	1104	0	5
2025-11-03	23:00:00	4009.78	4009.98	4004.38	4004.75	766	0	16
2025-11-03	23:15:00	4005.0	4005.75	4001.03	4001.91	791	0	13
2025-11-03	23:30:00	4001.89	4002.79	4000.34	4001.18	644	0	17
2025-11-03	23:45:00	4001.22	4001.95	3999.71	4001.21	417	0	17
2025-11-04	01:00:00	4001.56	4005.77	3980.98	3988.15	1084	0	8
2025-11-04	01:15:00	3987.92	3997.35	3987.92	3995.75	984	0	5
2025-11-04	01:30:00	3995.9	3999.91	3994.43	3998.05	990	0	7
2025-11-04	01:45:00	3998.1	3999.82	3992.71	3997.67	998	0	16
2025-11-04	02:00:00	3997.7	3998.79	3990.3	3994.79	1219	0	8
2025-11-04	02:15:00	3994.91	3999.3	3992.4	3993.0	1049	0	17
2025-11-04	02:30:00	3993.18	3993.9	3977.83	3979.88	1313	0	5
2025-11-04	02:45:00	3979.92	3989.05	3979.82	3986.48	1352	0	16
2025-11-04	03:00:00	3986.47	3992.75	3984.92	3990.24	1382	0	5
2025-11-04	03:15:00	3990.07	3994.54	3980.86	3985.15	1333	0	16
2025-11-04	03:30:00	3985.34	3987.99	3979.63	3987.29	1307	0	16
2025-11-04	03:45:00	3987.39	3990.16	3985.04	3987.42	1226	0	9
2025-11-04	04:00:00	3987.38	3987.38	3975.51	3977.18	1282	0	13
2025-11-04	04:15:00	3977.14	3984.07	3977.14	3983.89	1044	0	16
2025-11-04	04:30:00	3983.98	3985.39	3977.49	3983.35	1232	0	5
2025-11-04	04:45:00	3983.35	3986.74	3975.72	3986.71	1250	0	5
2025-11-04	05:00:00	3987.02	3990.39	3981.66	3988.32	1165	0	16
2025-11-04	05:15:00	3988.31	3993.94	3984.96	3992.88	1063	0	11
2025-11-04	05:30:00	3992.7	3999.38	3990.95	3992.16	1223	0	5
2025-11-04	05:45:00	3992.23	3995.39	3991.04	3994.66	1060	0	17
2025-11-04	06:00:00	3994.52	3995.19	3988.24	3988.75	1094	0	16
2025-11-04	06:15:00	3988.76	3992.98	3987.95	3991.89	998	0	17
2025-11-04	06:30:00	3991.75	3993.38	3988.03	3988.24	1081	0	16
2025-11-04	06:45:00	3988.18	3991.38	3983.58	3985.51	1140	0	16
2025-11-04	07:00:00	3985.09	3986.76	3980.83	3983.82	1112	0	7
2025-11-04	07:15:00	3983.82	3986.93	3982.94	3983.04	1019	0	16
2025-11-04	07:30:00	3983.01	3985.57	3975.99	3976.4	1275	0	12
2025-11-04	07:45:00	3976.43	3981.63	3973.08	3973.45	1320	0	5
2025-11-04	08:00:00	3973.44	3975.2	3966.91	3974.55	1325	0	5
2025-11-04	08:15:00	3974.58	3976.08	3968.65	3975.62	1245	0	5
2025-11-04	08:30:00	3975.73	3980.83	3973.78	3979.47	1257	0	5
2025-11-04	08:45:00	3979.48	3987.82	3977.69	3985.24	1257	0	8
2025-11-04	09:00:00	3985.23	3990.0	3982.33	3987.1	1267	0	5
2025-11-04	09:15:00	3987.29	3996.34	3985.76	3993.99	1261	0	5
2025-11-04	09:30:00	3994.07	3995.77	3990.48	3991.74	1116	0	6
2025-11-04	09:45:00	3991.45	3996.17	3991.12	3993.95	1075	0	16
2025-11-04	10:00:00	3994.17	3999.24	3991.56	3991.69	1234	0	12
2025-11-04	10:15:00	3991.7	4000.69	3990.59	3999.89	1247	0	5
2025-11-04	10:30:00	3999.85	4000.42	3995.24	3999.05	1163	0	17
2025-11-04	10:45:00	3999.11	4000.22	3995.59	3996.04	1155	0	16
2025-11-04	11:00:00	3995.81	3997.78	3991.14	3991.75	1176	0	5
2025-11-04	11:15:00	3991.7	3994.73	3991.24	3991.94	1108	0	5
2025-11-04	11:30:00	3991.91	3999.38	3991.72	3997.08	1150	0	5
2025-11-04	11:45:00	3997.08	3997.73	3990.35	3991.17	1204	0	5
2025-11-04	12:00:00	3991.13	3994.63	3985.87	3994.58	1248	0	5
2025-11-04	12:15:00	3994.88	3996.78	3991.21	3992.05	1130	0	5
2025-11-04	12:30:00	3991.29	3997.37	3990.86	3995.64	1157	0	5
2025-11-04	12:45:00	3995.66	3996.35	3991.2	3993.86	1029	0	16
2025-11-04	13:00:00	3994.04	3995.64	3991.61	3993.83	922	0	16
2025-11-04	13:15:00	3993.86	3995.68	3992.78	3994.16	874	0	16
2025-11-04	13:30:00	3994.22	3995.73	3992.37	3992.4	982	0	16
2025-11-04	13:45:00	3992.42	4000.21	3991.89	3995.5	1141	0	16
2025-11-04	14:00:00	3995.52	3996.74	3993.57	3996.62	1085	0	6
2025-11-04	14:15:00	3996.65	3997.58	3989.6	3990.34	1038	0	9
2025-11-04	14:30:00	3990.28	3990.67	3984.38	3990.54	1211	0	5
2025-11-04	14:45:00	3990.53	3992.43	3983.39	3984.67	1218	0	7
2025-11-04	15:00:00	3984.3	3995.61	3983.71	3992.78	1292	0	16
2025-11-04	15:15:00	3993.25	3995.96	3982.9	3983.8	1281	0	5
2025-11-04	15:30:00	3983.84	3988.04	3975.45	3980.19	1336	0	17
2025-11-04	15:45:00	3980.0	3982.27	3972.0	3975.93	1331	0	6
2025-11-04	16:00:00	3975.24	3976.65	3964.23	3975.79	1332	0	5
2025-11-04	16:15:00	3975.63	3977.55	3951.11	3951.11	1297	0	9
2025-11-04	16:30:00	3950.93	3956.3	3928.9	3930.94	1564	0	5
2025-11-04	16:45:00	3930.93	3959.92	3930.89	3956.82	1427	0	5
2025-11-04	17:00:00	3956.93	3958.72	3944.06	3947.35	1415	0	5
2025-11-04	17:15:00	3947.37	3952.85	3941.09	3949.15	1383	0	5
2025-11-04	17:30:00	3949.08	3967.73	3948.47	3965.51	1374	0	10
2025-11-04	17:45:00	3965.2	3965.86	3956.68	3956.8	1320	0	11
2025-11-04	18:00:00	3956.86	3965.53	3956.77	3963.61	1231	0	5
2025-11-04	18:15:00	3964.09	3976.02	3963.54	3972.5	1332	0	7
2025-11-04	18:30:00	3972.69	3973.87	3965.71	3969.55	1292	0	6
2025-11-04	18:45:00	3969.71	3970.23	3964.2	3969.02	1254	0	5
2025-11-04	19:00:00	3969.33	3970.98	3961.86	3963.92	1207	0	5
2025-11-04	19:15:00	3964.02	3965.23	3958.28	3959.6	1282	0	10
2025-11-04	19:30:00	3959.68	3965.16	3959.3	3961.25	1241	0	7
2025-11-04	19:45:00	3961.22	3964.14	3952.43	3955.11	1292	0	5
2025-11-04	20:00:00	3954.79	3956.85	3949.6	3950.65	1240	0	5
2025-11-04	20:15:00	3950.83	3952.72	3945.5	3950.79	1285	0	5
2025-11-04	20:30:00	3951.18	3951.61	3932.19	3938.49	1375	0	5
2025-11-04	20:45:00	3938.41	3941.36	3935.51	3937.76	1317	0	5
2025-11-04	21:00:00	3937.76	3943.91	3934.77	3941.08	1356	0	5
2025-11-04	21:15:00	3940.54	3943.98	3940.27	3941.82	1274	0	16
2025-11-04	21:30:00	3941.65	3943.07	3935.8	3938.25	1261	0	8
2025-11-04	21:45:00	3938.05	3939.67	3936.03	3937.36	1229	0	16
2025-11-04	22:00:00	3937.48	3939.36	3931.48	3934.21	1160	0	5
2025-11-04	22:15:00	3934.45	3937.83	3931.9	3937.47	1189	0	16
2025-11-04	22:30:00	3937.57	3942.02	3935.96	3940.96	1222	0	5
2025-11-04	22:45:00	3940.95	3941.2	3936.52	3938.72	1275	0	5
2025-11-04	23:00:00	3938.7	3938.7	3933.76	3934.27	750	0	5
2025-11-04	23:15:00	3934.31	3935.37	3930.99	3934.01	534	0	5
2025-11-04	23:30:00	3933.95	3935.04	3930.63	3931.12	559	0	5
2025-11-04	23:45:00	3930.86	3934.05	3930.71	3931.85	490	0	5
2025-11-05	01:00:00	3934.14	3940.35	3931.64	3935.77	1099	0	15
2025-11-05	01:15:00	3935.74	3939.46	3934.94	3937.68	967	0	14
2025-11-05	01:30:00	3937.7	3938.57	3933.33	3938.0	953	0	16
2025-11-05	01:45:00	3938.0	3938.0	3930.83	3934.74	1118	0	16
2025-11-05	02:00:00	3934.74	3943.18	3933.03	3939.98	1205	0	16
2025-11-05	02:15:00	3940.1	3942.52	3934.21	3938.92	1179	0	16
2025-11-05	02:30:00	3938.94	3939.97	3929.03	3931.92	1314	0	5
2025-11-05	02:45:00	3931.85	3939.9	3929.53	3939.88	1180	0	17
2025-11-05	03:00:00	3940.36	3945.14	3937.33	3943.06	1320	0	17
2025-11-05	03:15:00	3943.06	3948.49	3938.55	3946.27	1296	0	10
2025-11-05	03:30:00	3946.31	3949.39	3943.07	3943.51	1321	0	15
2025-11-05	03:45:00	3943.14	3943.58	3934.03	3937.07	1303	0	11
2025-11-05	04:00:00	3937.02	3945.08	3935.68	3942.02	1204	0	5
2025-11-05	04:15:00	3942.01	3942.19	3936.27	3938.07	1081	0	5
2025-11-05	04:30:00	3938.04	3948.69	3938.04	3945.2	1196	0	13
2025-11-05	04:45:00	3945.19	3950.88	3945.19	3948.58	1162	0	7
2025-11-05	05:00:00	3948.51	3956.15	3947.62	3952.95	1171	0	11
2025-11-05	05:15:00	3952.93	3956.21	3952.71	3953.06	1040	0	6
2025-11-05	05:30:00	3953.18	3959.32	3951.89	3958.92	985	0	5
2025-11-05	05:45:00	3959.2	3965.27	3959.17	3960.85	1127	0	5
2025-11-05	06:00:00	3960.54	3964.9	3959.81	3961.9	856	0	5
2025-11-05	06:15:00	3961.92	3964.35	3960.13	3963.61	908	0	5
2025-11-05	06:30:00	3963.58	3972.25	3963.57	3971.17	1126	0	15
2025-11-05	06:45:00	3971.07	3973.39	3967.57	3970.31	1099	0	5
2025-11-05	07:00:00	3970.33	3972.23	3967.16	3971.09	1023	0	5
2025-11-05	07:15:00	3971.06	3978.39	3970.4	3975.84	999	0	5
2025-11-05	07:30:00	3975.5	3976.12	3969.13	3969.8	1138	0	16
2025-11-05	07:45:00	3970.06	3970.06	3962.37	3964.84	1118	0	16
2025-11-05	08:00:00	3965.18	3968.8	3961.93	3964.86	1134	0	5
2025-11-05	08:15:00	3964.9	3970.14	3963.87	3967.52	1071	0	5
2025-11-05	08:30:00	3967.46	3973.67	3965.4	3971.76	1173	0	11
2025-11-05	08:45:00	3971.72	3972.08	3965.29	3965.98	1033	0	5
2025-11-05	09:00:00	3966.01	3967.63	3963.77	3966.38	1189	0	5
2025-11-05	09:15:00	3966.44	3969.88	3963.8	3966.08	1034	0	9
2025-11-05	09:30:00	3966.01	3971.25	3965.32	3970.16	1058	0	5
2025-11-05	09:45:00	3970.08	3974.82	3968.58	3972.62	1005	0	10
2025-11-05	10:00:00	3972.89	3987.13	3972.81	3982.27	1304	0	5
2025-11-05	10:15:00	3982.24	3983.96	3978.19	3979.99	1193	0	5
2025-11-05	10:30:00	3979.78	3985.59	3979.65	3981.77	1140	0	15
2025-11-05	10:45:00	3981.69	3983.53	3979.52	3979.9	1005	0	5
2025-11-05	11:00:00	3979.64	3981.19	3975.08	3975.48	1117	0	5
2025-11-05	11:15:00	3975.5	3975.7	3964.0	3965.52	1208	0	5
2025-11-05	11:30:00	3965.6	3971.46	3963.84	3969.62	1123	0	9
2025-11-05	11:45:00	3969.61	3972.48	3968.83	3971.81	967	0	11
2025-11-05	12:00:00	3971.73	3971.74	3955.99	3963.86	1166	0	5
2025-11-05	12:15:00	3963.84	3967.27	3960.33	3964.58	1003	0	5
2025-11-05	12:30:00	3964.56	3967.3	3964.15	3966.95	964	0	12
2025-11-05	12:45:00	3966.98	3970.29	3960.51	3964.37	1106	0	5
2025-11-05	13:00:00	3964.46	3968.84	3960.6	3960.86	1060	0	5
2025-11-05	13:15:00	3960.83	3961.73	3957.74	3958.27	1044	0	7
2025-11-05	13:30:00	3958.22	3964.08	3957.64	3963.22	1027	0	8
2025-11-05	13:45:00	3963.21	3968.19	3962.45	3966.9	1086	0	8
2025-11-05	14:00:00	3966.74	3966.98	3962.18	3964.33	1033	0	5
2025-11-05	14:15:00	3964.27	3969.89	3963.75	3967.48	1048	0	5
2025-11-05	14:30:00	3967.45	3968.05	3963.15	3964.71	1014	0	13
2025-11-05	14:45:00	3964.6	3969.52	3963.5	3969.41	1027	0	7
2025-11-05	15:00:00	3969.46	3974.69	3966.69	3972.38	1190	0	7
2025-11-05	15:15:00	3972.82	3977.52	3964.42	3976.34	1305	0	11
2025-11-05	15:30:00	3976.13	3977.19	3970.72	3974.45	1274	0	5
2025-11-05	15:45:00	3974.59	3979.71	3971.32	3975.89	1213	0	16
2025-11-05	16:00:00	3975.82	3980.68	3973.59	3979.36	1237	0	5
2025-11-05	16:15:00	3979.45	3985.08	3978.38	3983.63	1205	0	5
2025-11-05	16:30:00	3983.34	3985.52	3975.78	3976.34	1358	0	6
2025-11-05	16:45:00	3976.36	3978.69	3969.26	3973.27	1348	0	8
2025-11-05	17:00:00	3971.65	3977.75	3963.69	3970.61	1410	0	12
2025-11-05	17:15:00	3970.88	3980.02	3966.42	3979.24	1306	0	5
2025-11-05	17:30:00	3979.16	3984.37	3978.22	3983.03	1316	0	5
2025-11-05	17:45:00	3982.79	3984.47	3977.11	3978.21	1236	0	8
2025-11-05	18:00:00	3978.5	3982.01	3976.07	3976.6	1206	0	9
2025-11-05	18:15:00	3976.59	3981.34	3974.9	3981.3	1185	0	15
2025-11-05	18:30:00	3981.5	3984.23	3977.67	3982.61	1196	0	11
2025-11-05	18:45:00	3982.7	3990.32	3982.7	3986.88	1186	0	5
2025-11-05	19:00:00	3986.99	3989.62	3982.38	3984.14	1184	0	5
2025-11-05	19:15:00	3984.13	3985.33	3978.72	3982.33	1127	0	15
2025-11-05	19:30:00	3982.29	3984.26	3979.76	3983.13	1028	0	5
2025-11-05	19:45:00	3983.1	3983.43	3979.83	3982.03	1022	0	8
2025-11-05	20:00:00	3982.18	3983.72	3979.6	3983.64	987	0	16
2025-11-05	20:15:00	3983.58	3986.0	3981.97	3983.6	1029	0	6
2025-11-05	20:30:00	3983.39	3985.01	3979.05	3979.66	1007	0	10
2025-11-05	20:45:00	3979.67	3983.19	3979.66	3982.43	974	0	5
2025-11-05	21:00:00	3982.41	3985.92	3979.52	3980.32	1039	0	14
2025-11-05	21:15:00	3980.22	3984.39	3979.36	3984.16	1046	0	5
2025-11-05	21:30:00	3984.17	3988.89	3983.01	3987.18	1057	0	6
2025-11-05	21:45:00	3987.1	3988.79	3986.54	3987.81	889	0	17
2025-11-05	22:00:00	3987.81	3990.18	3986.61	3987.71	999	0	17
2025-11-05	22:15:00	3987.69	3988.6	3985.68	3985.69	1023	0	12
2025-11-05	22:30:00	3985.66	3988.22	3984.1	3984.56	989	0	5
2025-11-05	22:45:00	3984.59	3985.48	3981.6	3984.41	1119	0	5
2025-11-05	23:00:00	3984.08	3984.88	3981.56	3983.4	785	0	15
2025-11-05	23:15:00	3983.47	3984.27	3981.57	3981.92	679	0	9
2025-11-05	23:30:00	3981.96	3983.34	3981.86	3982.14	491	0	17
2025-11-05	23:45:00	3982.13	3983.04	3977.79	3978.99	469	0	17
2025-11-06	01:00:00	3980.03	3983.81	3966.24	3969.92	1555	0	15
2025-11-06	01:15:00	3970.09	3971.87	3968.67	3970.25	765	0	6
2025-11-06	01:30:00	3970.65	3975.25	3970.47	3973.33	979	0	13
2025-11-06	01:45:00	3973.28	3977.44	3973.06	3973.56	901	0	17
2025-11-06	02:00:00	3973.58	3975.37	3970.39	3974.77	944	0	17
2025-11-06	02:15:00	3974.81	3974.86	3971.12	3973.58	884	0	17
2025-11-06	02:30:00	3973.66	3974.7	3969.47	3972.34	1111	0	13
2025-11-06	02:45:00	3972.35	3975.86	3970.57	3975.86	1094	0	13
2025-11-06	03:00:00	3976.18	3977.21	3964.71	3969.81	1343	0	10
2025-11-06	03:15:00	3969.83	3975.44	3968.24	3969.11	1229	0	16
2025-11-06	03:30:00	3969.05	3974.02	3967.73	3970.98	1159	0	16
2025-11-06	03:45:00	3971.08	3976.64	3971.03	3976.6	1120	0	5
2025-11-06	04:00:00	3976.6	3979.33	3974.18	3977.33	1116	0	5
2025-11-06	04:15:00	3977.37	3978.94	3976.39	3978.0	877	0	14
2025-11-06	04:30:00	3977.99	3985.16	3977.99	3980.21	1220	0	15
2025-11-06	04:45:00	3980.11	3984.24	3979.64	3983.38	1020	0	17
2025-11-06	05:00:00	3983.57	3985.48	3979.68	3985.02	1054	0	18
2025-11-06	05:15:00	3984.85	3987.01	3982.86	3986.19	1041	0	17
2025-11-06	05:30:00	3986.2	3990.64	3985.92	3987.59	1008	0	17
2025-11-06	05:45:00	3987.72	3988.03	3985.37	3987.58	964	0	17
2025-11-06	06:00:00	3987.61	3988.03	3984.63	3985.56	849	0	17
2025-11-06	06:15:00	3985.84	3987.48	3985.04	3986.73	776	0	17
2025-11-06	06:30:00	3986.63	3989.52	3986.0	3986.9	795	0	11
2025-11-06	06:45:00	3986.9	3989.94	3985.17	3988.78	874	0	17
2025-11-06	07:00:00	3988.55	3990.26	3986.12	3988.05	946	0	11
2025-11-06	07:15:00	3988.06	3991.08	3988.0	3990.2	739	0	17
2025-11-06	07:30:00	3990.25	3990.3	3985.82	3987.83	1112	0	17
2025-11-06	07:45:00	3987.85	3990.23	3986.74	3988.03	1038	0	16
2025-11-06	08:00:00	3987.69	3989.75	3985.09	3987.09	1136	0	10
2025-11-06	08:15:00	3986.96	3988.71	3985.41	3987.12	1029	0	14
2025-11-06	08:30:00	3987.11	3987.45	3984.21	3984.21	967	0	8
2025-11-06	08:45:00	3984.38	3992.86	3982.2	3991.5	1124	0	5
2025-11-06	09:00:00	3991.35	3998.51	3991.32	3998.25	1205	0	5
2025-11-06	09:15:00	3998.26	4008.86	3997.54	4004.37	1237	0	8
2025-11-06	09:30:00	4004.34	4009.59	4003.97	4005.28	1175	0	5
2025-11-06	09:45:00	4005.27	4009.54	4004.06	4005.79	1030	0	10
2025-11-06	10:00:00	4005.66	4009.54	4004.71	4009.19	1166	0	5
2025-11-06	10:15:00	4009.47	4016.15	4008.46	4015.64	1203	0	9
2025-11-06	10:30:00	4015.59	4016.53	4010.23	4010.23	1139	0	7
2025-11-06	10:45:00	4010.25	4015.7	4010.14	4014.73	1108	0	16
2025-11-06	11:00:00	4014.68	4015.21	4010.67	4012.1	1160	0	5
2025-11-06	11:15:00	4012.12	4014.93	4011.17	4012.64	1174	0	5
2025-11-06	11:30:00	4012.59	4013.51	4010.51	4012.33	941	0	16
2025-11-06	11:45:00	4012.38	4012.77	4009.43	4011.01	1057	0	5
2025-11-06	12:00:00	4011.02	4011.33	4006.02	4008.62	1069	0	16
2025-11-06	12:15:00	4008.64	4009.17	4005.27	4006.24	1015	0	15
2025-11-06	12:30:00	4006.15	4008.74	4004.29	4007.77	1135	0	14
2025-11-06	12:45:00	4007.74	4009.51	4005.29	4008.36	970	0	5
2025-11-06	13:00:00	4008.27	4010.62	4007.66	4009.91	968	0	5
2025-11-06	13:15:00	4010.0	4011.11	4007.07	4009.47	1038	0	5
2025-11-06	13:30:00	4009.42	4017.01	4009.4	4015.97	1197	0	7
2025-11-06	13:45:00	4016.01	4019.55	4013.83	4018.11	1079	0	11
2025-11-06	14:00:00	4017.97	4019.5	4012.29	4012.8	1173	0	7
2025-11-06	14:15:00	4012.78	4014.57	4010.53	4011.59	1035	0	10
2025-11-06	14:30:00	4011.73	4013.19	4007.01	4009.18	1060	0	7
2025-11-06	14:45:00	4009.3	4010.46	4003.19	4005.29	1123	0	5
2025-11-06	15:00:00	4005.33	4012.84	4003.51	4011.78	1300	0	6
2025-11-06	15:15:00	4011.76	4015.79	4010.2	4013.37	1204	0	9
2025-11-06	15:30:00	4013.31	4016.04	4010.62	4013.7	1183	0	9
2025-11-06	15:45:00	4013.31	4016.02	4012.0	4012.1	1128	0	16
2025-11-06	16:00:00	4012.12	4013.83	4005.16	4008.32	1274	0	13
2025-11-06	16:15:00	4008.33	4008.33	3988.62	3991.74	1369	0	5
2025-11-06	16:30:00	3991.39	4002.74	3990.62	3998.11	1412	0	5
2025-11-06	16:45:00	3998.34	4000.87	3992.83	3993.06	1343	0	5
2025-11-06	17:00:00	3992.15	3993.66	3978.33	3982.56	1460	0	5
2025-11-06	17:15:00	3982.68	3991.14	3981.85	3986.7	1363	0	16
2025-11-06	17:30:00	3986.94	3987.21	3975.6	3978.36	1405	0	8
2025-11-06	17:45:00	3978.42	3983.87	3976.98	3980.25	1349	0	8
2025-11-06	18:00:00	3980.23	3986.11	3979.83	3982.0	1344	0	8
2025-11-06	18:15:00	3981.87	3983.79	3976.55	3983.69	1319	0	5
2025-11-06	18:30:00	3983.55	3983.84	3976.55	3979.19	1297	0	5
2025-11-06	18:45:00	3979.18	3984.67	3977.86	3980.9	1258	0	14
2025-11-06	19:00:00	3981.3	3985.37	3978.21	3978.51	1277	0	17
2025-11-06	19:15:00	3978.65	3979.23	3965.73	3969.94	1384	0	6
2025-11-06	19:30:00	3969.75	3982.53	3967.88	3981.88	1309	0	16
2025-11-06	19:45:00	3981.93	3987.88	3981.45	3986.4	1285	0	5
2025-11-06	20:00:00	3986.48	3986.7	3980.33	3984.04	1218	0	8
2025-11-06	20:15:00	3983.99	3989.35	3982.1	3983.29	1224	0	5
2025-11-06	20:30:00	3983.71	3991.12	3983.71	3989.43	1120	0	16
2025-11-06	20:45:00	3989.44	3990.51	3986.36	3987.72	1139	0	16
2025-11-06	21:00:00	3987.82	3995.19	3986.63	3995.09	1226	0	5
2025-11-06	21:15:00	3995.21	3995.23	3992.22	3992.35	1130	0	16
2025-11-06	21:30:00	3992.43	3992.72	3988.31	3989.44	1108	0	5
2025-11-06	21:45:00	3989.46	3990.17	3983.12	3985.32	1207	0	5
2025-11-06	22:00:00	3985.09	3987.22	3982.66	3984.61	1099	0	10
2025-11-06	22:15:00	3984.6	3985.14	3982.03	3982.6	1135	0	7
2025-11-06	22:30:00	3982.67	3986.79	3982.57	3984.01	1154	0	17
2025-11-06	22:45:00	3983.97	3983.97	3979.44	3980.73	1358	0	16
2025-11-06	23:00:00	3980.39	3982.13	3977.99	3981.27	919	0	16
2025-11-06	23:15:00	3981.25	3981.7	3978.44	3980.6	636	0	16
2025-11-06	23:30:00	3980.62	3981.08	3978.39	3978.77	730	0	17
2025-11-06	23:45:00	3978.8	3979.24	3976.51	3976.88	561	0	17
2025-11-07	01:00:00	3976.1	3983.09	3974.49	3981.22	838	0	5
2025-11-07	01:15:00	3981.21	3985.19	3980.79	3983.51	662	0	5
2025-11-07	01:30:00	3983.52	3987.8	3981.89	3986.01	858	0	5
2025-11-07	01:45:00	3986.01	3989.69	3985.99	3989.18	765	0	16
2025-11-07	02:00:00	3988.96	3989.73	3984.57	3987.23	976	0	16
2025-11-07	02:15:00	3987.24	3992.63	3986.65	3991.63	989	0	7
2025-11-07	02:30:00	3991.64	3994.33	3989.54	3990.87	1096	0	5
2025-11-07	02:45:00	3991.05	3991.37	3987.97	3988.66	979	0	5
2025-11-07	03:00:00	3988.61	4000.14	3987.32	3998.98	1374	0	5
2025-11-07	03:15:00	3998.88	4001.76	3996.84	3997.45	1232	0	16
2025-11-07	03:30:00	3997.51	4002.72	3994.99	4002.04	1190	0	14
2025-11-07	03:45:00	4002.09	4002.79	3999.25	4001.72	1004	0	11
2025-11-07	04:00:00	4001.87	4003.6	3998.04	3998.07	1022	0	16
2025-11-07	04:15:00	3998.03	3998.12	3994.26	3995.62	989	0	16
2025-11-07	04:30:00	3995.55	3998.73	3991.41	3993.08	1092	0	16
2025-11-07	04:45:00	3992.91	3997.4	3992.91	3995.36	968	0	16
2025-11-07	05:00:00	3995.24	3996.46	3988.3	3991.16	1037	0	17
2025-11-07	05:15:00	3991.17	3993.38	3988.7	3992.63	987	0	17
2025-11-07	05:30:00	3992.49	3995.27	3991.05	3994.76	791	0	17
2025-11-07	05:45:00	3994.75	3994.85	3989.7	3990.46	859	0	16
2025-11-07	06:00:00	3990.41	3993.07	3985.59	3991.1	1004	0	14
2025-11-07	06:15:00	3991.1	3997.8	3990.52	3996.43	958	0	16
2025-11-07	06:30:00	3996.47	3997.47	3993.57	3995.44	820	0	15
2025-11-07	06:45:00	3995.43	3998.61	3995.01	3998.42	729	0	17
2025-11-07	07:00:00	3998.57	3998.82	3996.41	3997.75	792	0	16
2025-11-07	07:15:00	3997.74	3997.77	3991.98	3994.13	907	0	16
2025-11-07	07:30:00	3994.12	3998.03	3994.06	3996.5	1053	0	5
2025-11-07	07:45:00	3996.53	3997.76	3993.49	3995.22	1069	0	9
2025-11-07	08:00:00	3995.18	3997.03	3992.51	3995.31	1073	0	5
2025-11-07	08:15:00	3995.35	4000.04	3994.67	3998.3	1010	0	16
2025-11-07	08:30:00	3998.05	4003.04	3996.22	4001.36	1129	0	5
2025-11-07	08:45:00	4001.45	4008.39	4001.34	4006.84	1115	0	16
2025-11-07	09:00:00	4007.31	4010.08	4005.41	4007.78	1113	0	5
2025-11-07	09:15:00	4007.8	4009.81	4003.04	4003.79	1137	0	16
2025-11-07	09:30:00	4003.69	4006.93	4003.56	4005.66	1040	0	16
2025-11-07	09:45:00	4005.65	4008.13	4003.07	4007.86	854	0	5
2025-11-07	10:00:00	4008.54	4010.22	4005.18	4009.72	1147	0	5
2025-11-07	10:15:00	4009.7	4009.8	4004.14	4005.66	990	0	5
2025-11-07	10:30:00	4005.59	4008.74	4003.6	4005.66	1081	0	10
2025-11-07	10:45:00	4005.55	4010.25	4005.14	4009.69	1039	0	16
2025-11-07	11:00:00	4009.77	4011.49	4008.22	4010.73	1049	0	5
2025-11-07	11:15:00	4010.73	4014.17	4009.61	4010.15	1087	0	16
2025-11-07	11:30:00	4010.17	4011.37	4003.56	4006.35	1067	0	7
2025-11-07	11:45:00	4006.34	4009.44	4005.47	4006.49	999	0	16
2025-11-07	12:00:00	4006.48	4008.91	4005.86	4006.2	974	0	5
2025-11-07	12:15:00	4006.09	4009.37	4002.78	4006.02	1131	0	7
2025-11-07	12:30:00	4005.96	4006.82	4003.14	4004.21	954	0	17
2025-11-07	12:45:00	4004.25	4009.11	4004.24	4007.88	990	0	5
2025-11-07	13:00:00	4007.89	4012.33	4002.45	4003.44	1083	0	16
2025-11-07	13:15:00	4003.51	4007.78	3998.12	3999.2	1238	0	16
2025-11-07	13:30:00	3999.26	3999.79	3993.57	3998.35	1248	0	7
2025-11-07	13:45:00	3998.35	4004.28	3998.35	4002.9	1166	0	9
2025-11-07	14:00:00	4002.87	4008.37	4002.08	4005.72	1194	0	12
2025-11-07	14:15:00	4005.75	4006.19	3998.26	3998.44	1177	0	5
2025-11-07	14:30:00	3998.21	3999.24	3994.85	3996.32	1225	0	8
2025-11-07	14:45:00	3996.4	3998.32	3991.62	3995.89	1227	0	16
2025-11-07	15:00:00	3996.03	4000.68	3992.21	3995.94	1330	0	16
2025-11-07	15:15:00	3995.96	4001.8	3995.24	3996.89	1209	0	8
2025-11-07	15:30:00	3996.68	3997.39	3991.66	3993.89	1276	0	16
2025-11-07	15:45:00	3993.88	3999.72	3993.1	3997.7	1239	0	6
2025-11-07	16:00:00	3997.65	4004.22	3995.58	4002.81	1230	0	16
2025-11-07	16:15:00	4002.84	4007.49	3999.92	4000.65	1273	0	10
2025-11-07	16:30:00	4000.53	4000.53	3984.48	3990.56	1535	0	5
2025-11-07	16:45:00	3989.95	3995.53	3986.12	3993.02	1427	0	5
2025-11-07	17:00:00	3993.19	3999.29	3990.68	3990.9	1433	0	5
2025-11-07	17:15:00	3991.14	3994.69	3988.02	3993.15	1344	0	15
2025-11-07	17:30:00	3993.22	3995.48	3986.01	3986.57	1343	0	16
2025-11-07	17:45:00	3986.81	3992.88	3984.32	3990.99	1273	0	11
2025-11-07	18:00:00	3990.99	4000.37	3990.0	3999.35	1336	0	6
2025-11-07	18:15:00	3999.35	4009.31	3995.56	4007.96	1350	0	7
2025-11-07	18:30:00	4007.97	4027.79	4007.97	4020.57	1488	0	5
2025-11-07	18:45:00	4021.32	4022.16	4006.58	4007.76	1393	0	5
2025-11-07	19:00:00	4007.4	4009.91	3995.34	3999.89	1452	0	7
2025-11-07	19:15:00	3999.57	4001.34	3992.06	3997.75	1363	0	11
2025-11-07	19:30:00	3997.1	3999.62	3994.0	3998.98	1239	0	17
2025-11-07	19:45:00	3998.87	4006.46	3996.97	4005.4	1296	0	5
2025-11-07	20:00:00	4005.64	4008.93	4003.29	4004.91	1250	0	6
2025-11-07	20:15:00	4004.89	4006.54	3999.79	4002.77	1213	0	5
2025-11-07	20:30:00	4002.59	4007.08	4001.48	4006.09	1186	0	5
2025-11-07	20:45:00	4006.01	4007.52	4003.9	4005.47	1174	0	17
2025-11-07	21:00:00	4005.67	4008.88	4003.43	4008.0	1169	0	5
2025-11-07	21:15:00	4007.97	4008.77	4005.51	4006.48	997	0	5
2025-11-07	21:30:00	4006.53	4007.99	4001.98	4003.06	1239	0	5
2025-11-07	21:45:00	4003.02	4008.17	4001.77	4006.87	1219	0	12
2025-11-07	22:00:00	4006.47	4007.3	4003.68	4005.05	1179	0	16
2025-11-07	22:15:00	4005.08	4005.46	3994.18	3998.45	1302	0	16
2025-11-07	22:30:00	3998.38	4003.79	3997.18	4001.14	1305	0	16
2025-11-07	22:45:00	4001.13	4005.89	3999.08	4004.08	1239	0	10
2025-11-07	23:00:00	4003.43	4005.08	4002.62	4002.67	597	0	12
2025-11-07	23:15:00	4002.72	4002.95	4001.13	4001.95	462	0	16
2025-11-07	23:30:00	4001.97	4002.29	3999.05	4000.54	435	0	10
2025-11-07	23:45:00	4000.59	4002.19	3998.48	4000.79	457	0	17
2025-11-10	01:00:00	3999.57	4011.63	3997.76	4010.75	1529	0	8
2025-11-10	01:15:00	4010.48	4011.56	4004.46	4008.92	1070	0	17
2025-11-10	01:30:00	4008.81	4009.26	4003.6	4007.23	928	0	5
2025-11-10	01:45:00	4007.29	4012.09	4005.11	4011.81	926	0	18
2025-11-10	02:00:00	4011.83	4017.03	4011.21	4015.78	1288	0	11
2025-11-10	02:15:00	4015.77	4017.06	4014.33	4016.45	928	0	17
2025-11-10	02:30:00	4016.43	4017.51	4011.31	4016.37	1143	0	16
2025-11-10	02:45:00	4016.39	4023.67	4016.29	4020.34	1312	0	5
2025-11-10	03:00:00	4020.22	4029.12	4019.14	4026.69	1535	0	5
2025-11-10	03:15:00	4026.86	4052.1	4026.86	4047.98	1651	0	10
2025-11-10	03:30:00	4047.92	4053.31	4045.66	4050.79	1629	0	9
2025-11-10	03:45:00	4050.91	4052.77	4041.54	4044.01	1610	0	6
2025-11-10	04:00:00	4043.97	4047.21	4037.57	4044.48	1495	0	16
2025-11-10	04:15:00	4044.48	4048.21	4039.81	4041.0	1242	0	5
2025-11-10	04:30:00	4040.99	4046.38	4038.4	4044.5	1434	0	11
2025-11-10	04:45:00	4044.57	4049.0	4043.59	4048.09	1113	0	7
2025-11-10	05:00:00	4048.11	4048.11	4045.22	4045.81	989	0	18
2025-11-10	05:15:00	4045.82	4051.99	4044.92	4050.65	1143	0	5
2025-11-10	05:30:00	4050.78	4052.9	4050.05	4050.36	1107	0	17
2025-11-10	05:45:00	4050.35	4051.3	4047.37	4050.25	1057	0	16
2025-11-10	06:00:00	4050.16	4056.69	4050.07	4056.21	1192	0	5
2025-11-10	06:15:00	4056.08	4056.8	4052.78	4053.66	1112	0	5
2025-11-10	06:30:00	4053.87	4055.47	4052.43	4052.61	941	0	5
2025-11-10	06:45:00	4052.68	4054.63	4049.85	4054.11	1028	0	17
2025-11-10	07:00:00	4054.17	4054.17	4050.15	4050.17	879	0	16
2025-11-10	07:15:00	4050.19	4056.03	4050.18	4055.27	1036	0	8
2025-11-10	07:30:00	4055.38	4064.98	4055.14	4062.83	1465	0	8
2025-11-10	07:45:00	4062.75	4069.6	4061.89	4069.18	1362	0	10
2025-11-10	08:00:00	4069.2	4070.98	4067.12	4067.74	1407	0	8
2025-11-10	08:15:00	4067.8	4074.25	4067.8	4072.98	1321	0	5
2025-11-10	08:30:00	4072.97	4078.6	4070.94	4073.26	1422	0	13
2025-11-10	08:45:00	4073.3	4076.2	4070.1	4075.08	1322	0	8
2025-11-10	09:00:00	4074.88	4078.68	4072.96	4078.46	1215	0	11
2025-11-10	09:15:00	4078.56	4079.21	4072.05	4075.51	1233	0	16
2025-11-10	09:30:00	4075.55	4078.98	4074.14	4075.51	1160	0	13
2025-11-10	09:45:00	4075.49	4078.51	4074.05	4075.45	1154	0	16
2025-11-10	10:00:00	4075.43	4083.3	4075.07	4079.3	1439	0	9
2025-11-10	10:15:00	4079.29	4081.0	4074.66	4080.32	1303	0	6
2025-11-10	10:30:00	4080.15	4085.28	4078.24	4078.84	1301	0	16
2025-11-10	10:45:00	4078.81	4082.98	4078.18	4082.18	1210	0	17
2025-11-10	11:00:00	4082.43	4083.4	4074.7	4075.01	1257	0	16
2025-11-10	11:15:00	4074.93	4080.34	4071.77	4079.91	1319	0	5
2025-11-10	11:30:00	4079.92	4086.01	4078.17	4080.98	1289	0	16
2025-11-10	11:45:00	4081.04	4082.43	4076.2	4076.66	1178	0	8
2025-11-10	12:00:00	4076.79	4081.43	4076.72	4081.26	1064	0	16
2025-11-10	12:15:00	4081.27	4082.71	4077.61	4077.96	1113	0	5
2025-11-10	12:30:00	4077.71	4083.51	4077.61	4078.19	1199	0	5
2025-11-10	12:45:00	4078.14	4081.05	4076.13	4080.77	1164	0	18
2025-11-10	13:00:00	4080.82	4082.08	4075.76	4077.97	1284	0	13
2025-11-10	13:15:00	4077.98	4080.23	4077.23	4078.91	970	0	5
2025-11-10	13:30:00	4078.98	4083.64	4078.58	4082.61	1010	0	5
2025-11-10	13:45:00	4082.65	4085.35	4080.96	4085.29	1106	0	17
2025-11-10	14:00:00	4085.51	4089.97	4084.15	4089.86	1339	0	5
2025-11-10	14:15:00	4089.97	4095.59	4087.96	4094.2	1460	0	7
2025-11-10	14:30:00	4094.37	4096.62	4093.75	4094.65	1274	0	7
2025-11-10	14:45:00	4094.72	4100.15	4093.59	4097.65	1349	0	6
2025-11-10	15:00:00	4097.58	4105.71	4097.09	4103.01	1604	0	5
2025-11-10	15:15:00	4102.94	4105.13	4098.75	4101.94	1500	0	5
2025-11-10	15:30:00	4102.01	4103.34	4095.31	4098.06	1462	0	17
2025-11-10	15:45:00	4097.79	4098.16	4090.23	4091.75	1448	0	10
2025-11-10	16:00:00	4091.82	4094.14	4084.03	4086.74	1507	0	5
2025-11-10	16:15:00	4086.6	4088.66	4082.07	4086.26	1469	0	7
2025-11-10	16:30:00	4085.27	4085.34	4074.77	4080.82	1679	0	12
2025-11-10	16:45:00	4080.75	4086.84	4078.25	4083.69	1609	0	16
2025-11-10	17:00:00	4083.96	4093.03	4083.73	4087.56	1564	0	11
2025-11-10	17:15:00	4087.42	4094.23	4086.83	4089.25	1543	0	16
2025-11-10	17:30:00	4088.76	4089.44	4082.99	4087.64	1543	0	8
2025-11-10	17:45:00	4087.65	4087.7	4078.16	4084.82	1570	0	5
2025-11-10	18:00:00	4084.72	4091.69	4082.06	4091.25	1518	0	16
2025-11-10	18:15:00	4091.29	4093.28	4089.84	4093.07	1344	0	13
2025-11-10	18:30:00	4093.34	4095.68	4090.21	4091.04	1407	0	7
2025-11-10	18:45:00	4091.1	4095.5	4088.67	4094.9	1349	0	5
2025-11-10	19:00:00	4095.04	4098.06	4093.99	4096.17	1365	0	17
2025-11-10	19:15:00	4096.25	4098.21	4093.44	4096.91	1275	0	17
2025-11-10	19:30:00	4096.98	4098.06	4094.01	4094.73	1267	0	15
2025-11-10	19:45:00	4094.74	4102.51	4094.54	4102.41	1336	0	5
2025-11-10	20:00:00	4102.39	4105.0	4101.44	4104.69	1319	0	5
2025-11-10	20:15:00	4104.66	4114.36	4104.56	4114.1	1440	0	5
2025-11-10	20:30:00	4114.26	4115.82	4107.3	4109.07	1421	0	5
2025-11-10	20:45:00	4109.08	4110.32	4105.69	4110.1	1328	0	5
2025-11-10	21:00:00	4110.4	4114.54	4107.94	4113.25	1404	0	16
2025-11-10	21:15:00	4113.36	4115.79	4110.1	4114.42	1258	0	17
2025-11-10	21:30:00	4114.4	4114.63	4110.68	4110.69	1218	0	5
2025-11-10	21:45:00	4110.68	4113.8	4109.46	4113.14	1361	0	5
2025-11-10	22:00:00	4113.16	4114.55	4110.93	4111.95	1242	0	5
2025-11-10	22:15:00	4111.96	4112.75	4106.59	4111.39	1435	0	9
2025-11-10	22:30:00	4111.06	4113.02	4108.2	4112.98	1306	0	8
2025-11-10	22:45:00	4113.14	4113.21	4108.13	4111.65	1426	0	13
2025-11-10	23:00:00	4111.79	4113.05	4110.51	4111.63	636	0	17
2025-11-10	23:15:00	4111.65	4114.75	4111.65	4112.49	540	0	16
2025-11-10	23:30:00	4112.45	4114.08	4111.64	4113.93	590	0	8
2025-11-10	23:45:00	4113.98	4116.69	4113.45	4115.73	607	0	10
2025-11-11	01:00:00	4115.49	4120.67	4115.06	4119.35	958	0	5
2025-11-11	01:15:00	4119.3	4121.0	4116.0	4120.32	876	0	17
2025-11-11	01:30:00	4120.53	4120.55	4118.34	4120.1	821	0	16
2025-11-11	01:45:00	4120.1	4122.49	4117.33	4119.99	1018	0	13
2025-11-11	02:00:00	4120.37	4120.51	4116.21	4119.73	911	0	14
2025-11-11	02:15:00	4119.7	4126.09	4119.7	4124.74	1020	0	15
2025-11-11	02:30:00	4124.75	4129.44	4124.64	4129.37	1106	0	8
2025-11-11	02:45:00	4129.21	4133.61	4127.74	4130.84	1213	0	6
2025-11-11	03:00:00	4130.99	4135.25	4127.83	4132.55	1367	0	12
2025-11-11	03:15:00	4132.41	4137.55	4130.5	4137.27	1287	0	16
2025-11-11	03:30:00	4137.07	4140.99	4135.84	4135.96	1273	0	5
2025-11-11	03:45:00	4135.82	4136.95	4130.89	4136.29	1268	0	10
2025-11-11	04:00:00	4136.26	4137.19	4130.75	4134.67	1052	0	5
2025-11-11	04:15:00	4134.67	4137.75	4132.11	4134.12	1040	0	5
2025-11-11	04:30:00	4134.18	4138.85	4129.72	4138.85	1163	0	16
2025-11-11	04:45:00	4138.98	4139.48	4134.27	4137.95	1110	0	17
2025-11-11	05:00:00	4137.93	4144.19	4136.99	4143.12	1083	0	9
2025-11-11	05:15:00	4143.14	4145.68	4143.06	4144.31	1036	0	16
2025-11-11	05:30:00	4144.0	4148.01	4143.42	4144.96	1074	0	5
2025-11-11	05:45:00	4144.96	4147.06	4144.28	4146.84	931	0	17
2025-11-11	06:00:00	4146.78	4148.7	4142.45	4143.09	1016	0	16
2025-11-11	06:15:00	4143.2	4144.57	4142.39	4144.36	796	0	17
2025-11-11	06:30:00	4144.14	4146.28	4142.09	4142.15	848	0	16
2025-11-11	06:45:00	4142.2	4146.14	4141.97	4143.17	898	0	7
2025-11-11	07:00:00	4143.24	4144.27	4134.88	4140.62	1103	0	5
2025-11-11	07:15:00	4140.75	4142.09	4135.12	4136.06	1034	0	16
2025-11-11	07:30:00	4136.19	4136.93	4124.16	4129.85	1259	0	16
2025-11-11	07:45:00	4129.26	4135.38	4128.41	4130.98	1131	0	5
2025-11-11	08:00:00	4130.71	4134.29	4126.94	4133.98	1144	0	17
2025-11-11	08:15:00	4133.81	4137.92	4132.81	4137.41	973	0	6
2025-11-11	08:30:00	4137.44	4137.54	4128.74	4129.5	1122	0	13
2025-11-11	08:45:00	4129.53	4132.77	4127.06	4129.81	1092	0	16
2025-11-11	09:00:00	4129.81	4131.0	4126.1	4129.72	1092	0	11
2025-11-11	09:15:00	4129.61	4133.48	4128.4	4131.23	1055	0	16
2025-11-11	09:30:00	4131.2	4131.66	4126.94	4130.83	1059	0	9
2025-11-11	09:45:00	4130.83	4132.85	4124.85	4129.65	1080	0	15
2025-11-11	10:00:00	4129.6	4137.21	4128.77	4136.82	1165	0	7
2025-11-11	10:15:00	4136.83	4137.76	4131.91	4134.8	1149	0	16
2025-11-11	10:30:00	4134.77	4134.97	4129.02	4132.22	1070	0	16
2025-11-11	10:45:00	4132.26	4137.28	4131.11	4135.65	1045	0	12
2025-11-11	11:00:00	4135.91	4143.97	4134.47	4143.12	1186	0	5
2025-11-11	11:15:00	4143.14	4144.24	4140.95	4143.74	1046	0	6
2025-11-11	11:30:00	4143.78	4145.08	4142.77	4143.6	921	0	5
2025-11-11	11:45:00	4143.57	4146.16	4141.8	4141.86	937	0	5
2025-11-11	12:00:00	4141.86	4142.67	4137.5	4141.18	1129	0	5
2025-11-11	12:15:00	4141.2	4144.03	4140.35	4142.15	920	0	14
2025-11-11	12:30:00	4142.14	4142.14	4136.91	4139.57	1054	0	10
2025-11-11	12:45:00	4139.63	4144.08	4139.4	4141.82	975	0	13
2025-11-11	13:00:00	4142.05	4143.63	4139.8	4140.08	950	0	9
2025-11-11	13:15:00	4140.08	4143.73	4139.06	4141.46	1030	0	16
2025-11-11	13:30:00	4140.95	4144.39	4139.37	4142.16	897	0	17
2025-11-11	13:45:00	4142.12	4144.46	4141.45	4142.85	997	0	16
2025-11-11	14:00:00	4143.2	4144.08	4137.42	4138.93	1101	0	16
2025-11-11	14:15:00	4138.97	4140.84	4136.74	4138.9	1072	0	16
2025-11-11	14:30:00	4138.94	4141.71	4137.84	4141.19	962	0	13
2025-11-11	14:45:00	4141.17	4141.21	4133.25	4134.3	1128	0	13
2025-11-11	15:00:00	4134.05	4140.73	4133.93	4139.89	1186	0	8
2025-11-11	15:15:00	4140.29	4143.68	4138.12	4141.49	1157	0	17
2025-11-11	15:30:00	4141.41	4146.63	4139.43	4141.78	1207	0	5
2025-11-11	15:45:00	4141.86	4145.54	4141.16	4142.44	1063	0	6
2025-11-11	16:00:00	4142.48	4143.13	4136.79	4139.2	1152	0	5
2025-11-11	16:15:00	4139.21	4140.08	4128.74	4130.17	1264	0	8
2025-11-11	16:30:00	4130.28	4133.46	4123.19	4132.67	1350	0	16
2025-11-11	16:45:00	4132.85	4134.18	4119.99	4125.09	1346	0	5
2025-11-11	17:00:00	4124.57	4126.38	4117.9	4121.01	1318	0	6
2025-11-11	17:15:00	4121.01	4121.2	4097.16	4101.62	1375	0	7
2025-11-11	17:30:00	4100.29	4107.99	4097.18	4107.87	1347	0	5
2025-11-11	17:45:00	4107.83	4111.79	4104.44	4106.52	1319	0	17
2025-11-11	18:00:00	4106.32	4113.58	4105.47	4113.38	1265	0	5
2025-11-11	18:15:00	4113.5	4114.88	4108.01	4109.38	1180	0	5
2025-11-11	18:30:00	4109.38	4114.58	4105.12	4113.98	1230	0	9
2025-11-11	18:45:00	4114.0	4115.59	4111.1	4113.12	1123	0	8
2025-11-11	19:00:00	4113.07	4118.0	4112.16	4115.81	1096	0	9
2025-11-11	19:15:00	4115.83	4117.45	4111.72	4114.37	1143	0	16
2025-11-11	19:30:00	4114.23	4114.85	4110.73	4113.82	1064	0	8
2025-11-11	19:45:00	4113.74	4116.35	4112.26	4114.34	1049	0	17
2025-11-11	20:00:00	4114.43	4116.27	4109.34	4109.64	1069	0	16
2025-11-11	20:15:00	4109.74	4114.91	4109.35	4110.44	1137	0	16
2025-11-11	20:30:00	4110.53	4111.66	4106.75	4109.6	1095	0	8
2025-11-11	20:45:00	4109.75	4114.93	4109.05	4114.06	1066	0	16
2025-11-11	21:00:00	4113.75	4117.51	4112.07	4117.2	1068	0	5
2025-11-11	21:15:00	4117.3	4118.72	4116.5	4117.62	1023	0	13
2025-11-11	21:30:00	4117.75	4122.08	4117.5	4121.66	1050	0	7
2025-11-11	21:45:00	4121.68	4126.22	4120.59	4123.13	1096	0	8
2025-11-11	22:00:00	4123.03	4127.38	4122.53	4127.24	1080	0	12
2025-11-11	22:15:00	4127.24	4128.58	4124.23	4125.72	1159	0	7
2025-11-11	22:30:00	4125.69	4130.7	4124.39	4129.48	1085	0	15
2025-11-11	22:45:00	4129.58	4132.05	4128.55	4129.58	1110	0	5
2025-11-11	23:00:00	4129.48	4130.56	4128.2	4130.12	714	0	16
2025-11-11	23:15:00	4130.14	4131.38	4127.41	4128.88	766	0	5
2025-11-11	23:30:00	4128.88	4129.33	4126.47	4128.54	609	0	16
2025-11-11	23:45:00	4128.46	4128.46	4125.72	4126.55	498	0	5
2025-11-12	01:00:00	4127.42	4133.39	4127.17	4133.3	996	0	16
2025-11-12	01:15:00	4133.35	4139.3	4133.03	4138.37	1112	0	16
2025-11-12	01:30:00	4138.43	4143.69	4136.16	4143.42	1219	0	6
2025-11-12	01:45:00	4143.37	4144.65	4141.53	4142.66	1114	0	7
2025-11-12	02:00:00	4142.67	4145.39	4138.99	4143.77	1202	0	16
2025-11-12	02:15:00	4143.85	4144.37	4139.58	4141.66	1019	0	16
2025-11-12	02:30:00	4141.66	4144.27	4140.5	4141.69	1151	0	16
2025-11-12	02:45:00	4141.72	4142.81	4131.84	4133.02	1435	0	16
2025-11-12	03:00:00	4133.17	4137.36	4127.85	4134.72	1489	0	5
2025-11-12	03:15:00	4134.77	4134.79	4129.16	4130.67	1383	0	5
2025-11-12	03:30:00	4130.77	4133.93	4126.31	4133.93	1380	0	17
2025-11-12	03:45:00	4133.79	4135.68	4130.5	4131.61	1305	0	16
2025-11-12	04:00:00	4131.6	4135.43	4130.76	4134.05	1135	0	16
2025-11-12	04:15:00	4134.04	4135.0	4131.03	4131.6	1011	0	16
2025-11-12	04:30:00	4131.61	4131.61	4120.84	4125.25	1416	0	16
2025-11-12	04:45:00	4125.15	4126.25	4119.03	4123.97	1407	0	6
2025-11-12	05:00:00	4123.92	4125.26	4116.81	4122.88	1383	0	8
2025-11-12	05:15:00	4122.93	4123.72	4119.29	4119.41	1271	0	16
2025-11-12	05:30:00	4119.38	4121.61	4117.95	4120.34	1047	0	16
2025-11-12	05:45:00	4120.38	4121.4	4111.87	4111.95	1297	0	5
2025-11-12	06:00:00	4111.86	4113.21	4103.67	4109.96	1417	0	17
2025-11-12	06:15:00	4109.95	4111.62	4105.02	4111.55	1227	0	15
2025-11-12	06:30:00	4111.56	4112.15	4105.84	4107.53	1275	0	9
2025-11-12	06:45:00	4107.55	4112.15	4107.35	4110.36	1110	0	5
2025-11-12	07:00:00	4110.49	4110.91	4105.91	4107.95	1041	0	16
2025-11-12	07:15:00	4107.93	4109.64	4105.09	4105.37	1093	0	16
2025-11-12	07:30:00	4105.36	4107.89	4099.01	4105.21	1427	0	16
2025-11-12	07:45:00	4105.18	4107.4	4102.22	4104.67	1296	0	16
2025-11-12	08:00:00	4104.68	4109.58	4103.24	4106.06	1313	0	17
2025-11-12	08:15:00	4106.15	4115.91	4106.06	4115.03	1334	0	16
2025-11-12	08:30:00	4115.07	4118.99	4112.03	4116.92	1343	0	5
2025-11-12	08:45:00	4117.04	4118.67	4113.13	4118.27	1214	0	15
2025-11-12	09:00:00	4118.24	4125.45	4115.42	4124.53	1325	0	8
2025-11-12	09:15:00	4124.57	4125.38	4121.31	4123.91	1177	0	5
2025-11-12	09:30:00	4123.97	4124.04	4113.66	4114.31	1274	0	16
2025-11-12	09:45:00	4114.34	4119.01	4113.35	4117.02	1256	0	15
2025-11-12	10:00:00	4117.24	4119.45	4112.2	4118.53	1371	0	5
2025-11-12	10:15:00	4118.4	4130.4	4117.18	4128.0	1440	0	5
2025-11-12	10:30:00	4127.94	4133.02	4126.13	4128.52	1272	0	10
2025-11-12	10:45:00	4128.6	4132.88	4128.6	4131.26	1203	0	16
2025-11-12	11:00:00	4131.23	4133.6	4127.25	4128.52	1203	0	16
2025-11-12	11:15:00	4128.99	4132.82	4124.81	4127.52	1313	0	14
2025-11-12	11:30:00	4127.48	4129.65	4124.0	4126.19	1332	0	12
2025-11-12	11:45:00	4126.22	4126.73	4120.41	4124.63	1357	0	6
2025-11-12	12:00:00	4124.64	4126.4	4121.82	4125.55	1166	0	16
2025-11-12	12:15:00	4125.54	4128.38	4120.13	4120.7	1261	0	12
2025-11-12	12:30:00	4120.75	4127.51	4118.14	4125.64	1324	0	15
2025-11-12	12:45:00	4125.66	4128.98	4124.4	4127.73	1190	0	16
2025-11-12	13:00:00	4127.8	4131.06	4126.59	4131.05	1111	0	10
2025-11-12	13:15:00	4130.99	4131.05	4123.07	4124.2	1252	0	10
2025-11-12	13:30:00	4124.09	4128.65	4123.55	4128.4	1254	0	16
2025-11-12	13:45:00	4128.38	4128.98	4123.71	4126.24	1288	0	16
2025-11-12	14:00:00	4126.05	4130.85	4124.87	4130.5	1298	0	14
2025-11-12	14:15:00	4130.62	4137.61	4130.08	4136.57	1405	0	16
2025-11-12	14:30:00	4136.55	4139.77	4133.83	4134.43	1453	0	8
2025-11-12	14:45:00	4134.4	4137.22	4129.57	4130.18	1314	0	6
2025-11-12	15:00:00	4130.27	4131.43	4123.13	4125.71	1541	0	16
2025-11-12	15:15:00	4125.56	4129.94	4123.14	4127.75	1485	0	6
2025-11-12	15:30:00	4127.66	4132.6	4126.49	4129.17	1427	0	10
2025-11-12	15:45:00	4129.17	4131.41	4124.43	4127.04	1384	0	16
2025-11-12	16:00:00	4127.18	4138.0	4126.76	4134.79	1505	0	16
2025-11-12	16:15:00	4134.84	4136.49	4131.67	4131.79	1490	0	7
2025-11-12	16:30:00	4131.66	4138.9	4125.19	4136.37	1649	0	5
2025-11-12	16:45:00	4136.18	4140.05	4131.86	4136.67	1606	0	14
2025-11-12	17:00:00	4136.22	4162.12	4134.76	4161.62	1624	0	5
2025-11-12	17:15:00	4161.66	4172.14	4159.78	4166.67	1638	0	5
2025-11-12	17:30:00	4167.03	4180.78	4166.32	4178.95	1610	0	13
2025-11-12	17:45:00	4179.08	4185.87	4175.24	4181.47	1601	0	9
2025-11-12	18:00:00	4181.44	4188.45	4180.14	4183.76	1551	0	5
2025-11-12	18:15:00	4184.1	4187.47	4180.73	4186.76	1504	0	5
2025-11-12	18:30:00	4186.82	4195.85	4186.19	4193.25	1618	0	5
2025-11-12	18:45:00	4193.38	4197.94	4187.44	4196.38	1542	0	8
2025-11-12	19:00:00	4196.53	4202.44	4195.85	4198.77	1542	0	5
2025-11-12	19:15:00	4199.18	4199.51	4192.2	4196.48	1516	0	16
2025-11-12	19:30:00	4196.3	4206.43	4195.74	4202.52	1520	0	5
2025-11-12	19:45:00	4202.7	4204.25	4199.26	4199.28	1430	0	5
2025-11-12	20:00:00	4199.44	4201.69	4191.07	4199.8	1492	0	16
2025-11-12	20:15:00	4199.91	4211.86	4197.91	4206.73	1513	0	5
2025-11-12	20:30:00	4207.71	4210.73	4206.09	4208.74	1327	0	9
2025-11-12	20:45:00	4208.54	4210.41	4206.65	4206.92	1305	0	5
2025-11-12	21:00:00	4206.92	4210.03	4194.16	4195.32	1426	0	5
2025-11-12	21:15:00	4195.68	4200.29	4192.3	4194.02	1430	0	16
2025-11-12	21:30:00	4194.05	4200.41	4194.02	4195.02	1421	0	16
2025-11-12	21:45:00	4195.1	4199.82	4195.03	4197.54	1386	0	9
2025-11-12	22:00:00	4197.51	4198.13	4190.98	4197.66	1506	0	16
2025-11-12	22:15:00	4197.66	4199.85	4194.01	4195.5	1434	0	18
2025-11-12	22:30:00	4195.49	4197.82	4191.98	4195.64	1379	0	7
2025-11-12	22:45:00	4195.63	4199.31	4193.44	4195.95	1321	0	5
2025-11-12	23:00:00	4195.88	4197.17	4192.75	4192.9	817	0	5
2025-11-12	23:15:00	4192.74	4198.43	4191.11	4197.63	832	0	5
2025-11-12	23:30:00	4197.74	4202.27	4196.58	4197.44	909	0	5
2025-11-12	23:45:00	4197.41	4199.6	4193.78	4195.27	790	0	10
2025-11-13	01:00:00	4196.43	4208.15	4195.17	4198.91	1512	0	17
2025-11-13	01:15:00	4199.03	4200.16	4194.01	4196.18	1042	0	5
2025-11-13	01:30:00	4196.17	4196.34	4187.06	4190.84	1222	0	5
2025-11-13	01:45:00	4190.92	4193.25	4189.09	4191.14	1136	0	16
2025-11-13	02:00:00	4191.04	4192.27	4186.42	4188.08	1327	0	5
2025-11-13	02:15:00	4188.09	4194.21	4187.33	4192.83	1152	0	12
2025-11-13	02:30:00	4192.75	4205.85	4192.73	4201.89	1459	0	6
2025-11-13	02:45:00	4201.81	4208.83	4198.44	4206.19	1476	0	17
2025-11-13	03:00:00	4205.96	4209.18	4190.33	4191.23	1535	0	8
2025-11-13	03:15:00	4191.27	4191.27	4179.89	4188.08	1540	0	5
2025-11-13	03:30:00	4188.06	4190.51	4180.69	4188.47	1455	0	8
2025-11-13	03:45:00	4188.38	4193.78	4181.62	4192.37	1466	0	9
2025-11-13	04:00:00	4192.38	4195.75	4188.63	4194.02	1469	0	10
2025-11-13	04:15:00	4194.13	4194.79	4186.06	4187.91	1346	0	10
2025-11-13	04:30:00	4187.91	4194.58	4183.63	4192.02	1440	0	5
2025-11-13	04:45:00	4191.93	4194.1	4185.59	4190.16	1429	0	16
2025-11-13	05:00:00	4190.13	4204.17	4190.13	4199.8	1441	0	9
2025-11-13	05:15:00	4199.99	4205.67	4196.75	4200.49	1395	0	16
2025-11-13	05:30:00	4200.86	4207.46	4200.35	4207.29	1263	0	16
2025-11-13	05:45:00	4207.31	4213.65	4206.22	4213.32	1350	0	5
2025-11-13	06:00:00	4213.25	4219.56	4209.45	4217.65	1318	0	5
2025-11-13	06:15:00	4217.43	4217.63	4206.85	4209.68	1229	0	5
2025-11-13	06:30:00	4209.67	4210.56	4203.47	4207.83	1253	0	13
2025-11-13	06:45:00	4207.91	4210.61	4206.01	4209.33	1274	0	12
2025-11-13	07:00:00	4209.24	4217.57	4207.29	4216.89	1327	0	9
2025-11-13	07:15:00	4217.26	4217.71	4212.18	4212.51	1225	0	5
2025-11-13	07:30:00	4212.67	4217.01	4210.09	4215.17	1430	0	5
2025-11-13	07:45:00	4215.25	4216.67	4208.25	4212.48	1421	0	5
2025-11-13	08:00:00	4212.11	4212.16	4204.87	4205.94	1373	0	16
2025-11-13	08:15:00	4205.9	4211.43	4203.37	4209.1	1395	0	16
2025-11-13	08:30:00	4209.16	4209.92	4205.55	4205.85	1245	0	17
2025-11-13	08:45:00	4205.77	4212.1	4205.12	4210.31	1246	0	17
2025-11-13	09:00:00	4210.21	4212.04	4208.46	4210.42	1240	0	16
2025-11-13	09:15:00	4210.42	4218.3	4210.05	4216.38	1287	0	18
2025-11-13	09:30:00	4216.65	4219.16	4213.21	4215.17	1291	0	17
2025-11-13	09:45:00	4215.31	4220.15	4212.66	4219.92	1282	0	12
2025-11-13	10:00:00	4219.84	4230.16	4218.78	4229.85	1509	0	5
2025-11-13	10:15:00	4230.1	4237.84	4228.48	4237.36	1476	0	6
2025-11-13	10:30:00	4237.41	4239.56	4233.38	4236.0	1368	0	16
2025-11-13	10:45:00	4236.05	4238.51	4232.14	4232.78	1301	0	7
2025-11-13	11:00:00	4232.48	4234.51	4227.85	4232.98	1346	0	6
2025-11-13	11:15:00	4232.97	4239.42	4226.85	4227.09	1355	0	16
2025-11-13	11:30:00	4227.25	4233.67	4225.1	4227.57	1330	0	10
2025-11-13	11:45:00	4227.45	4233.66	4227.16	4233.16	1211	0	7
2025-11-13	12:00:00	4233.1	4239.12	4231.73	4237.86	1164	0	16
2025-11-13	12:15:00	4237.55	4240.59	4234.99	4235.04	1309	0	9
2025-11-13	12:30:00	4235.15	4236.34	4227.73	4233.55	1347	0	5
2025-11-13	12:45:00	4233.49	4234.64	4221.91	4225.02	1337	0	16
2025-11-13	13:00:00	4225.13	4231.44	4221.83	4227.16	1296	0	10
2025-11-13	13:15:00	4227.16	4228.17	4219.47	4223.0	1371	0	16
2025-11-13	13:30:00	4223.35	4232.09	4221.9	4231.95	1258	0	5
2025-11-13	13:45:00	4231.94	4232.29	4228.13	4230.54	1248	0	5
2025-11-13	14:00:00	4230.44	4235.98	4230.07	4234.56	1272	0	5
2025-11-13	14:15:00	4234.56	4237.19	4230.57	4233.34	1248	0	6
2025-11-13	14:30:00	4233.38	4237.44	4232.06	4235.33	1150	0	17
2025-11-13	14:45:00	4235.7	4245.39	4235.56	4242.61	1331	0	5
2025-11-13	15:00:00	4242.36	4243.75	4225.91	4230.26	1635	0	6
2025-11-13	15:15:00	4230.51	4237.61	4228.52	4235.12	1408	0	7
2025-11-13	15:30:00	4235.2	4236.06	4220.12	4228.53	1549	0	16
2025-11-13	15:45:00	4228.56	4232.43	4224.07	4231.88	1344	0	16
2025-11-13	16:00:00	4232.14	4232.26	4213.69	4220.65	1607	0	7
2025-11-13	16:15:00	4220.51	4221.13	4207.68	4211.22	1551	0	5
2025-11-13	16:30:00	4210.62	4219.9	4184.8	4188.02	1722	0	5
2025-11-13	16:45:00	4188.07	4200.84	4185.4	4195.63	1707	0	5
2025-11-13	17:00:00	4195.28	4204.98	4189.57	4201.63	1617	0	5
2025-11-13	17:15:00	4201.35	4204.67	4191.71	4194.9	1604	0	8
2025-11-13	17:30:00	4194.99	4200.73	4186.6	4197.62	1597	0	13
2025-11-13	17:45:00	4197.6	4203.35	4188.51	4202.49	1564	0	5
2025-11-13	18:00:00	4202.53	4210.8	4202.26	4210.04	1533	0	5
2025-11-13	18:15:00	4210.08	4210.83	4203.27	4206.34	1475	0	10
2025-11-13	18:30:00	4206.31	4208.73	4195.88	4197.76	1530	0	5
2025-11-13	18:45:00	4197.58	4207.13	4197.44	4206.72	1478	0	11
2025-11-13	19:00:00	4207.28	4208.26	4194.17	4195.13	1503	0	7
2025-11-13	19:15:00	4195.34	4204.64	4193.32	4202.59	1540	0	5
2025-11-13	19:30:00	4202.62	4206.66	4199.55	4200.53	1421	0	5
2025-11-13	19:45:00	4200.64	4205.41	4196.55	4201.64	1430	0	5
2025-11-13	20:00:00	4201.85	4203.26	4199.99	4202.15	1421	0	5
2025-11-13	20:15:00	4202.26	4202.93	4187.66	4190.19	1467	0	5
2025-11-13	20:30:00	4190.18	4190.62	4145.36	4155.71	1840	0	5
2025-11-13	20:45:00	4155.75	4161.83	4150.23	4157.98	1577	0	5
2025-11-13	21:00:00	4157.91	4157.91	4146.27	4153.7	1552	0	5
2025-11-13	21:15:00	4153.37	4161.39	4150.61	4159.88	1470	0	6
2025-11-13	21:30:00	4159.51	4169.74	4158.11	4169.54	1462	0	5
2025-11-13	21:45:00	4169.8	4170.54	4162.37	4163.91	1415	0	11
2025-11-13	22:00:00	4163.86	4167.12	4160.33	4165.16	1527	0	7
2025-11-13	22:15:00	4165.2	4170.31	4160.82	4169.18	1489	0	5
2025-11-13	22:30:00	4169.51	4170.65	4163.55	4164.75	1369	0	5
2025-11-13	22:45:00	4164.7	4167.2	4160.85	4163.82	1472	0	16
2025-11-13	23:00:00	4163.96	4181.58	4161.11	4178.19	1246	0	5
2025-11-13	23:15:00	4178.58	4178.65	4172.73	4174.17	879	0	16
2025-11-13	23:30:00	4174.14	4176.05	4169.46	4173.05	868	0	16
2025-11-13	23:45:00	4173.04	4173.71	4170.87	4171.21	800	0	17
2025-11-14	01:00:00	4171.79	4181.58	4169.86	4176.43	1104	0	5
2025-11-14	01:15:00	4176.5	4184.83	4175.82	4179.16	934	0	5
2025-11-14	01:30:00	4179.15	4182.05	4177.25	4179.31	1015	0	5
2025-11-14	01:45:00	4179.22	4186.61	4178.77	4185.99	1098	0	5
2025-11-14	02:00:00	4186.45	4186.45	4179.19	4185.79	1111	0	7
2025-11-14	02:15:00	4185.68	4190.13	4182.51	4188.28	1062	0	5
2025-11-14	02:30:00	4188.29	4189.65	4185.61	4186.84	1107	0	16
2025-11-14	02:45:00	4186.81	4187.34	4178.3	4183.87	1190	0	5
2025-11-14	03:00:00	4183.83	4189.13	4179.52	4182.94	1275	0	12
2025-11-14	03:15:00	4182.96	4186.87	4174.35	4174.72	1292	0	16
2025-11-14	03:30:00	4174.6	4183.64	4173.82	4180.19	1271	0	16
2025-11-14	03:45:00	4180.14	4193.69	4180.14	4190.07	1281	0	6
2025-11-14	04:00:00	4190.28	4194.71	4188.55	4194.02	1185	0	6
2025-11-14	04:15:00	4194.06	4202.52	4192.34	4200.11	1195	0	9
2025-11-14	04:30:00	4199.8	4204.87	4199.73	4203.72	1240	0	5
2025-11-14	04:45:00	4203.91	4210.1	4202.79	4207.08	1236	0	16
2025-11-14	05:00:00	4207.05	4208.83	4203.48	4205.71	1161	0	13
2025-11-14	05:15:00	4205.8	4211.07	4204.53	4210.8	1098	0	17
2025-11-14	05:30:00	4210.79	4211.15	4206.98	4207.18	1049	0	17
2025-11-14	05:45:00	4207.18	4207.26	4201.49	4204.45	1174	0	5
2025-11-14	06:00:00	4204.43	4205.93	4198.57	4199.81	1077	0	11
2025-11-14	06:15:00	4200.15	4201.56	4197.16	4197.78	1081	0	5
2025-11-14	06:30:00	4197.6	4204.27	4197.21	4202.37	1123	0	6
2025-11-14	06:45:00	4202.44	4203.55	4199.85	4203.23	989	0	16
2025-11-14	07:00:00	4203.39	4203.63	4189.06	4189.62	1098	0	11
2025-11-14	07:15:00	4189.19	4189.82	4184.14	4188.3	1287	0	16
2025-11-14	07:30:00	4188.15	4196.4	4185.74	4193.86	1286	0	5
2025-11-14	07:45:00	4193.97	4195.32	4188.04	4189.96	1143	0	16
2025-11-14	08:00:00	4189.3	4193.23	4186.16	4189.76	1230	0	16
2025-11-14	08:15:00	4189.74	4190.21	4173.88	4178.28	1260	0	16
2025-11-14	08:30:00	4178.17	4184.04	4176.33	4180.48	1205	0	6
2025-11-14	08:45:00	4180.52	4180.54	4169.36	4175.1	1261	0	5
2025-11-14	09:00:00	4175.37	4177.3	4169.59	4171.63	1224	0	6
2025-11-14	09:15:00	4171.54	4173.98	4158.8	4163.4	1257	0	12
2025-11-14	09:30:00	4163.52	4174.35	4162.91	4173.92	1158	0	12
2025-11-14	09:45:00	4174.19	4182.49	4173.04	4181.06	1165	0	5
2025-11-14	10:00:00	4179.56	4182.01	4173.2	4174.44	1232	0	5
2025-11-14	10:15:00	4173.95	4184.18	4173.61	4176.97	1255	0	6
2025-11-14	10:30:00	4176.77	4186.94	4176.07	4182.84	1222	0	10
2025-11-14	10:45:00	4182.84	4183.76	4169.95	4175.94	1253	0	6
2025-11-14	11:00:00	4175.99	4180.38	4168.21	4174.57	1256	0	5
2025-11-14	11:15:00	4174.54	4177.25	4168.45	4170.17	1210	0	5
2025-11-14	11:30:00	4170.1	4171.89	4166.48	4170.8	1186	0	17
2025-11-14	11:45:00	4170.96	4171.81	4168.74	4169.27	1019	0	5
2025-11-14	12:00:00	4169.04	4170.56	4162.69	4165.46	1141	0	9
2025-11-14	12:15:00	4165.47	4170.57	4162.99	4165.34	1090	0	5
2025-11-14	12:30:00	4165.22	4168.22	4159.81	4167.28	1147	0	5
2025-11-14	12:45:00	4167.34	4170.9	4165.95	4167.84	1094	0	15
2025-11-14	13:00:00	4167.83	4169.85	4151.15	4153.0	1212	0	9
2025-11-14	13:15:00	4152.79	4152.79	4141.24	4148.73	1293	0	5
2025-11-14	13:30:00	4148.78	4157.55	4148.51	4153.69	1144	0	16
2025-11-14	13:45:00	4153.64	4153.64	4130.72	4132.68	1340	0	5
2025-11-14	14:00:00	4132.27	4140.43	4123.78	4126.0	1347	0	5
2025-11-14	14:15:00	4125.8	4128.54	4110.74	4113.39	1374	0	5
2025-11-14	14:30:00	4113.4	4119.08	4107.17	4115.91	1337	0	5
2025-11-14	14:45:00	4115.33	4119.55	4109.56	4115.59	1286	0	5
2025-11-14	15:00:00	4115.11	4118.73	4084.36	4085.73	1374	0	5
2025-11-14	15:15:00	4086.14	4091.92	4053.86	4055.49	1480	0	6
2025-11-14	15:30:00	4054.8	4063.8	4046.45	4055.07	1425	0	5
2025-11-14	15:45:00	4054.97	4057.79	4040.89	4055.93	1436	0	5
2025-11-14	16:00:00	4055.23	4055.97	4037.72	4050.34	1411	0	5
2025-11-14	16:15:00	4050.33	4060.19	4046.39	4053.29	1339	0	5
2025-11-14	16:30:00	4052.27	4072.37	4032.39	4068.19	1471	0	5
2025-11-14	16:45:00	4068.14	4083.77	4063.5	4082.58	1413	0	5
2025-11-14	17:00:00	4082.18	4082.18	4068.32	4079.16	1411	0	5
2025-11-14	17:15:00	4079.12	4082.07	4071.71	4080.91	1342	0	9
2025-11-14	17:30:00	4080.67	4083.08	4072.78	4073.51	1340	0	16
2025-11-14	17:45:00	4073.14	4096.38	4072.0	4093.65	1351	0	11
2025-11-14	18:00:00	4093.66	4095.16	4081.13	4083.84	1290	0	10
2025-11-14	18:15:00	4084.12	4103.25	4082.26	4102.32	1303	0	5
2025-11-14	18:30:00	4102.54	4111.36	4096.49	4108.32	1295	0	5
2025-11-14	18:45:00	4108.67	4109.37	4102.37	4105.05	1249	0	11
2025-11-14	19:00:00	4105.12	4110.49	4096.27	4102.59	1284	0	12
2025-11-14	19:15:00	4102.5	4103.98	4094.23	4098.86	1221	0	5
2025-11-14	19:30:00	4099.55	4110.47	4098.02	4103.43	1249	0	6
2025-11-14	19:45:00	4103.4	4104.7	4096.09	4099.64	1265	0	5
2025-11-14	20:00:00	4099.84	4100.26	4086.59	4094.74	1325	0	7
2025-11-14	20:15:00	4094.87	4095.07	4080.88	4092.92	1242	0	9
2025-11-14	20:30:00	4093.02	4103.67	4090.88	4096.9	1250	0	7
2025-11-14	20:45:00	4096.9	4102.94	4096.12	4098.17	1116	0	5
2025-11-14	21:00:00	4097.92	4099.87	4089.82	4094.99	1205	0	5
2025-11-14	21:15:00	4095.17	4097.21	4092.18	4093.64	1126	0	8
2025-11-14	21:30:00	4093.94	4095.54	4089.93	4090.12	1134	0	17
2025-11-14	21:45:00	4090.11	4095.68	4087.74	4090.05	1149	0	17
2025-11-14	22:00:00	4090.14	4092.18	4083.78	4087.4	1239	0	6
2025-11-14	22:15:00	4087.41	4088.95	4075.36	4083.6	1244	0	16
2025-11-14	22:30:00	4083.6	4092.28	4081.97	4087.67	1245	0	16
2025-11-14	22:45:00	4087.57	4091.54	4084.93	4087.31	1240	0	6
2025-11-14	23:00:00	4086.63	4086.86	4078.94	4079.7	829	0	16
2025-11-14	23:15:00	4079.72	4085.16	4079.44	4082.56	647	0	5
2025-11-14	23:30:00	4082.82	4083.95	4077.81	4080.39	815	0	5
2025-11-14	23:45:00	4080.44	4085.89	4078.64	4085.05	606	0	16
2025-11-17	01:00:00	4081.47	4104.63	4072.07	4099.31	1756	0	5
2025-11-17	01:15:00	4099.26	4106.7	4095.4	4103.81	1292	0	5
2025-11-17	01:30:00	4104.17	4106.36	4099.01	4102.52	1266	0	15
2025-11-17	01:45:00	4102.38	4103.08	4093.85	4096.36	1228	0	16
2025-11-17	02:00:00	4096.37	4098.27	4084.12	4085.24	1406	0	16
2025-11-17	02:15:00	4085.02	4091.72	4080.43	4086.23	1383	0	9
2025-11-17	02:30:00	4086.83	4092.04	4085.21	4089.89	1301	0	12
2025-11-17	02:45:00	4090.11	4091.57	4081.5	4083.02	1343	0	15
2025-11-17	03:00:00	4083.01	4096.28	4082.73	4093.8	1521	0	5
2025-11-17	03:15:00	4093.93	4096.79	4085.58	4095.73	1459	0	5
2025-11-17	03:30:00	4095.74	4102.15	4094.26	4098.86	1441	0	5
2025-11-17	03:45:00	4098.83	4099.73	4090.16	4091.24	1430	0	6
2025-11-17	04:00:00	4091.11	4092.81	4083.72	4089.06	1454	0	9
2025-11-17	04:15:00	4088.98	4092.26	4085.94	4091.79	1260	0	16
2025-11-17	04:30:00	4091.8	4093.69	4085.71	4088.14	1363	0	16
2025-11-17	04:45:00	4088.21	4089.38	4080.87	4081.79	1417	0	5
2025-11-17	05:00:00	4081.75	4082.92	4070.22	4080.1	1500	0	16
2025-11-17	05:15:00	4079.71	4085.68	4075.6	4080.13	1438	0	16
2025-11-17	05:30:00	4080.2	4083.35	4078.02	4083.31	1223	0	12
2025-11-17	05:45:00	4083.09	4085.34	4080.78	4083.0	1138	0	16
2025-11-17	06:00:00	4083.73	4087.94	4082.37	4084.0	1215	0	16
2025-11-17	06:15:00	4084.02	4084.54	4081.17	4083.24	919	0	16
2025-11-17	06:30:00	4083.3	4085.04	4081.2	4083.4	901	0	16
2025-11-17	06:45:00	4082.79	4083.46	4077.01	4078.57	1135	0	16
2025-11-17	07:00:00	4078.58	4078.61	4072.07	4072.44	1184	0	16
2025-11-17	07:15:00	4072.42	4072.86	4059.21	4064.38	1456	0	16
2025-11-17	07:30:00	4064.33	4064.33	4049.69	4057.55	1574	0	13
2025-11-17	07:45:00	4057.45	4060.13	4053.47	4058.36	1434	0	5
2025-11-17	08:00:00	4058.27	4066.41	4054.49	4058.62	1485	0	5
2025-11-17	08:15:00	4058.51	4064.65	4056.19	4062.77	1364	0	16
2025-11-17	08:30:00	4062.82	4071.7	4062.61	4066.67	1387	0	12
2025-11-17	08:45:00	4066.67	4069.96	4064.79	4066.09	1323	0	5
2025-11-17	09:00:00	4065.74	4073.6	4065.23	4072.76	1279	0	5
2025-11-17	09:15:00	4072.78	4079.51	4072.34	4078.79	1270	0	7
2025-11-17	09:30:00	4078.63	4083.4	4077.06	4083.4	1150	0	5
2025-11-17	09:45:00	4083.32	4089.26	4083.3	4088.18	1299	0	17
2025-11-17	10:00:00	4088.13	4095.76	4086.79	4090.14	1425	0	16
2025-11-17	10:15:00	4090.14	4090.8	4079.23	4081.12	1449	0	11
2025-11-17	10:30:00	4081.13	4083.91	4075.99	4077.54	1433	0	5
2025-11-17	10:45:00	4077.56	4079.61	4072.22	4077.31	1435	0	16
2025-11-17	11:00:00	4077.38	4082.29	4072.21	4082.17	1448	0	16
2025-11-17	11:15:00	4082.18	4085.34	4079.31	4083.53	1337	0	8
2025-11-17	11:30:00	4083.47	4088.97	4081.72	4086.41	1421	0	13
2025-11-17	11:45:00	4086.49	4086.71	4078.96	4081.94	1297	0	16
2025-11-17	12:00:00	4082.05	4089.34	4081.23	4087.04	1325	0	8
2025-11-17	12:15:00	4087.05	4089.45	4083.85	4084.42	1271	0	16
2025-11-17	12:30:00	4084.19	4086.17	4078.1	4079.5	1305	0	5
2025-11-17	12:45:00	4079.46	4081.11	4068.1	4070.28	1348	0	16
2025-11-17	13:00:00	4070.27	4073.63	4061.07	4068.32	1460	0	5
2025-11-17	13:15:00	4068.09	4072.44	4065.53	4065.65	1181	0	6
2025-11-17	13:30:00	4065.8	4082.66	4063.74	4080.27	1400	0	6
2025-11-17	13:45:00	4080.37	4086.08	4076.55	4078.46	1367	0	16
2025-11-17	14:00:00	4078.96	4080.35	4076.61	4078.43	1158	0	16
2025-11-17	14:15:00	4078.39	4080.5	4074.68	4078.3	1313	0	7
2025-11-17	14:30:00	4078.13	4085.23	4077.69	4082.66	1166	0	15
2025-11-17	14:45:00	4082.71	4083.27	4074.94	4077.15	1289	0	8
2025-11-17	15:00:00	4077.73	4092.18	4075.97	4083.38	1532	0	11
2025-11-17	15:15:00	4083.31	4087.34	4074.95	4076.38	1424	0	16
2025-11-17	15:30:00	4076.46	4079.49	4067.22	4069.3	1484	0	5
2025-11-17	15:45:00	4069.02	4071.19	4061.35	4065.31	1522	0	5
2025-11-17	16:00:00	4064.37	4074.44	4060.78	4073.53	1455	0	8
2025-11-17	16:15:00	4073.53	4074.51	4064.31	4066.52	1421	0	5
2025-11-17	16:30:00	4065.64	4081.99	4065.64	4074.03	1665	0	16
2025-11-17	16:45:00	4074.27	4080.18	4072.32	4076.16	1591	0	5
2025-11-17	17:00:00	4076.2	4077.59	4061.41	4068.87	1662	0	7
2025-11-17	17:15:00	4068.59	4076.08	4060.8	4072.6	1599	0	16
2025-11-17	17:30:00	4072.58	4077.41	4070.67	4073.91	1543	0	16
2025-11-17	17:45:00	4073.71	4073.89	4063.59	4064.48	1526	0	11
2025-11-17	18:00:00	4064.19	4065.4	4052.29	4061.39	1614	0	5
2025-11-17	18:15:00	4061.49	4068.79	4059.26	4068.66	1528	0	7
2025-11-17	18:30:00	4068.97	4073.33	4068.14	4068.75	1481	0	12
2025-11-17	18:45:00	4068.89	4071.18	4065.22	4069.96	1424	0	8
2025-11-17	19:00:00	4070.39	4075.76	4069.73	4073.97	1344	0	6
2025-11-17	19:15:00	4074.11	4080.63	4072.53	4077.53	1384	0	5
2025-11-17	19:30:00	4077.35	4081.06	4073.77	4075.49	1413	0	6
2025-11-17	19:45:00	4075.57	4075.71	4071.1	4073.38	1404	0	14
2025-11-17	20:00:00	4073.16	4076.34	4071.1	4072.77	1423	0	9
2025-11-17	20:15:00	4072.74	4075.32	4067.79	4073.08	1389	0	5
2025-11-17	20:30:00	4072.99	4072.99	4067.61	4068.7	1364	0	7
2025-11-17	20:45:00	4068.62	4071.53	4062.41	4062.63	1368	0	6
2025-11-17	21:00:00	4062.59	4064.21	4056.56	4060.66	1481	0	7
2025-11-17	21:15:00	4060.75	4064.9	4053.59	4056.51	1412	0	9
2025-11-17	21:30:00	4056.17	4058.48	4016.31	4019.46	1758	0	5
2025-11-17	21:45:00	4019.49	4025.35	4010.74	4011.09	1671	0	5
2025-11-17	22:00:00	4011.14	4022.93	4006.99	4016.36	1664	0	5
2025-11-17	22:15:00	4016.79	4027.61	4015.52	4027.1	1567	0	15
2025-11-17	22:30:00	4027.52	4031.73	4025.37	4029.88	1542	0	6
2025-11-17	22:45:00	4029.99	4043.84	4029.6	4040.71	1569	0	5
2025-11-17	23:00:00	4040.95	4045.61	4038.89	4044.39	1053	0	9
2025-11-17	23:15:00	4044.49	4045.92	4042.74	4043.69	804	0	5
2025-11-17	23:30:00	4043.77	4044.89	4042.74	4043.57	678	0	6
2025-11-17	23:45:00	4043.59	4046.03	4042.77	4045.47	590	0	17
2025-11-18	01:00:00	4048.89	4055.36	4046.51	4050.24	1314	0	15
2025-11-18	01:15:00	4050.31	4052.43	4047.71	4048.02	756	0	16
2025-11-18	01:30:00	4048.01	4049.65	4034.5	4037.27	1251	0	9
2025-11-18	01:45:00	4036.95	4042.73	4028.55	4036.77	1389	0	10
2025-11-18	02:00:00	4036.92	4040.44	4030.28	4036.5	1318	0	9
2025-11-18	02:15:00	4036.97	4036.97	4027.32	4030.64	1365	0	17
2025-11-18	02:30:00	4030.61	4039.2	4028.75	4036.98	1259	0	17
2025-11-18	02:45:00	4037.01	4041.03	4032.08	4040.1	1310	0	17
2025-11-18	03:00:00	4040.93	4045.02	4034.92	4040.82	1515	0	8
2025-11-18	03:15:00	4040.84	4044.83	4036.94	4040.26	1314	0	13
2025-11-18	03:30:00	4040.22	4041.31	4030.43	4033.01	1414	0	11
2025-11-18	03:45:00	4032.93	4033.8	4022.39	4025.06	1419	0	6
2025-11-18	04:00:00	4024.51	4034.31	4019.36	4034.21	1361	0	5
2025-11-18	04:15:00	4034.22	4034.5	4027.2	4030.7	1193	0	16
2025-11-18	04:30:00	4030.75	4036.0	4028.52	4030.11	1301	0	16
2025-11-18	04:45:00	4029.85	4030.89	4015.47	4017.75	1435	0	16
2025-11-18	05:00:00	4017.79	4019.69	4010.01	4014.65	1397	0	5
2025-11-18	05:15:00	4014.45	4015.19	4008.48	4012.8	1272	0	8
2025-11-18	05:30:00	4012.92	4026.24	4011.44	4022.19	1351	0	9
2025-11-18	05:45:00	4021.87	4022.02	4011.23	4013.18	1286	0	16
2025-11-18	06:00:00	4013.26	4013.36	4009.68	4011.07	1187	0	5
2025-11-18	06:15:00	4011.13	4018.13	4005.09	4017.79	1450	0	5
2025-11-18	06:30:00	4017.96	4017.96	4007.74	4010.3	1291	0	15
2025-11-18	06:45:00	4010.16	4012.2	4008.7	4010.47	1174	0	10
2025-11-18	07:00:00	4010.59	4014.31	4008.22	4012.22	1217	0	5
2025-11-18	07:15:00	4012.23	4022.1	4010.83	4016.84	1185	0	8
2025-11-18	07:30:00	4016.94	4024.88	4016.79	4023.79	1349	0	16
2025-11-18	07:45:00	4023.81	4025.1	4015.83	4018.93	1282	0	16
2025-11-18	08:00:00	4018.96	4020.44	4012.39	4012.56	1290	0	5
2025-11-18	08:15:00	4012.6	4015.69	4008.61	4014.05	1344	0	16
2025-11-18	08:30:00	4013.51	4015.41	4007.73	4011.18	1333	0	16
2025-11-18	08:45:00	4011.16	4015.59	4008.81	4009.18	1241	0	11
2025-11-18	09:00:00	4009.31	4009.37	4003.03	4008.47	1302	0	16
2025-11-18	09:15:00	4008.66	4010.91	4002.21	4002.55	1239	0	5
2025-11-18	09:30:00	4002.26	4015.54	3998.36	4011.45	1447	0	15
2025-11-18	09:45:00	4011.65	4017.68	4009.89	4013.65	1230	0	14
2025-11-18	10:00:00	4013.94	4026.89	4010.62	4025.3	1438	0	11
2025-11-18	10:15:00	4025.01	4026.22	4021.09	4022.27	1343	0	16
2025-11-18	10:30:00	4022.19	4042.65	4021.66	4037.13	1474	0	5
2025-11-18	10:45:00	4036.97	4041.62	4033.79	4036.75	1357	0	5
2025-11-18	11:00:00	4036.77	4039.06	4030.61	4033.28	1295	0	5
2025-11-18	11:15:00	4033.25	4039.99	4033.25	4034.84	1279	0	16
2025-11-18	11:30:00	4034.62	4037.29	4030.22	4037.22	1284	0	16
2025-11-18	11:45:00	4037.43	4047.13	4035.96	4040.21	1333	0	14
2025-11-18	12:00:00	4040.22	4044.9	4037.71	4040.66	1318	0	16
2025-11-18	12:15:00	4040.75	4043.35	4038.56	4038.56	1211	0	6
2025-11-18	12:30:00	4038.28	4043.46	4037.62	4043.2	1163	0	16
2025-11-18	12:45:00	4043.23	4050.43	4041.87	4044.3	1308	0	5
2025-11-18	13:00:00	4044.24	4048.67	4042.73	4045.64	1191	0	10
2025-11-18	13:15:00	4045.8	4049.13	4044.42	4048.49	1136	0	9
2025-11-18	13:30:00	4048.5	4050.34	4043.67	4044.84	1145	0	8
2025-11-18	13:45:00	4044.86	4045.25	4037.02	4039.4	1278	0	5
2025-11-18	14:00:00	4039.11	4044.91	4037.97	4039.94	1332	0	9
2025-11-18	14:15:00	4040.12	4043.29	4032.2	4033.07	1316	0	11
2025-11-18	14:30:00	4033.19	4039.9	4031.97	4033.71	1290	0	7
2025-11-18	14:45:00	4033.52	4035.44	4028.91	4032.35	1331	0	5
2025-11-18	15:00:00	4033.1	4046.41	4031.38	4042.78	1503	0	5
2025-11-18	15:15:00	4042.94	4052.67	4040.86	4049.02	1473	0	7
2025-11-18	15:30:00	4048.87	4068.08	4048.02	4063.38	1571	0	5
2025-11-18	15:45:00	4063.46	4070.34	4062.14	4065.21	1424	0	5
2025-11-18	16:00:00	4065.29	4074.88	4063.54	4073.87	1486	0	6
2025-11-18	16:15:00	4073.88	4080.51	4073.15	4074.4	1470	0	5
2025-11-18	16:30:00	4074.68	4081.99	4069.76	4073.24	1616	0	5
2025-11-18	16:45:00	4073.46	4077.49	4058.57	4065.71	1618	0	5
2025-11-18	17:00:00	4065.84	4068.07	4053.46	4059.48	1646	0	6
2025-11-18	17:15:00	4059.34	4067.42	4054.19	4064.81	1633	0	5
2025-11-18	17:30:00	4064.81	4072.11	4058.35	4060.21	1571	0	5
2025-11-18	17:45:00	4060.02	4061.01	4048.73	4052.92	1526	0	14
2025-11-18	18:00:00	4052.73	4054.53	4040.7	4053.5	1604	0	5
2025-11-18	18:15:00	4053.38	4065.43	4051.39	4064.75	1535	0	5
2025-11-18	18:30:00	4064.87	4066.86	4057.89	4062.81	1441	0	5
2025-11-18	18:45:00	4062.52	4069.17	4060.66	4066.87	1385	0	7
2025-11-18	19:00:00	4066.79	4070.63	4063.71	4066.15	1409	0	7
2025-11-18	19:15:00	4066.37	4068.13	4059.17	4061.48	1408	0	15
2025-11-18	19:30:00	4061.23	4075.62	4060.49	4073.1	1440	0	5
2025-11-18	19:45:00	4073.35	4074.41	4069.99	4071.36	1360	0	16
2025-11-18	20:00:00	4071.41	4074.76	4067.76	4068.43	1431	0	11
2025-11-18	20:15:00	4068.51	4070.58	4063.14	4065.74	1440	0	16
2025-11-18	20:30:00	4066.13	4072.81	4063.54	4070.79	1402	0	16
2025-11-18	20:45:00	4070.82	4074.47	4069.34	4072.64	1329	0	8
2025-11-18	21:00:00	4072.69	4079.69	4072.65	4079.6	1294	0	12
2025-11-18	21:15:00	4079.62	4080.73	4074.98	4075.61	1360	0	16
2025-11-18	21:30:00	4075.63	4080.94	4073.51	4076.92	1357	0	15
2025-11-18	21:45:00	4077.16	4081.97	4076.73	4081.14	1325	0	5
2025-11-18	22:00:00	4081.31	4082.06	4073.26	4073.47	1425	0	5
2025-11-18	22:15:00	4073.71	4076.46	4069.46	4072.04	1438	0	17
2025-11-18	22:30:00	4072.27	4073.73	4068.47	4068.65	1436	0	13
2025-11-18	22:45:00	4068.63	4071.42	4067.27	4069.5	1431	0	5
2025-11-18	23:00:00	4069.89	4072.26	4069.18	4070.41	802	0	8
2025-11-18	23:15:00	4070.05	4070.07	4064.89	4065.8	812	0	16
2025-11-18	23:30:00	4066.12	4068.49	4065.27	4067.34	584	0	16
2025-11-18	23:45:00	4067.32	4068.38	4065.79	4067.24	590	0	5
2025-11-19	01:00:00	4067.96	4072.83	4066.1	4071.21	816	0	6
2025-11-19	01:15:00	4071.26	4073.61	4070.59	4071.14	568	0	17
2025-11-19	01:30:00	4071.05	4073.76	4067.98	4073.33	761	0	17
2025-11-19	01:45:00	4073.34	4077.78	4069.97	4076.75	952	0	5
2025-11-19	02:00:00	4076.78	4077.67	4071.45	4073.21	987	0	9
2025-11-19	02:15:00	4073.18	4078.26	4071.32	4074.79	1008	0	16
2025-11-19	02:30:00	4074.77	4077.52	4074.41	4075.59	1028	0	5
2025-11-19	02:45:00	4075.46	4075.92	4067.91	4069.5	1210	0	10
2025-11-19	03:00:00	4069.32	4070.31	4061.53	4064.83	1243	0	5
2025-11-19	03:15:00	4064.83	4069.81	4061.14	4067.86	1129	0	8
2025-11-19	03:30:00	4067.84	4070.22	4061.37	4065.52	1201	0	16
2025-11-19	03:45:00	4065.59	4065.61	4056.22	4059.06	1162	0	16
2025-11-19	04:00:00	4059.09	4063.81	4055.51	4059.83	1184	0	11
2025-11-19	04:15:00	4059.92	4064.95	4059.71	4064.3	999	0	5
2025-11-19	04:30:00	4064.43	4078.47	4064.23	4078.05	1277	0	5
2025-11-19	04:45:00	4078.13	4080.5	4075.27	4075.43	1167	0	10
2025-11-19	05:00:00	4075.16	4078.7	4072.33	4073.41	1119	0	18
2025-11-19	05:15:00	4073.42	4075.25	4069.62	4071.87	1127	0	16
2025-11-19	05:30:00	4071.83	4074.2	4070.47	4073.22	969	0	16
2025-11-19	05:45:00	4073.75	4076.17	4066.09	4066.61	1056	0	15
2025-11-19	06:00:00	4066.88	4071.04	4064.44	4068.7	1044	0	16
2025-11-19	06:15:00	4068.42	4075.66	4068.25	4074.32	1053	0	16
2025-11-19	06:30:00	4074.31	4076.86	4072.52	4074.91	936	0	17
2025-11-19	06:45:00	4074.87	4076.84	4073.77	4075.24	909	0	17
2025-11-19	07:00:00	4075.4	4079.52	4074.11	4079.26	1022	0	5
2025-11-19	07:15:00	4079.13	4092.34	4078.88	4088.64	1230	0	5
2025-11-19	07:30:00	4088.3	4097.51	4088.12	4092.71	1269	0	5
2025-11-19	07:45:00	4092.4	4095.6	4090.39	4095.51	1146	0	16
2025-11-19	08:00:00	4095.12	4098.6	4092.2	4096.68	1181	0	13
2025-11-19	08:15:00	4096.85	4096.9	4089.21	4092.16	1154	0	9
2025-11-19	08:30:00	4092.2	4095.16	4089.51	4093.84	1074	0	16
2025-11-19	08:45:00	4093.86	4095.19	4089.82	4091.0	1037	0	16
2025-11-19	09:00:00	4090.53	4092.77	4084.98	4087.22	1078	0	16
2025-11-19	09:15:00	4087.49	4091.03	4085.17	4088.49	966	0	5
2025-11-19	09:30:00	4088.93	4096.3	4088.14	4094.89	1023	0	5
2025-11-19	09:45:00	4094.89	4097.07	4086.28	4087.1	1099	0	16
2025-11-19	10:00:00	4086.79	4087.04	4078.16	4082.24	1214	0	9
2025-11-19	10:15:00	4082.21	4088.77	4080.57	4087.9	1124	0	5
2025-11-19	10:30:00	4087.82	4088.57	4080.2	4081.63	1137	0	5
2025-11-19	10:45:00	4081.69	4085.72	4080.3	4083.46	1111	0	13
2025-11-19	11:00:00	4083.23	4090.6	4081.32	4089.96	1183	0	7
2025-11-19	11:15:00	4089.6	4092.02	4085.4	4091.21	1154	0	16
2025-11-19	11:30:00	4091.29	4099.18	4087.82	4098.57	1130	0	16
2025-11-19	11:45:00	4098.99	4116.4	4098.38	4113.31	1325	0	9
2025-11-19	12:00:00	4113.48	4119.09	4109.2	4111.24	1266	0	6
2025-11-19	12:15:00	4111.33	4115.92	4110.69	4112.2	1221	0	6
2025-11-19	12:30:00	4112.19	4114.65	4110.01	4112.58	1154	0	14
2025-11-19	12:45:00	4112.71	4113.83	4107.18	4109.02	1155	0	9
2025-11-19	13:00:00	4109.18	4111.36	4106.62	4110.01	1102	0	7
2025-11-19	13:15:00	4110.07	4117.58	4109.9	4114.32	1125	0	7
2025-11-19	13:30:00	4114.31	4114.98	4110.2	4111.41	1014	0	5
2025-11-19	13:45:00	4111.4	4116.92	4111.38	4112.87	1042	0	5
2025-11-19	14:00:00	4112.65	4119.89	4112.65	4115.98	1117	0	5
2025-11-19	14:15:00	4116.12	4117.51	4112.22	4117.04	1105	0	16
2025-11-19	14:30:00	4117.22	4120.09	4114.81	4117.3	1066	0	11
2025-11-19	14:45:00	4117.3	4119.68	4112.3	4114.48	1124	0	16
2025-11-19	15:00:00	4114.63	4115.07	4101.13	4103.13	1329	0	5
2025-11-19	15:15:00	4102.86	4109.61	4100.78	4109.41	1287	0	8
2025-11-19	15:30:00	4109.33	4115.08	4106.6	4114.9	1264	0	16
2025-11-19	15:45:00	4115.03	4117.86	4105.99	4110.41	1275	0	10
2025-11-19	16:00:00	4111.13	4118.56	4110.63	4117.51	1247	0	16
2025-11-19	16:15:00	4117.68	4118.85	4105.98	4106.85	1266	0	16
2025-11-19	16:30:00	4106.17	4117.51	4102.08	4112.22	1384	0	16
2025-11-19	16:45:00	4112.08	4128.69	4109.36	4127.88	1362	0	6
2025-11-19	17:00:00	4127.6	4130.29	4120.43	4130.03	1385	0	5
2025-11-19	17:15:00	4129.85	4132.46	4116.23	4116.43	1355	0	5
2025-11-19	17:30:00	4116.53	4121.22	4108.99	4110.02	1333	0	17
2025-11-19	17:45:00	4110.1	4110.67	4090.15	4096.58	1418	0	5
2025-11-19	18:00:00	4096.5	4098.58	4083.99	4094.8	1385	0	5
2025-11-19	18:15:00	4094.74	4095.35	4071.5	4074.31	1401	0	8
2025-11-19	18:30:00	4074.14	4079.31	4067.63	4073.64	1393	0	8
2025-11-19	18:45:00	4073.62	4078.14	4070.13	4074.71	1346	0	7
2025-11-19	19:00:00	4074.06	4076.39	4055.78	4065.64	1401	0	13
2025-11-19	19:15:00	4065.02	4072.92	4061.97	4072.19	1340	0	13
2025-11-19	19:30:00	4071.38	4078.23	4063.19	4075.29	1355	0	7
2025-11-19	19:45:00	4075.22	4081.2	4071.98	4078.9	1303	0	9
2025-11-19	20:00:00	4078.88	4085.5	4078.61	4083.86	1289	0	7
2025-11-19	20:15:00	4083.76	4086.53	4079.1	4081.78	1284	0	5
2025-11-19	20:30:00	4081.33	4084.51	4075.87	4079.24	1298	0	6
2025-11-19	20:45:00	4079.21	4091.21	4078.28	4087.15	1215	0	15
2025-11-19	21:00:00	4087.03	4087.17	4072.99	4077.96	1348	0	12
2025-11-19	21:15:00	4077.94	4079.12	4069.13	4071.67	1303	0	11
2025-11-19	21:30:00	4071.65	4076.61	4068.88	4071.97	1258	0	16
2025-11-19	21:45:00	4071.99	4077.44	4070.79	4073.63	1223	0	12
2025-11-19	22:00:00	4073.65	4077.98	4072.27	4075.6	1198	0	16
2025-11-19	22:15:00	4075.82	4082.11	4075.82	4079.3	1211	0	17
2025-11-19	22:30:00	4079.3	4080.47	4074.5	4077.06	1250	0	5
2025-11-19	22:45:00	4077.11	4078.28	4072.34	4076.25	1241	0	5
2025-11-19	23:00:00	4076.24	4076.24	4071.41	4072.49	912	0	5
2025-11-19	23:15:00	4072.27	4077.39	4065.58	4076.78	1105	0	5
2025-11-19	23:30:00	4076.86	4084.68	4076.28	4080.24	985	0	5
2025-11-19	23:45:00	4080.49	4082.17	4076.97	4077.71	747	0	16
2025-11-20	01:00:00	4079.9	4089.67	4078.09	4088.07	1164	0	15
2025-11-20	01:15:00	4088.24	4091.03	4087.61	4088.16	699	0	15
2025-11-20	01:30:00	4088.12	4098.91	4085.89	4096.46	1029	0	7
2025-11-20	01:45:00	4096.58	4108.1	4096.55	4104.83	1254	0	5
2025-11-20	02:00:00	4104.81	4110.44	4102.72	4105.54	1218	0	5
2025-11-20	02:15:00	4105.48	4109.13	4105.19	4105.51	1084	0	5
2025-11-20	02:30:00	4105.58	4108.89	4101.5	4105.25	1069	0	5
2025-11-20	02:45:00	4105.09	4106.13	4100.53	4103.01	1152	0	18
2025-11-20	03:00:00	4103.02	4109.18	4096.71	4097.71	1334	0	8
2025-11-20	03:15:00	4097.63	4099.18	4092.49	4094.56	1215	0	5
2025-11-20	03:30:00	4094.47	4094.82	4088.37	4091.74	1214	0	16
2025-11-20	03:45:00	4091.7	4097.98	4081.05	4081.28	1253	0	15
2025-11-20	04:00:00	4081.22	4081.74	4059.05	4063.41	1438	0	5
2025-11-20	04:15:00	4063.42	4064.15	4040.22	4055.03	1407	0	5
2025-11-20	04:30:00	4055.68	4061.82	4053.59	4061.33	1236	0	7
2025-11-20	04:45:00	4061.63	4070.11	4060.22	4066.99	1222	0	16
2025-11-20	05:00:00	4067.0	4085.75	4066.28	4078.2	1326	0	7
2025-11-20	05:15:00	4078.21	4078.31	4072.9	4076.33	1160	0	16
2025-11-20	05:30:00	4076.76	4076.83	4065.02	4066.12	1099	0	16
2025-11-20	05:45:00	4065.92	4072.86	4064.88	4072.24	1110	0	13
2025-11-20	06:00:00	4072.38	4078.72	4068.43	4078.03	1076	0	9
2025-11-20	06:15:00	4078.06	4080.17	4076.17	4078.24	936	0	17
2025-11-20	06:30:00	4078.29	4079.65	4073.48	4076.57	827	0	16
2025-11-20	06:45:00	4076.56	4080.5	4074.83	4075.79	843	0	5
2025-11-20	07:00:00	4075.76	4076.09	4068.15	4071.37	1091	0	5
2025-11-20	07:15:00	4071.3	4074.03	4068.46	4069.62	952	0	5
2025-11-20	07:30:00	4069.23	4072.39	4064.68	4067.07	1223	0	8
2025-11-20	07:45:00	4066.79	4071.73	4066.32	4066.71	1048	0	16
2025-11-20	08:00:00	4066.33	4077.57	4065.0	4073.38	1251	0	13
2025-11-20	08:15:00	4073.25	4074.86	4058.6	4062.98	1250	0	5
2025-11-20	08:30:00	4063.04	4072.09	4061.29	4067.73	1225	0	16
2025-11-20	08:45:00	4067.76	4070.24	4063.43	4068.58	1227	0	16
2025-11-20	09:00:00	4068.39	4076.51	4065.54	4073.66	1180	0	8
2025-11-20	09:15:00	4073.65	4073.65	4059.99	4062.77	1185	0	5
2025-11-20	09:30:00	4063.31	4068.14	4058.54	4059.81	1104	0	16
2025-11-20	09:45:00	4059.73	4061.57	4054.01	4059.94	1176	0	5
2025-11-20	10:00:00	4059.34	4063.12	4042.45	4047.17	1364	0	11
2025-11-20	10:15:00	4047.05	4050.49	4038.55	4045.92	1319	0	5
2025-11-20	10:30:00	4046.21	4058.49	4044.15	4054.47	1327	0	12
2025-11-20	10:45:00	4054.51	4069.3	4052.01	4063.72	1297	0	16
2025-11-20	11:00:00	4063.56	4072.64	4063.46	4068.86	1308	0	14
2025-11-20	11:15:00	4068.47	4071.82	4059.09	4059.32	1219	0	11
2025-11-20	11:30:00	4059.39	4067.39	4055.66	4063.38	1175	0	7
2025-11-20	11:45:00	4063.37	4068.9	4059.89	4064.12	1120	0	17
2025-11-20	12:00:00	4064.21	4068.16	4059.0	4059.67	1095	0	5
2025-11-20	12:15:00	4059.58	4063.92	4058.18	4061.8	1065	0	12
2025-11-20	12:30:00	4061.48	4066.77	4061.25	4063.38	1022	0	10
2025-11-20	12:45:00	4063.35	4064.91	4058.28	4060.01	1050	0	16
2025-11-20	13:00:00	4059.91	4061.1	4053.99	4057.36	1097	0	5
2025-11-20	13:15:00	4056.96	4057.2	4051.22	4056.54	1131	0	7
2025-11-20	13:30:00	4056.51	4068.29	4054.53	4066.36	1158	0	5
2025-11-20	13:45:00	4066.55	4066.55	4056.62	4060.76	1145	0	16
2025-11-20	14:00:00	4060.34	4075.03	4060.14	4072.7	1194	0	7
2025-11-20	14:15:00	4072.75	4079.47	4069.67	4073.25	1172	0	5
2025-11-20	14:30:00	4073.28	4079.21	4072.9	4076.84	1089	0	16
2025-11-20	14:45:00	4076.91	4081.99	4074.38	4081.76	1159	0	9
2025-11-20	15:00:00	4081.79	4094.51	4081.56	4090.19	1361	0	5
2025-11-20	15:15:00	4090.3	4093.08	4083.53	4085.67	1297	0	8
2025-11-20	15:30:00	4085.78	4096.39	4066.79	4080.65	1581	0	5
2025-11-20	15:45:00	4080.51	4089.8	4073.11	4080.44	1440	0	9
2025-11-20	16:00:00	4080.27	4083.24	4072.02	4078.55	1418	0	15
2025-11-20	16:15:00	4078.35	4088.48	4078.35	4080.58	1358	0	13
2025-11-20	16:30:00	4080.55	4091.39	4074.68	4088.74	1496	0	16
2025-11-20	16:45:00	4088.92	4107.25	4086.53	4093.62	1464	0	5
2025-11-20	17:00:00	4093.31	4097.11	4082.59	4092.27	1468	0	5
2025-11-20	17:15:00	4092.16	4098.78	4086.44	4095.54	1381	0	16
2025-11-20	17:30:00	4095.95	4096.27	4075.09	4088.02	1421	0	5
2025-11-20	17:45:00	4088.04	4088.53	4070.45	4070.45	1359	0	8
2025-11-20	18:00:00	4070.32	4082.58	4068.64	4074.39	1400	0	5
2025-11-20	18:15:00	4074.32	4078.34	4062.64	4065.01	1426	0	16
2025-11-20	18:30:00	4064.23	4068.06	4057.84	4059.39	1450	0	5
2025-11-20	18:45:00	4058.97	4067.19	4044.94	4049.1	1462	0	13
2025-11-20	19:00:00	4048.38	4054.83	4043.85	4052.62	1479	0	7
2025-11-20	19:15:00	4052.35	4061.21	4050.49	4056.26	1410	0	16
2025-11-20	19:30:00	4056.14	4060.12	4049.37	4052.33	1292	0	5
2025-11-20	19:45:00	4052.15	4068.37	4051.62	4066.08	1415	0	5
2025-11-20	20:00:00	4065.72	4072.7	4064.7	4066.67	1388	0	16
2025-11-20	20:15:00	4066.45	4067.03	4056.28	4060.35	1386	0	14
2025-11-20	20:30:00	4060.5	4067.18	4057.64	4061.02	1388	0	17
2025-11-20	20:45:00	4060.94	4063.08	4056.51	4060.5	1306	0	17
2025-11-20	21:00:00	4060.36	4069.33	4058.89	4069.26	1315	0	5
2025-11-20	21:15:00	4069.06	4087.41	4066.51	4084.27	1406	0	7
2025-11-20	21:30:00	4084.26	4086.96	4079.37	4083.03	1288	0	5
2025-11-20	21:45:00	4083.02	4085.41	4080.33	4084.55	1255	0	5
2025-11-20	22:00:00	4084.72	4085.09	4074.03	4076.97	1325	0	15
2025-11-20	22:15:00	4077.18	4081.33	4074.11	4076.89	1307	0	6
2025-11-20	22:30:00	4077.33	4078.2	4073.36	4077.92	1257	0	6
2025-11-20	22:45:00	4077.67	4080.12	4073.54	4077.13	1341	0	5
2025-11-20	23:00:00	4076.81	4079.55	4074.27	4077.06	818	0	16
2025-11-20	23:15:00	4077.09	4080.95	4076.33	4078.99	673	0	17
2025-11-20	23:30:00	4078.98	4080.15	4076.57	4076.66	547	0	8
2025-11-20	23:45:00	4076.67	4079.73	4076.67	4077.15	497	0	16
2025-11-21	01:00:00	4074.64	4085.46	4072.81	4085.15	932	0	7
2025-11-21	01:15:00	4085.23	4086.01	4076.91	4081.03	715	0	7
2025-11-21	01:30:00	4081.06	4088.16	4079.69	4087.23	819	0	15
2025-11-21	01:45:00	4086.99	4088.62	4074.44	4078.9	1033	0	14
2025-11-21	02:00:00	4078.38	4081.12	4073.61	4079.53	922	0	5
2025-11-21	02:15:00	4079.57	4080.97	4071.77	4075.03	862	0	16
2025-11-21	02:30:00	4075.08	4080.01	4072.11	4079.06	1033	0	7
2025-11-21	02:45:00	4078.46	4079.66	4071.57	4073.82	1134	0	16
2025-11-21	03:00:00	4073.85	4073.85	4063.3	4064.56	1365	0	10
2025-11-21	03:15:00	4064.57	4068.67	4061.54	4061.88	1237	0	16
2025-11-21	03:30:00	4062.04	4064.67	4060.55	4063.97	1224	0	16
2025-11-21	03:45:00	4063.96	4074.3	4063.21	4068.45	1222	0	16
2025-11-21	04:00:00	4068.23	4075.53	4067.98	4073.5	1150	0	7
2025-11-21	04:15:00	4073.41	4075.17	4066.24	4073.46	1096	0	16
2025-11-21	04:30:00	4073.65	4079.89	4072.36	4073.32	1197	0	16
2025-11-21	04:45:00	4073.31	4073.58	4056.65	4057.23	1301	0	8
2025-11-21	05:00:00	4057.02	4059.23	4052.44	4056.79	1286	0	16
2025-11-21	05:15:00	4056.76	4058.17	4049.39	4052.42	1288	0	16
2025-11-21	05:30:00	4052.63	4057.49	4050.74	4054.69	1134	0	8
2025-11-21	05:45:00	4054.74	4059.34	4052.0	4056.24	1093	0	16
2025-11-21	06:00:00	4055.82	4062.32	4052.88	4055.28	1138	0	16
2025-11-21	06:15:00	4055.1	4060.58	4053.75	4059.8	1088	0	16
2025-11-21	06:30:00	4059.85	4060.51	4048.08	4050.7	1130	0	16
2025-11-21	06:45:00	4050.71	4052.6	4047.72	4052.16	997	0	16
2025-11-21	07:00:00	4052.35	4057.27	4051.45	4055.81	1089	0	5
2025-11-21	07:15:00	4055.94	4057.03	4052.9	4052.94	1046	0	5
2025-11-21	07:30:00	4053.59	4057.41	4048.08	4048.74	1236	0	5
2025-11-21	07:45:00	4048.76	4059.59	4040.08	4058.63	1329	0	5
2025-11-21	08:00:00	4059.0	4064.36	4051.89	4051.93	1262	0	13
2025-11-21	08:15:00	4051.97	4052.81	4030.58	4031.43	1321	0	8
2025-11-21	08:30:00	4031.91	4040.73	4029.46	4036.11	1314	0	5
2025-11-21	08:45:00	4035.62	4039.21	4032.66	4032.91	1209	0	6
2025-11-21	09:00:00	4032.76	4032.94	4024.84	4032.29	1260	0	9
2025-11-21	09:15:00	4032.63	4037.68	4030.48	4037.54	1189	0	16
2025-11-21	09:30:00	4037.53	4039.75	4032.06	4033.43	1192	0	6
2025-11-21	09:45:00	4033.53	4035.75	4029.25	4031.68	1266	0	6
2025-11-21	10:00:00	4030.96	4039.17	4022.61	4036.99	1375	0	5
2025-11-21	10:15:00	4037.01	4048.11	4033.99	4042.49	1351	0	16
2025-11-21	10:30:00	4042.41	4047.57	4040.9	4043.49	1227	0	14
2025-11-21	10:45:00	4043.33	4046.99	4038.76	4041.02	1224	0	17
2025-11-21	11:00:00	4040.26	4059.95	4040.23	4058.35	1277	0	5
2025-11-21	11:15:00	4058.36	4063.48	4054.08	4056.6	1264	0	5
2025-11-21	11:30:00	4056.17	4060.74	4049.61	4049.65	1286	0	5
2025-11-21	11:45:00	4049.54	4055.03	4048.34	4050.56	1223	0	7
2025-11-21	12:00:00	4050.83	4052.73	4035.27	4038.33	1279	0	9
2025-11-21	12:15:00	4038.73	4043.17	4032.63	4032.72	1363	0	16
2025-11-21	12:30:00	4032.44	4038.14	4032.39	4033.73	1299	0	5
2025-11-21	12:45:00	4033.63	4041.9	4033.22	4037.22	1312	0	6
2025-11-21	13:00:00	4037.09	4046.91	4035.66	4040.42	1292	0	16
2025-11-21	13:15:00	4040.45	4042.11	4037.14	4039.5	1246	0	10
2025-11-21	13:30:00	4039.65	4041.11	4035.17	4036.72	1225	0	16
2025-11-21	13:45:00	4036.7	4038.76	4031.07	4036.51	1253	0	16
2025-11-21	14:00:00	4036.48	4045.82	4034.79	4044.34	1303	0	5
2025-11-21	14:15:00	4044.32	4050.46	4041.25	4045.06	1324	0	16
2025-11-21	14:30:00	4044.1	4063.37	4044.1	4061.79	1471	0	8
2025-11-21	14:45:00	4061.84	4072.02	4060.83	4065.89	1380	0	8
2025-11-21	15:00:00	4066.38	4067.21	4059.03	4062.21	1389	0	16
2025-11-21	15:15:00	4062.37	4070.63	4059.97	4067.41	1390	0	7
2025-11-21	15:30:00	4067.37	4072.66	4066.32	4072.64	1323	0	12
2025-11-21	15:45:00	4072.64	4081.21	4072.5	4079.47	1358	0	5
2025-11-21	16:00:00	4079.55	4083.98	4071.65	4076.36	1379	0	8
2025-11-21	16:15:00	4076.25	4076.36	4064.08	4066.59	1361	0	5
2025-11-21	16:30:00	4065.21	4070.54	4061.6	4063.56	1473	0	5
2025-11-21	16:45:00	4063.03	4074.97	4062.22	4071.6	1418	0	16
2025-11-21	17:00:00	4071.75	4076.99	4066.53	4071.67	1428	0	12
2025-11-21	17:15:00	4071.77	4076.72	4067.54	4069.08	1407	0	10
2025-11-21	17:30:00	4068.34	4070.46	4055.15	4063.31	1465	0	11
2025-11-21	17:45:00	4063.42	4071.84	4062.61	4069.68	1411	0	5
2025-11-21	18:00:00	4069.49	4072.35	4063.15	4067.13	1379	0	6
2025-11-21	18:15:00	4067.2	4071.61	4064.24	4070.02	1381	0	5
2025-11-21	18:30:00	4069.93	4081.12	4069.71	4079.34	1360	0	5
2025-11-21	18:45:00	4079.57	4100.47	4076.37	4099.82	1460	0	13
2025-11-21	19:00:00	4098.95	4101.25	4083.1	4084.53	1427	0	5
2025-11-21	19:15:00	4084.59	4087.44	4079.05	4081.32	1377	0	5
2025-11-21	19:30:00	4081.48	4084.42	4079.37	4083.35	1327	0	16
2025-11-21	19:45:00	4083.33	4088.51	4080.9	4085.52	1269	0	15
2025-11-21	20:00:00	4085.45	4087.27	4080.06	4081.19	1314	0	5
2025-11-21	20:15:00	4081.15	4084.57	4079.19	4079.86	1292	0	19
2025-11-21	20:30:00	4079.12	4081.78	4076.43	4079.43	1278	0	5
2025-11-21	20:45:00	4079.68	4088.23	4079.23	4082.83	1338	0	7
2025-11-21	21:00:00	4083.51	4086.37	4082.72	4084.89	1243	0	16
2025-11-21	21:15:00	4084.73	4091.83	4084.39	4090.71	1210	0	6
2025-11-21	21:30:00	4090.75	4092.28	4085.34	4086.06	1198	0	5
2025-11-21	21:45:00	4085.82	4089.49	4084.45	4087.64	1215	0	9
2025-11-21	22:00:00	4087.64	4088.75	4080.45	4081.09	1226	0	10
2025-11-21	22:15:00	4081.07	4083.11	4068.24	4069.48	1310	0	6
2025-11-21	22:30:00	4068.67	4068.67	4056.5	4059.19	1408	0	6
2025-11-21	22:45:00	4059.24	4070.05	4055.14	4067.45	1410	0	9
2025-11-21	23:00:00	4067.25	4069.22	4054.55	4059.01	1039	0	16
2025-11-21	23:15:00	4059.43	4063.75	4056.97	4062.33	803	0	16
2025-11-21	23:30:00	4062.25	4066.83	4061.83	4065.04	782	0	11
2025-11-21	23:45:00	4065.02	4066.98	4062.8	4065.21	580	0	5
2025-11-24	01:00:00	4069.36	4077.76	4065.94	4075.15	1259	0	5
2025-11-24	01:15:00	4074.38	4077.48	4069.24	4070.72	1025	0	16
2025-11-24	01:30:00	4070.65	4072.17	4065.84	4070.03	1158	0	13
2025-11-24	01:45:00	4069.6	4076.75	4069.08	4075.19	1000	0	16
2025-11-24	02:00:00	4075.02	4076.2	4058.06	4062.33	1136	0	7
2025-11-24	02:15:00	4062.33	4064.71	4059.15	4062.98	898	0	5
2025-11-24	02:30:00	4062.87	4066.4	4061.96	4065.9	1073	0	16
2025-11-24	02:45:00	4065.99	4068.06	4063.92	4067.6	1021	0	16
2025-11-24	03:00:00	4068.18	4073.07	4051.42	4054.86	1429	0	16
2025-11-24	03:15:00	4054.72	4056.22	4050.01	4055.44	1296	0	16
2025-11-24	03:30:00	4055.6	4056.46	4050.56	4052.18	1273	0	16
2025-11-24	03:45:00	4052.14	4054.2	4042.64	4044.5	1272	0	16
2025-11-24	04:00:00	4044.09	4048.31	4043.43	4046.24	1204	0	16
2025-11-24	04:15:00	4046.19	4048.73	4045.86	4048.03	1037	0	16
2025-11-24	04:30:00	4047.96	4051.61	4045.15	4047.58	1208	0	7
2025-11-24	04:45:00	4047.56	4048.23	4040.7	4043.63	1203	0	16
2025-11-24	05:00:00	4043.73	4050.75	4043.73	4046.78	1192	0	16
2025-11-24	05:15:00	4046.82	4049.5	4044.7	4048.79	1104	0	16
2025-11-24	05:30:00	4048.83	4058.0	4048.83	4056.1	1172	0	16
2025-11-24	05:45:00	4056.14	4056.44	4048.39	4050.21	1068	0	16
2025-11-24	06:00:00	4050.18	4061.15	4049.48	4059.11	1127	0	16
2025-11-24	06:15:00	4059.18	4060.6	4048.58	4051.04	1173	0	16
2025-11-24	06:30:00	4051.0	4052.43	4045.04	4046.63	1160	0	16
2025-11-24	06:45:00	4046.63	4046.72	4042.39	4044.03	1072	0	17
2025-11-24	07:00:00	4044.52	4046.82	4042.91	4045.51	1078	0	17
2025-11-24	07:15:00	4045.69	4047.92	4039.89	4046.96	1195	0	5
2025-11-24	07:30:00	4047.29	4049.37	4042.35	4048.48	1203	0	5
2025-11-24	07:45:00	4048.57	4048.57	4041.4	4046.32	1233	0	16
2025-11-24	08:00:00	4046.3	4054.34	4045.28	4049.79	1308	0	16
2025-11-24	08:15:00	4049.7	4056.33	4047.94	4053.06	1208	0	5
2025-11-24	08:30:00	4053.2	4058.05	4052.55	4056.92	1152	0	5
2025-11-24	08:45:00	4056.93	4057.11	4052.17	4053.32	1219	0	16
2025-11-24	09:00:00	4053.33	4057.6	4051.46	4053.74	1264	0	8
2025-11-24	09:15:00	4053.85	4056.76	4051.97	4052.65	1160	0	16
2025-11-24	09:30:00	4052.58	4067.05	4052.48	4063.96	1326	0	10
2025-11-24	09:45:00	4063.89	4067.57	4058.25	4060.05	1185	0	8
2025-11-24	10:00:00	4059.68	4064.76	4059.68	4061.82	1312	0	17
2025-11-24	10:15:00	4062.19	4066.12	4059.55	4063.1	1296	0	17
2025-11-24	10:30:00	4063.01	4063.76	4060.08	4063.61	1226	0	17
2025-11-24	10:45:00	4063.54	4067.09	4062.48	4063.5	1172	0	5
2025-11-24	11:00:00	4063.24	4074.2	4063.13	4072.03	1289	0	5
2025-11-24	11:15:00	4071.97	4073.62	4066.79	4068.66	1315	0	14
2025-11-24	11:30:00	4068.47	4072.82	4067.56	4070.19	1220	0	16
2025-11-24	11:45:00	4070.25	4072.58	4065.68	4071.84	1208	0	5
2025-11-24	12:00:00	4071.89	4077.09	4070.8	4073.1	1196	0	5
2025-11-24	12:15:00	4073.23	4076.98	4068.44	4070.33	1234	0	8
2025-11-24	12:30:00	4070.12	4071.15	4066.21	4070.35	1233	0	6
2025-11-24	12:45:00	4070.38	4070.96	4063.53	4063.98	1078	0	8
2025-11-24	13:00:00	4063.99	4068.43	4063.18	4066.68	1114	0	18
2025-11-24	13:15:00	4066.63	4070.76	4066.5	4070.62	1095	0	17
2025-11-24	13:30:00	4070.82	4071.01	4067.14	4070.39	1168	0	16
2025-11-24	13:45:00	4070.41	4071.67	4069.06	4069.93	1128	0	5
2025-11-24	14:00:00	4070.12	4074.07	4065.89	4068.87	1199	0	16
2025-11-24	14:15:00	4068.74	4071.29	4067.43	4070.79	1118	0	16
2025-11-24	14:30:00	4070.78	4080.44	4070.72	4079.02	1281	0	5
2025-11-24	14:45:00	4079.28	4084.02	4077.23	4080.42	1288	0	5
2025-11-24	15:00:00	4080.62	4081.69	4075.87	4078.29	1378	0	8
2025-11-24	15:15:00	4078.27	4085.1	4077.36	4080.54	1279	0	6
2025-11-24	15:30:00	4080.48	4086.06	4074.89	4077.31	1334	0	5
2025-11-24	15:45:00	4077.23	4080.8	4073.71	4077.74	1319	0	6
2025-11-24	16:00:00	4077.93	4083.01	4075.95	4079.82	1329	0	6
2025-11-24	16:15:00	4080.03	4081.04	4074.1	4075.71	1244	0	8
2025-11-24	16:30:00	4075.13	4078.96	4068.49	4073.66	1505	0	5
2025-11-24	16:45:00	4073.57	4086.0	4072.24	4081.2	1471	0	5
2025-11-24	17:00:00	4081.26	4093.41	4081.26	4092.36	1473	0	5
2025-11-24	17:15:00	4092.81	4093.89	4087.38	4088.56	1474	0	5
2025-11-24	17:30:00	4088.07	4093.41	4087.03	4093.14	1409	0	5
2025-11-24	17:45:00	4093.24	4093.59	4089.66	4091.78	1353	0	6
2025-11-24	18:00:00	4091.96	4095.54	4089.72	4094.89	1375	0	7
2025-11-24	18:15:00	4094.87	4095.2	4092.06	4092.42	1293	0	5
2025-11-24	18:30:00	4092.31	4098.85	4092.08	4097.82	1349	0	8
2025-11-24	18:45:00	4097.92	4098.6	4094.97	4097.18	1288	0	5
2025-11-24	19:00:00	4097.55	4100.01	4091.71	4092.05	1338	0	5
2025-11-24	19:15:00	4092.07	4094.9	4089.13	4093.38	1329	0	5
2025-11-24	19:30:00	4093.49	4096.02	4092.61	4095.23	1162	0	16
2025-11-24	19:45:00	4095.22	4100.39	4092.63	4092.8	1236	0	13
2025-11-24	20:00:00	4092.91	4093.44	4087.99	4090.15	1218	0	9
2025-11-24	20:15:00	4090.1	4095.7	4089.52	4095.62	1215	0	16
2025-11-24	20:30:00	4095.7	4114.65	4095.62	4112.72	1356	0	10
2025-11-24	20:45:00	4112.67	4125.41	4110.33	4120.49	1372	0	16
2025-11-24	21:00:00	4120.38	4124.11	4116.63	4116.7	1278	0	5
2025-11-24	21:15:00	4116.86	4120.58	4114.85	4119.03	1241	0	16
2025-11-24	21:30:00	4119.32	4119.45	4114.09	4116.09	1147	0	7
2025-11-24	21:45:00	4116.11	4121.17	4115.88	4118.52	1108	0	7
2025-11-24	22:00:00	4118.43	4123.86	4117.95	4121.96	1183	0	5
2025-11-24	22:15:00	4121.98	4125.68	4121.25	4124.86	1125	0	13
2025-11-24	22:30:00	4124.87	4133.36	4124.71	4131.38	1270	0	9
2025-11-24	22:45:00	4131.43	4133.2	4128.73	4132.65	1188	0	6
2025-11-24	23:00:00	4132.54	4133.5	4130.18	4131.88	704	0	5
2025-11-24	23:15:00	4131.89	4133.15	4131.13	4132.31	564	0	17
2025-11-24	23:30:00	4132.29	4139.97	4131.23	4139.3	665	0	5
2025-11-24	23:45:00	4139.59	4139.83	4133.22	4134.57	794	0	17
2025-11-25	01:00:00	4135.3	4138.51	4125.14	4128.81	800	0	6
2025-11-25	01:15:00	4129.69	4133.32	4127.64	4131.14	945	0	10
2025-11-25	01:30:00	4131.15	4136.09	4128.68	4135.91	916	0	12
2025-11-25	01:45:00	4135.82	4144.36	4135.73	4143.87	1111	0	5
2025-11-25	02:00:00	4143.75	4144.33	4136.34	4136.34	1089	0	18
2025-11-25	02:15:00	4136.37	4140.34	4134.02	4135.49	1020	0	17
2025-11-25	02:30:00	4135.48	4137.1	4131.97	4135.05	1012	0	5
2025-11-25	02:45:00	4135.06	4136.29	4127.65	4129.43	1078	0	5
2025-11-25	03:00:00	4129.44	4136.01	4124.05	4128.34	1294	0	5
2025-11-25	03:15:00	4128.46	4128.83	4122.46	4127.42	1174	0	16
2025-11-25	03:30:00	4127.61	4139.19	4127.55	4136.68	1155	0	16
2025-11-25	03:45:00	4136.69	4137.47	4132.6	4134.75	1122	0	16
2025-11-25	04:00:00	4134.59	4141.96	4132.89	4136.7	1164	0	11
2025-11-25	04:15:00	4136.48	4145.76	4135.52	4144.72	1109	0	16
2025-11-25	04:30:00	4144.68	4152.4	4143.98	4152.06	1181	0	10
2025-11-25	04:45:00	4152.39	4155.61	4149.89	4151.33	1170	0	16
2025-11-25	05:00:00	4150.9	4150.9	4145.56	4146.02	1161	0	16
2025-11-25	05:15:00	4146.07	4147.65	4139.56	4145.34	1218	0	5
2025-11-25	05:30:00	4145.3	4145.63	4141.02	4144.91	1082	0	16
2025-11-25	05:45:00	4144.91	4145.52	4141.19	4143.27	956	0	15
2025-11-25	06:00:00	4143.02	4145.9	4139.59	4145.03	975	0	5
2025-11-25	06:15:00	4145.0	4147.89	4144.22	4146.16	1001	0	16
2025-11-25	06:30:00	4146.04	4148.38	4142.89	4145.56	950	0	16
2025-11-25	06:45:00	4145.22	4146.09	4140.27	4140.79	950	0	16
2025-11-25	07:00:00	4141.11	4148.07	4141.05	4146.71	911	0	16
2025-11-25	07:15:00	4146.68	4147.32	4142.78	4144.05	937	0	16
2025-11-25	07:30:00	4144.0	4147.25	4141.4	4146.57	1077	0	16
2025-11-25	07:45:00	4146.51	4152.13	4144.9	4150.95	1116	0	16
2025-11-25	08:00:00	4150.93	4151.96	4145.93	4147.29	1175	0	10
2025-11-25	08:15:00	4147.24	4149.01	4140.02	4140.95	1123	0	16
2025-11-25	08:30:00	4140.89	4143.61	4138.72	4139.7	1209	0	16
2025-11-25	08:45:00	4139.81	4143.25	4138.93	4141.6	1096	0	16
2025-11-25	09:00:00	4141.5	4146.06	4139.75	4140.42	1203	0	10
2025-11-25	09:15:00	4140.46	4143.42	4135.16	4136.9	1134	0	5
2025-11-25	09:30:00	4136.89	4138.68	4130.85	4137.25	1218	0	16
2025-11-25	09:45:00	4137.35	4139.19	4130.21	4132.53	1231	0	5
2025-11-25	10:00:00	4132.77	4136.17	4131.64	4134.33	1242	0	16
2025-11-25	10:15:00	4134.38	4139.63	4134.38	4136.41	1188	0	9
2025-11-25	10:30:00	4136.39	4136.7	4120.78	4127.42	1190	0	11
2025-11-25	10:45:00	4127.43	4128.01	4109.01	4116.12	1279	0	5
2025-11-25	11:00:00	4116.29	4128.45	4113.76	4126.84	1254	0	6
2025-11-25	11:15:00	4126.92	4130.63	4122.85	4124.72	1236	0	16
2025-11-25	11:30:00	4124.99	4131.25	4121.85	4127.91	1223	0	15
2025-11-25	11:45:00	4127.9	4130.36	4126.02	4128.46	1224	0	9
2025-11-25	12:00:00	4128.41	4137.63	4127.52	4137.22	1141	0	16
2025-11-25	12:15:00	4137.58	4138.7	4129.11	4130.91	1212	0	16
2025-11-25	12:30:00	4130.83	4133.33	4128.25	4132.05	1150	0	16
2025-11-25	12:45:00	4132.03	4134.39	4127.48	4131.25	1169	0	16
2025-11-25	13:00:00	4131.3	4134.92	4127.65	4134.71	1162	0	6
2025-11-25	13:15:00	4134.71	4137.23	4128.82	4132.38	1183	0	5
2025-11-25	13:30:00	4132.42	4133.97	4129.37	4132.6	1152	0	16
2025-11-25	13:45:00	4132.56	4134.11	4130.07	4133.43	1130	0	16
2025-11-25	14:00:00	4133.81	4137.24	4133.22	4135.82	1094	0	16
2025-11-25	14:15:00	4135.86	4138.71	4132.72	4132.86	1183	0	16
2025-11-25	14:30:00	4133.18	4136.88	4117.06	4117.06	1215	0	10
2025-11-25	14:45:00	4116.4	4130.04	4115.99	4129.94	1370	0	5
2025-11-25	15:00:00	4130.17	4140.04	4129.38	4138.61	1299	0	16
2025-11-25	15:15:00	4138.4	4146.49	4137.89	4142.0	1314	0	8
2025-11-25	15:30:00	4141.73	4150.88	4141.73	4145.77	1299	0	16
2025-11-25	15:45:00	4145.82	4149.93	4144.16	4147.87	1264	0	7
2025-11-25	16:00:00	4147.69	4148.75	4138.58	4142.73	1249	0	10
2025-11-25	16:15:00	4142.66	4143.15	4133.53	4134.26	1266	0	8
2025-11-25	16:30:00	4134.48	4137.63	4117.63	4119.4	1449	0	5
2025-11-25	16:45:00	4119.76	4126.15	4111.53	4124.98	1408	0	5
2025-11-25	17:00:00	4125.13	4131.83	4117.99	4129.19	1362	0	10
2025-11-25	17:15:00	4129.29	4133.77	4125.22	4128.08	1341	0	10
2025-11-25	17:30:00	4128.06	4133.3	4127.31	4130.6	1247	0	17
2025-11-25	17:45:00	4130.68	4132.72	4120.67	4123.09	1296	0	16
2025-11-25	18:00:00	4122.66	4131.6	4122.14	4131.22	1272	0	8
2025-11-25	18:15:00	4131.33	4141.45	4131.17	4140.38	1311	0	8
2025-11-25	18:30:00	4140.49	4141.11	4136.53	4140.12	1187	0	14
2025-11-25	18:45:00	4140.1	4140.39	4134.59	4136.28	1133	0	16
2025-11-25	19:00:00	4136.11	4153.32	4136.0	4150.26	1434	0	5
2025-11-25	19:15:00	4150.35	4153.89	4145.4	4149.83	1138	0	17
2025-11-25	19:30:00	4149.9	4159.28	4148.85	4152.46	1313	0	15
2025-11-25	19:45:00	4152.58	4153.41	4144.34	4146.09	1247	0	6
2025-11-25	20:00:00	4146.08	4150.73	4141.91	4145.74	1257	0	9
2025-11-25	20:15:00	4145.42	4147.08	4141.84	4142.36	1207	0	16
2025-11-25	20:30:00	4142.34	4145.37	4134.52	4139.14	1118	0	5
2025-11-25	20:45:00	4139.2	4141.2	4132.47	4134.53	1063	0	5
2025-11-25	21:00:00	4134.33	4140.27	4132.04	4138.35	1139	0	16
2025-11-25	21:15:00	4138.34	4138.69	4128.52	4129.95	1145	0	5
2025-11-25	21:30:00	4129.94	4133.55	4129.02	4132.34	1119	0	16
2025-11-25	21:45:00	4132.34	4134.1	4129.51	4133.75	1082	0	17
2025-11-25	22:00:00	4134.34	4138.43	4133.7	4136.55	1137	0	16
2025-11-25	22:15:00	4136.58	4137.96	4132.18	4132.33	1065	0	16
2025-11-25	22:30:00	4132.33	4136.41	4130.68	4135.4	1090	0	5
2025-11-25	22:45:00	4135.29	4135.29	4130.56	4132.21	1155	0	16
2025-11-25	23:00:00	4132.19	4132.43	4127.61	4131.87	749	0	16
2025-11-25	23:15:00	4131.79	4132.38	4129.56	4130.28	803	0	16
2025-11-25	23:30:00	4130.26	4132.41	4129.6	4131.31	430	0	14
2025-11-25	23:45:00	4131.28	4131.59	4129.21	4130.59	467	0	17
2025-11-26	01:00:00	4134.09	4135.66	4132.01	4133.24	516	0	5
2025-11-26	01:15:00	4133.29	4137.0	4131.99	4133.33	687	0	15
2025-11-26	01:30:00	4133.34	4135.51	4129.74	4134.01	785	0	16
2025-11-26	01:45:00	4133.86	4133.86	4131.24	4133.5	640	0	16
2025-11-26	02:00:00	4133.74	4139.97	4132.71	4138.63	911	0	16
2025-11-26	02:15:00	4138.5	4142.68	4137.73	4141.88	938	0	5
2025-11-26	02:30:00	4141.82	4142.41	4137.99	4139.75	969	0	17
2025-11-26	02:45:00	4139.77	4144.39	4134.78	4142.92	1090	0	10
2025-11-26	03:00:00	4142.66	4145.58	4138.71	4140.44	1210	0	16
2025-11-26	03:15:00	4140.37	4147.29	4140.37	4144.97	1129	0	5
2025-11-26	03:30:00	4144.97	4151.49	4143.25	4150.35	1208	0	16
2025-11-26	03:45:00	4150.31	4152.87	4148.07	4148.43	1136	0	5
2025-11-26	04:00:00	4148.37	4153.55	4147.34	4150.56	1221	0	16
2025-11-26	04:15:00	4150.41	4164.55	4150.37	4162.5	1266	0	13
2025-11-26	04:30:00	4162.8	4166.47	4158.53	4161.96	1335	0	15
2025-11-26	04:45:00	4161.94	4166.79	4161.44	4161.64	1218	0	7
2025-11-26	05:00:00	4161.94	4169.02	4160.37	4165.45	1234	0	16
2025-11-26	05:15:00	4165.49	4166.04	4163.14	4164.23	1052	0	18
2025-11-26	05:30:00	4164.24	4167.48	4163.16	4165.9	1051	0	17
2025-11-26	05:45:00	4165.94	4169.35	4164.23	4165.98	1068	0	18
2025-11-26	06:00:00	4166.08	4167.09	4159.77	4161.77	1051	0	16
2025-11-26	06:15:00	4162.04	4162.31	4156.92	4157.3	1023	0	16
2025-11-26	06:30:00	4157.51	4161.01	4156.6	4160.3	988	0	16
2025-11-26	06:45:00	4160.29	4162.75	4157.78	4161.98	1041	0	10
2025-11-26	07:00:00	4162.19	4166.53	4160.82	4166.15	1045	0	16
2025-11-26	07:15:00	4166.22	4168.53	4164.43	4166.89	1106	0	7
2025-11-26	07:30:00	4166.88	4167.45	4160.3	4162.7	1208	0	16
2025-11-26	07:45:00	4162.6	4165.02	4161.05	4162.25	1029	0	6
2025-11-26	08:00:00	4162.12	4162.83	4157.32	4157.53	1191	0	16
2025-11-26	08:15:00	4157.58	4159.89	4153.09	4158.29	1265	0	16
2025-11-26	08:30:00	4158.24	4158.29	4146.6	4150.94	1234	0	5
2025-11-26	08:45:00	4150.91	4153.86	4148.78	4150.11	1138	0	7
2025-11-26	09:00:00	4150.12	4154.78	4149.23	4153.4	1128	0	16
2025-11-26	09:15:00	4153.4	4154.21	4149.92	4151.99	1033	0	16
2025-11-26	09:30:00	4151.98	4156.61	4151.03	4155.31	1101	0	11
2025-11-26	09:45:00	4155.51	4161.18	4155.1	4157.32	1111	0	6
2025-11-26	10:00:00	4157.34	4167.36	4156.89	4165.83	1248	0	5
2025-11-26	10:15:00	4165.82	4168.46	4164.78	4166.8	1171	0	10
2025-11-26	10:30:00	4166.57	4167.26	4155.98	4157.99	1226	0	12
2025-11-26	10:45:00	4158.02	4162.57	4154.96	4161.08	1242	0	8
2025-11-26	11:00:00	4161.14	4164.62	4157.69	4158.38	1151	0	5
2025-11-26	11:15:00	4158.35	4163.33	4156.78	4162.86	1155	0	16
2025-11-26	11:30:00	4163.04	4163.89	4160.01	4160.01	1074	0	9
2025-11-26	11:45:00	4160.17	4162.72	4157.81	4162.72	1181	0	16
2025-11-26	12:00:00	4162.81	4165.14	4161.57	4164.04	1140	0	16
2025-11-26	12:15:00	4163.85	4165.03	4160.25	4163.36	1097	0	16
2025-11-26	12:30:00	4162.96	4162.98	4156.61	4158.19	1152	0	16
2025-11-26	12:45:00	4158.21	4160.41	4156.11	4159.88	1045	0	16
2025-11-26	13:00:00	4159.96	4161.03	4157.74	4160.04	1012	0	15
2025-11-26	13:15:00	4159.94	4164.95	4159.94	4164.88	1100	0	5
2025-11-26	13:30:00	4164.87	4172.56	4164.8	4171.1	1243	0	5
2025-11-26	13:45:00	4171.27	4173.05	4166.18	4171.63	1251	0	16
2025-11-26	14:00:00	4171.68	4173.45	4167.9	4171.03	1292	0	5
2025-11-26	14:15:00	4171.06	4171.1	4159.69	4161.92	1200	0	16
2025-11-26	14:30:00	4162.03	4163.81	4155.82	4158.3	1318	0	6
2025-11-26	14:45:00	4158.14	4158.73	4149.04	4155.16	1319	0	11
2025-11-26	15:00:00	4155.14	4163.74	4153.28	4159.47	1334	0	7
2025-11-26	15:15:00	4159.41	4166.67	4157.6	4165.01	1308	0	6
2025-11-26	15:30:00	4165.26	4165.26	4153.39	4153.88	1413	0	10
2025-11-26	15:45:00	4153.81	4156.8	4149.21	4153.16	1370	0	11
2025-11-26	16:00:00	4153.3	4157.04	4139.92	4147.23	1378	0	5
2025-11-26	16:15:00	4147.33	4149.41	4141.9	4142.04	1304	0	16
2025-11-26	16:30:00	4141.85	4154.12	4141.85	4149.18	1429	0	16
2025-11-26	16:45:00	4149.12	4152.38	4142.02	4142.26	1430	0	7
2025-11-26	17:00:00	4141.13	4152.17	4136.7	4152.13	1467	0	9
2025-11-26	17:15:00	4152.01	4158.25	4152.01	4156.79	1398	0	16
2025-11-26	17:30:00	4156.68	4163.76	4155.66	4162.13	1387	0	16
2025-11-26	17:45:00	4162.05	4165.67	4158.04	4165.2	1356	0	7
2025-11-26	18:00:00	4165.45	4165.63	4160.81	4162.28	1304	0	16
2025-11-26	18:15:00	4162.13	4164.98	4161.72	4162.03	1279	0	14
2025-11-26	18:30:00	4161.99	4168.38	4161.12	4167.24	1268	0	16
2025-11-26	18:45:00	4167.22	4168.25	4164.57	4167.02	1268	0	9
2025-11-26	19:00:00	4167.02	4168.25	4165.19	4165.82	1137	0	5
2025-11-26	19:15:00	4165.88	4169.61	4165.06	4167.78	1213	0	7
2025-11-26	19:30:00	4167.84	4169.09	4165.64	4168.85	1229	0	16
2025-11-26	19:45:00	4168.93	4169.54	4165.84	4167.18	1134	0	10
2025-11-26	20:00:00	4167.21	4171.64	4167.05	4170.94	1262	0	6
2025-11-26	20:15:00	4171.08	4171.27	4167.07	4167.98	1242	0	16
2025-11-26	20:30:00	4167.88	4168.65	4158.49	4159.41	1347	0	12
2025-11-26	20:45:00	4159.35	4165.15	4157.96	4164.65	1189	0	5
2025-11-26	21:00:00	4164.64	4168.93	4164.1	4166.74	1122	0	8
2025-11-26	21:15:00	4166.71	4170.05	4166.24	4167.51	1019	0	5
2025-11-26	21:30:00	4167.54	4168.28	4162.48	4163.61	1052	0	17
2025-11-26	21:45:00	4163.79	4166.09	4162.48	4163.28	1112	0	5
2025-11-26	22:00:00	4163.27	4166.0	4161.32	4164.55	1105	0	11
2025-11-26	22:15:00	4164.55	4167.43	4164.44	4165.21	987	0	5
2025-11-26	22:30:00	4165.14	4167.43	4163.98	4166.43	1082	0	6
2025-11-26	22:45:00	4166.44	4167.11	4161.8	4164.07	1250	0	5
2025-11-26	23:00:00	4164.02	4164.08	4162.2	4163.53	692	0	5
2025-11-26	23:15:00	4163.55	4164.92	4162.49	4163.95	636	0	9
2025-11-26	23:30:00	4163.77	4167.58	4162.85	4164.63	620	0	17
2025-11-26	23:45:00	4164.76	4165.65	4163.17	4163.65	561	0	17
2025-11-27	01:00:00	4163.05	4168.86	4162.49	4166.91	796	0	5
2025-11-27	01:15:00	4166.85	4168.34	4163.71	4164.41	513	0	5
2025-11-27	01:30:00	4164.43	4165.22	4162.53	4165.11	677	0	17
2025-11-27	01:45:00	4165.1	4167.97	4164.76	4164.96	712	0	17
2025-11-27	02:00:00	4164.85	4167.36	4162.49	4165.13	975	0	17
2025-11-27	02:15:00	4165.14	4167.09	4163.69	4166.32	537	0	17
2025-11-27	02:30:00	4166.5	4166.98	4164.51	4165.68	613	0	17
2025-11-27	02:45:00	4165.78	4165.78	4162.04	4164.63	737	0	5
2025-11-27	03:00:00	4164.57	4165.19	4156.94	4157.66	1284	0	17
2025-11-27	03:15:00	4157.58	4159.05	4148.94	4153.69	1372	0	5
2025-11-27	03:30:00	4153.71	4156.48	4151.57	4152.38	1208	0	16
2025-11-27	03:45:00	4152.35	4154.36	4148.74	4154.25	1166	0	17
2025-11-27	04:00:00	4154.63	4156.15	4150.79	4152.95	1130	0	16
2025-11-27	04:15:00	4152.96	4154.35	4149.53	4152.84	923	0	16
2025-11-27	04:30:00	4152.88	4154.92	4149.48	4153.0	1068	0	16
2025-11-27	04:45:00	4153.02	4154.98	4144.56	4145.34	1177	0	15
2025-11-27	05:00:00	4145.37	4149.21	4144.17	4148.18	1131	0	17
2025-11-27	05:15:00	4148.24	4150.58	4147.63	4148.18	891	0	8
2025-11-27	05:30:00	4148.01	4149.81	4146.79	4147.99	903	0	16
2025-11-27	05:45:00	4148.13	4149.75	4145.95	4147.42	911	0	16
2025-11-27	06:00:00	4147.27	4147.82	4142.58	4147.14	1075	0	16
2025-11-27	06:15:00	4147.3	4149.71	4146.28	4149.61	844	0	16
2025-11-27	06:30:00	4149.61	4154.65	4149.58	4152.09	966	0	5
2025-11-27	06:45:00	4152.06	4154.46	4149.3	4150.93	982	0	16
2025-11-27	07:00:00	4150.92	4154.6	4150.92	4152.85	864	0	16
2025-11-27	07:15:00	4152.72	4154.17	4150.57	4152.77	915	0	17
2025-11-27	07:30:00	4152.76	4153.5	4148.17	4148.33	1044	0	17
2025-11-27	07:45:00	4148.24	4148.87	4144.84	4147.23	1066	0	7
2025-11-27	08:00:00	4147.25	4154.6	4147.14	4153.36	1142	0	7
2025-11-27	08:15:00	4153.28	4156.97	4152.45	4156.84	1213	0	6
2025-11-27	08:30:00	4156.88	4157.94	4153.44	4153.94	1186	0	8
2025-11-27	08:45:00	4153.96	4159.18	4152.9	4157.44	1181	0	5
2025-11-27	09:00:00	4157.4	4161.08	4155.59	4161.08	1066	0	16
2025-11-27	09:15:00	4161.06	4162.09	4158.96	4159.29	1222	0	5
2025-11-27	09:30:00	4159.33	4160.46	4157.48	4158.9	1180	0	16
2025-11-27	09:45:00	4158.99	4160.25	4158.01	4160.14	1149	0	17
2025-11-27	10:00:00	4160.21	4164.48	4159.74	4163.42	1253	0	10
2025-11-27	10:15:00	4163.42	4165.55	4161.77	4165.05	1253	0	16
2025-11-27	10:30:00	4165.05	4166.38	4163.36	4163.5	1126	0	7
2025-11-27	10:45:00	4163.47	4167.19	4163.22	4165.78	1108	0	12
2025-11-27	11:00:00	4165.69	4165.69	4154.39	4155.25	1250	0	12
2025-11-27	11:15:00	4155.25	4157.02	4148.48	4154.82	1338	0	5
2025-11-27	11:30:00	4154.85	4157.76	4153.1	4157.3	1116	0	16
2025-11-27	11:45:00	4157.38	4160.57	4155.63	4158.7	1125	0	5
2025-11-27	12:00:00	4159.09	4160.53	4155.77	4156.1	1166	0	16
2025-11-27	12:15:00	4156.13	4156.99	4153.04	4153.04	1120	0	16
2025-11-27	12:30:00	4152.35	4155.44	4152.35	4153.95	1024	0	16
2025-11-27	12:45:00	4153.99	4157.09	4153.32	4156.51	1004	0	17
2025-11-27	13:00:00	4156.36	4159.62	4155.79	4157.65	1056	0	5
2025-11-27	13:15:00	4157.96	4159.74	4156.44	4158.83	1028	0	11
2025-11-27	13:30:00	4158.86	4162.43	4158.36	4160.81	1043	0	7
2025-11-27	13:45:00	4160.78	4162.23	4157.33	4157.4	1054	0	17
2025-11-27	14:00:00	4157.41	4159.18	4156.0	4157.7	919	0	14
2025-11-27	14:15:00	4157.85	4158.73	4155.86	4156.9	815	0	18
2025-11-27	14:30:00	4156.89	4158.5	4154.8	4155.87	916	0	17
2025-11-27	14:45:00	4155.86	4158.52	4153.75	4154.01	1019	0	16
2025-11-27	15:00:00	4154.03	4154.23	4149.26	4151.29	1304	0	16
2025-11-27	15:15:00	4151.15	4153.69	4149.47	4152.39	1273	0	16
2025-11-27	15:30:00	4152.38	4158.01	4152.03	4155.98	1249	0	7
2025-11-27	15:45:00	4155.99	4156.73	4152.78	4154.93	1154	0	9
2025-11-27	16:00:00	4155.05	4158.67	4153.93	4158.18	1170	0	12
2025-11-27	16:15:00	4158.17	4160.62	4157.11	4157.33	1154	0	8
2025-11-27	16:30:00	4157.45	4159.01	4152.81	4157.42	1207	0	16
2025-11-27	16:45:00	4157.51	4159.08	4153.22	4153.31	1246	0	16
2025-11-27	17:00:00	4153.14	4158.48	4153.14	4157.27	1153	0	16
2025-11-27	17:15:00	4157.35	4161.81	4157.2	4161.0	1072	0	5
2025-11-27	17:30:00	4161.01	4161.01	4158.31	4159.91	1079	0	8
2025-11-27	17:45:00	4159.75	4160.78	4157.07	4157.98	1108	0	16
2025-11-27	18:00:00	4157.98	4158.37	4153.57	4155.49	1117	0	12
2025-11-27	18:15:00	4155.55	4155.87	4151.43	4154.32	1039	0	14
2025-11-27	18:30:00	4154.31	4155.73	4154.07	4155.23	772	0	17
2025-11-27	18:45:00	4155.22	4157.79	4154.68	4156.38	800	0	7
2025-11-27	19:00:00	4156.39	4157.36	4154.8	4155.28	608	0	14
2025-11-27	19:15:00	4155.12	4157.07	4154.63	4156.7	718	0	17
2025-11-27	19:30:00	4156.66	4158.0	4156.44	4157.45	725	0	17
2025-11-27	19:45:00	4157.43	4159.21	4157.06	4157.72	714	0	17
2025-11-27	20:00:00	4157.71	4158.42	4156.26	4156.88	611	0	16
2025-11-27	20:15:00	4156.94	4157.72	4155.76	4156.24	599	0	16
2025-11-27	20:30:00	4156.25	4158.06	4156.19	4157.35	500	0	16
2025-11-27	20:45:00	4157.34	4159.77	4157.24	4159.2	611	0	16
2025-11-27	21:00:00	4159.19	4160.38	4159.11	4159.61	619	0	5
2025-11-27	21:15:00	4159.63	4159.99	4157.13	4157.13	526	0	17
2025-11-27	21:30:00	4156.82	4156.82	4156.82	4156.82	9	0	132
2025-11-27	21:45:00	4156.82	4156.82	4156.82	4156.82	8	0	192
2025-11-27	22:00:00	4156.82	4156.82	4156.31	4156.31	51	0	101
2025-11-27	22:15:00	4156.36	4156.89	4156.18	4156.26	32	0	103
2025-11-27	22:30:00	4156.26	4156.35	4156.26	4156.35	12	0	165
2025-11-27	22:45:00	4156.35	4156.35	4156.26	4156.26	14	0	165
2025-11-27	23:00:00	4156.26	4156.4	4156.26	4156.28	9	0	159
2025-11-27	23:15:00	4156.28	4156.42	4156.26	4156.32	25	0	146
2025-11-27	23:30:00	4156.32	4156.77	4156.28	4156.31	27	0	113
2025-11-27	23:45:00	4156.31	4156.31	4154.36	4155.27	20	0	155
2025-11-28	01:00:00	4158.28	4162.97	4157.95	4162.7	624	0	5
2025-11-28	01:15:00	4162.77	4163.32	4160.93	4162.65	584	0	10
2025-11-28	01:30:00	4162.7	4163.77	4161.94	4162.8	597	0	17
2025-11-28	01:45:00	4162.73	4164.04	4162.46	4163.32	650	0	16
2025-11-28	02:00:00	4163.42	4168.64	4163.1	4167.91	1030	0	7
2025-11-28	02:15:00	4167.86	4171.71	4166.67	4170.65	1041	0	12
2025-11-28	02:30:00	4170.73	4182.81	4170.56	4178.99	1365	0	5
2025-11-28	02:45:00	4179.0	4182.51	4178.12	4180.58	1160	0	13
2025-11-28	03:00:00	4180.57	4191.61	4180.57	4186.34	1368	0	7
2025-11-28	03:15:00	4186.25	4189.79	4183.1	4187.29	1262	0	5
2025-11-28	03:30:00	4186.97	4193.0	4186.16	4192.48	1179	0	5
2025-11-28	03:45:00	4192.47	4192.94	4190.12	4191.09	1105	0	5
2025-11-28	04:00:00	4191.08	4191.15	4187.15	4189.52	1212	0	5
2025-11-28	04:15:00	4189.39	4191.96	4188.67	4189.97	965	0	17
2025-11-28	04:30:00	4190.0	4190.54	4185.77	4187.87	1185	0	16
2025-11-28	04:45:00	4187.7	4189.87	4187.23	4189.53	848	0	9
2025-11-28	05:00:00	4189.42	4191.71	4184.71	4187.82	541	0	16
2025-11-28	05:15:00	4188.01	4188.01	4186.02	4187.81	509	0	10
2025-11-28	05:30:00	4188.26	4189.18	4183.24	4183.46	662	0	5
2025-11-28	05:45:00	4183.45	4185.64	4182.9	4184.24	598	0	16
2025-11-28	06:00:00	4184.23	4187.21	4182.64	4186.28	862	0	5
2025-11-28	06:15:00	4186.37	4186.69	4178.56	4181.16	833	0	17
2025-11-28	06:30:00	4180.93	4186.31	4178.9	4185.95	751	0	18
2025-11-28	06:45:00	4185.94	4188.67	4185.91	4188.4	533	0	18
2025-11-28	07:00:00	4188.37	4188.95	4172.66	4182.89	879	0	13
2025-11-28	07:15:00	4182.89	4187.95	4177.36	4185.04	855	0	12
2025-11-28	07:30:00	4184.96	4185.76	4183.39	4185.11	224	0	8
2025-11-28	07:45:00	4185.11	4185.73	4181.99	4182.68	135	0	5
2025-11-28	08:00:00	4182.21	4183.66	4181.24	4183.49	152	0	5
2025-11-28	08:15:00	4183.24	4184.74	4181.99	4184.49	145	0	40
2025-11-28	08:30:00	4184.49	4187.99	4184.49	4187.24	114	0	53
2025-11-28	08:45:00	4187.24	4188.49	4186.74	4186.99	163	0	53
2025-11-28	09:00:00	4187.24	4187.49	4184.24	4185.24	130	0	28
2025-11-28	09:15:00	4185.24	4186.24	4181.74	4182.24	102	0	53
2025-11-28	09:30:00	4182.24	4182.99	4178.24	4178.49	251	0	78
2025-11-28	09:45:00	4178.24	4178.49	4173.38	4174.83	184	0	5
2025-11-28	10:00:00	4174.49	4176.49	4168.98	4172.24	80	0	5
2025-11-28	10:15:00	4165.41	4167.48	4153.9	4158.24	60	0	193
2025-11-28	10:30:00	4159.83	4170.18	4154.9	4158.0	80	0	21
2025-11-28	10:45:00	4159.39	4173.18	4154.0	4164.56	34	0	21
2025-11-28	11:00:00	4167.09	4167.93	4159.81	4162.49	291	0	21
2025-11-28	11:15:00	4156.9	4165.43	4155.9	4160.96	188	0	21
2025-11-28	11:30:00	4156.98	4165.99	4156.39	4163.11	98	0	21
2025-11-28	11:45:00	4163.11	4166.25	4161.86	4165.33	71	0	229
2025-11-28	12:00:00	4165.43	4175.3	4165.35	4172.78	729	0	5
2025-11-28	12:15:00	4172.98	4178.48	4167.58	4168.56	1017	0	5
2025-11-28	12:30:00	4168.58	4170.09	4160.77	4166.09	1033	0	5
2025-11-28	12:45:00	4166.29	4170.41	4162.47	4163.84	754	0	5
2025-11-28	13:00:00	4163.84	4173.85	4162.89	4171.8	959	0	8
2025-11-28	13:15:00	4171.85	4179.91	4171.75	4174.13	913	0	5
2025-11-28	13:30:00	4174.23	4177.38	4173.58	4174.48	1107	0	11
2025-11-28	13:45:00	4174.63	4175.99	4171.99	4171.99	900	0	10
2025-11-28	14:00:00	4171.99	4178.17	4168.93	4176.89	722	0	5
2025-11-28	14:15:00	4176.89	4177.84	4171.72	4174.65	515	0	5
2025-11-28	14:30:00	4174.67	4175.52	4173.42	4174.77	486	0	5
2025-11-28	14:45:00	4174.74	4177.07	4173.97	4176.52	575	0	20
2025-11-28	15:00:00	4176.42	4178.48	4172.14	4173.34	619	0	18
2025-11-28	15:15:00	4173.02	4174.03	4168.65	4170.43	589	0	7
2025-11-28	15:30:00	4170.31	4178.1	4169.36	4173.45	704	0	5
2025-11-28	15:45:00	4173.95	4182.85	4171.82	4182.55	917	0	5
2025-11-28	16:00:00	4182.9	4191.83	4182.7	4191.63	1212	0	6
2025-11-28	16:15:00	4191.7	4199.98	4190.65	4196.54	1318	0	5
2025-11-28	16:30:00	4196.76	4208.62	4194.79	4199.53	1358	0	5
2025-11-28	16:45:00	4199.28	4202.6	4194.81	4198.18	1383	0	5
2025-11-28	17:00:00	4198.13	4198.7	4185.75	4189.51	1341	0	5
2025-11-28	17:15:00	4189.52	4197.76	4185.9	4196.6	1419	0	5
2025-11-28	17:30:00	4196.97	4198.64	4193.89	4197.44	1419	0	5
2025-11-28	17:45:00	4197.19	4203.94	4196.28	4203.58	1372	0	5
2025-11-28	18:00:00	4203.79	4206.0	4197.47	4199.78	1402	0	5
2025-11-28	18:15:00	4199.67	4211.29	4198.99	4209.56	1413	0	5
2025-11-28	18:30:00	4209.46	4210.81	4202.48	4206.27	1362	0	6
2025-11-28	18:45:00	4206.29	4209.39	4204.97	4206.23	1297	0	5
2025-11-28	19:00:00	4207.3	4211.43	4204.31	4207.17	1403	0	5
2025-11-28	19:15:00	4207.16	4208.86	4205.45	4206.7	1307	0	9
2025-11-28	19:30:00	4206.24	4212.36	4206.2	4212.01	1343	0	17
2025-11-28	19:45:00	4212.02	4216.88	4210.84	4216.88	1374	0	5
2025-11-28	20:00:00	4216.49	4217.35	4211.02	4215.27	1330	0	5
2025-11-28	20:15:00	4215.34	4221.17	4214.62	4220.05	1193	0	16
2025-11-28	20:30:00	4220.12	4226.62	4218.87	4221.74	1126	0	10
2025-11-28	20:45:00	4221.43	4223.57	4219.53	4220.4	888	0	12
2025-11-28	21:00:00	4220.39	4222.1	4218.68	4219.13	1018	0	10
2025-11-28	21:15:00	4219.13	4219.63	4216.18	4217.8	858	0	6
2025-11-28	21:30:00	4217.71	4221.25	4216.87	4219.09	943	0	5
